Fitter report for datapath
Fri Aug 29 11:56:43 2025
Quartus Prime Version 24.1std.0 Build 1077 03/04/2025 SC Lite Edition


---------------------
; Table of Contents ;
---------------------
  1. Legal Notice
  2. Fitter Summary
  3. Fitter Settings
  4. Parallel Compilation
  5. Incremental Compilation Preservation Summary
  6. Incremental Compilation Partition Settings
  7. Incremental Compilation Placement Preservation
  8. Pin-Out File
  9. Fitter Resource Usage Summary
 10. Fitter Partition Statistics
 11. Input Pins
 12. Output Pins
 13. Dual Purpose and Dedicated Pins
 14. I/O Bank Usage
 15. All Package Pins
 16. I/O Assignment Warnings
 17. Fitter Resource Utilization by Entity
 18. Delay Chain Summary
 19. Pad To Core Delay Chain Fanout
 20. Routing Usage Summary
 21. LAB Logic Elements
 22. LAB Signals Sourced
 23. LAB Signals Sourced Out
 24. LAB Distinct Inputs
 25. I/O Rules Summary
 26. I/O Rules Details
 27. I/O Rules Matrix
 28. Fitter Device Options
 29. Operating Settings and Conditions
 30. Fitter Messages
 31. Fitter Suppressed Messages



----------------
; Legal Notice ;
----------------
Copyright (C) 2025  Altera Corporation. All rights reserved.
Your use of Altera Corporation's design tools, logic functions 
and other software and tools, and any partner logic 
functions, and any output files from any of the foregoing 
(including device programming or simulation files), and any 
associated documentation or information are expressly subject 
to the terms and conditions of the Altera Program License 
Subscription Agreement, the Altera Quartus Prime License Agreement,
the Altera IP License Agreement, or other applicable license
agreement, including, without limitation, that your use is for
the sole purpose of programming logic devices manufactured by
Altera and sold by Altera or its authorized distributors.  Please
refer to the Altera Software License Subscription Agreements 
on the Quartus Prime software download page.



+--------------------------------------------------------------------------------------+
; Fitter Summary                                                                       ;
+------------------------------------+-------------------------------------------------+
; Fitter Status                      ; Successful - Fri Aug 29 11:56:43 2025           ;
; Quartus Prime Version              ; 24.1std.0 Build 1077 03/04/2025 SC Lite Edition ;
; Revision Name                      ; datapath                                        ;
; Top-level Entity Name              ; ALU                                             ;
; Family                             ; Cyclone IV E                                    ;
; Device                             ; EP4CE6F17C6                                     ;
; Timing Models                      ; Final                                           ;
; Total logic elements               ; 414 / 6,272 ( 7 % )                             ;
;     Total combinational functions  ; 414 / 6,272 ( 7 % )                             ;
;     Dedicated logic registers      ; 0 / 6,272 ( 0 % )                               ;
; Total registers                    ; 0                                               ;
; Total pins                         ; 100 / 180 ( 56 % )                              ;
; Total virtual pins                 ; 0                                               ;
; Total memory bits                  ; 0 / 276,480 ( 0 % )                             ;
; Embedded Multiplier 9-bit elements ; 0 / 30 ( 0 % )                                  ;
; Total PLLs                         ; 0 / 2 ( 0 % )                                   ;
+------------------------------------+-------------------------------------------------+


+----------------------------------------------------------------------------------------------------------------------------------------------------+
; Fitter Settings                                                                                                                                    ;
+--------------------------------------------------------------------+---------------------------------------+---------------------------------------+
; Option                                                             ; Setting                               ; Default Value                         ;
+--------------------------------------------------------------------+---------------------------------------+---------------------------------------+
; Device                                                             ; auto                                  ;                                       ;
; Fit Attempts to Skip                                               ; 0                                     ; 0.0                                   ;
; Use smart compilation                                              ; Off                                   ; Off                                   ;
; Enable parallel Assembler and Timing Analyzer during compilation   ; On                                    ; On                                    ;
; Enable compact report table                                        ; Off                                   ; Off                                   ;
; Auto Merge PLLs                                                    ; On                                    ; On                                    ;
; Router Timing Optimization Level                                   ; Normal                                ; Normal                                ;
; Perform Clocking Topology Analysis During Routing                  ; Off                                   ; Off                                   ;
; Placement Effort Multiplier                                        ; 1.0                                   ; 1.0                                   ;
; Router Effort Multiplier                                           ; 1.0                                   ; 1.0                                   ;
; Optimize Hold Timing                                               ; All Paths                             ; All Paths                             ;
; Optimize Multi-Corner Timing                                       ; On                                    ; On                                    ;
; Power Optimization During Fitting                                  ; Normal compilation                    ; Normal compilation                    ;
; SSN Optimization                                                   ; Off                                   ; Off                                   ;
; Optimize Timing                                                    ; Normal compilation                    ; Normal compilation                    ;
; Optimize Timing for ECOs                                           ; Off                                   ; Off                                   ;
; Regenerate Full Fit Report During ECO Compiles                     ; Off                                   ; Off                                   ;
; Optimize IOC Register Placement for Timing                         ; Normal                                ; Normal                                ;
; Limit to One Fitting Attempt                                       ; Off                                   ; Off                                   ;
; Final Placement Optimizations                                      ; Automatically                         ; Automatically                         ;
; Fitter Aggressive Routability Optimizations                        ; Automatically                         ; Automatically                         ;
; Fitter Initial Placement Seed                                      ; 1                                     ; 1                                     ;
; Periphery to Core Placement and Routing Optimization               ; Off                                   ; Off                                   ;
; PCI I/O                                                            ; Off                                   ; Off                                   ;
; Weak Pull-Up Resistor                                              ; Off                                   ; Off                                   ;
; Enable Bus-Hold Circuitry                                          ; Off                                   ; Off                                   ;
; Auto Packed Registers                                              ; Auto                                  ; Auto                                  ;
; Auto Delay Chains                                                  ; On                                    ; On                                    ;
; Auto Delay Chains for High Fanout Input Pins                       ; Off                                   ; Off                                   ;
; Allow Single-ended Buffer for Differential-XSTL Input              ; Off                                   ; Off                                   ;
; Treat Bidirectional Pin as Output Pin                              ; Off                                   ; Off                                   ;
; Perform Physical Synthesis for Combinational Logic for Fitting     ; Off                                   ; Off                                   ;
; Perform Physical Synthesis for Combinational Logic for Performance ; Off                                   ; Off                                   ;
; Perform Register Duplication for Performance                       ; Off                                   ; Off                                   ;
; Perform Logic to Memory Mapping for Fitting                        ; Off                                   ; Off                                   ;
; Perform Register Retiming for Performance                          ; Off                                   ; Off                                   ;
; Perform Asynchronous Signal Pipelining                             ; Off                                   ; Off                                   ;
; Fitter Effort                                                      ; Auto Fit                              ; Auto Fit                              ;
; Physical Synthesis Effort Level                                    ; Normal                                ; Normal                                ;
; Logic Cell Insertion - Logic Duplication                           ; Auto                                  ; Auto                                  ;
; Auto Register Duplication                                          ; Auto                                  ; Auto                                  ;
; Auto Global Clock                                                  ; On                                    ; On                                    ;
; Auto Global Register Control Signals                               ; On                                    ; On                                    ;
; Reserve all unused pins                                            ; As input tri-stated with weak pull-up ; As input tri-stated with weak pull-up ;
; Synchronizer Identification                                        ; Auto                                  ; Auto                                  ;
; Enable Beneficial Skew Optimization                                ; On                                    ; On                                    ;
; Optimize Design for Metastability                                  ; On                                    ; On                                    ;
; Force Fitter to Avoid Periphery Placement Warnings                 ; Off                                   ; Off                                   ;
; Enable input tri-state on active configuration pins in user mode   ; Off                                   ; Off                                   ;
+--------------------------------------------------------------------+---------------------------------------+---------------------------------------+


+------------------------------------------+
; Parallel Compilation                     ;
+----------------------------+-------------+
; Processors                 ; Number      ;
+----------------------------+-------------+
; Number detected on machine ; 16          ;
; Maximum allowed            ; 12          ;
;                            ;             ;
; Average used               ; 1.08        ;
; Maximum used               ; 12          ;
;                            ;             ;
; Usage by Processor         ; % Time Used ;
;     Processor 1            ; 100.0%      ;
;     Processors 2-12        ;   0.7%      ;
+----------------------------+-------------+


+--------------------------------------------------------------------------------------------------+
; Incremental Compilation Preservation Summary                                                     ;
+---------------------+--------------------+----------------------------+--------------------------+
; Type                ; Total [A + B]      ; From Design Partitions [A] ; From Rapid Recompile [B] ;
+---------------------+--------------------+----------------------------+--------------------------+
; Placement (by node) ;                    ;                            ;                          ;
;     -- Requested    ; 0.00 % ( 0 / 625 ) ; 0.00 % ( 0 / 625 )         ; 0.00 % ( 0 / 625 )       ;
;     -- Achieved     ; 0.00 % ( 0 / 625 ) ; 0.00 % ( 0 / 625 )         ; 0.00 % ( 0 / 625 )       ;
;                     ;                    ;                            ;                          ;
; Routing (by net)    ;                    ;                            ;                          ;
;     -- Requested    ; 0.00 % ( 0 / 0 )   ; 0.00 % ( 0 / 0 )           ; 0.00 % ( 0 / 0 )         ;
;     -- Achieved     ; 0.00 % ( 0 / 0 )   ; 0.00 % ( 0 / 0 )           ; 0.00 % ( 0 / 0 )         ;
+---------------------+--------------------+----------------------------+--------------------------+


+----------------------------------------------------------------------------------------------------------------------------------------------------------------------------------------+
; Incremental Compilation Partition Settings                                                                                                                                             ;
+--------------------------------+----------------+-------------------+-------------------------+------------------------+------------------------------+--------------------------------+
; Partition Name                 ; Partition Type ; Netlist Type Used ; Preservation Level Used ; Netlist Type Requested ; Preservation Level Requested ; Contents                       ;
+--------------------------------+----------------+-------------------+-------------------------+------------------------+------------------------------+--------------------------------+
; Top                            ; User-created   ; Source File       ; N/A                     ; Source File            ; N/A                          ;                                ;
; hard_block:auto_generated_inst ; Auto-generated ; Source File       ; N/A                     ; Source File            ; N/A                          ; hard_block:auto_generated_inst ;
+--------------------------------+----------------+-------------------+-------------------------+------------------------+------------------------------+--------------------------------+


+------------------------------------------------------------------------------------------------------------------------------------+
; Incremental Compilation Placement Preservation                                                                                     ;
+--------------------------------+-----------------------+-------------------------+-------------------+---------------------+-------+
; Partition Name                 ; Preservation Achieved ; Preservation Level Used ; Netlist Type Used ; Preservation Method ; Notes ;
+--------------------------------+-----------------------+-------------------------+-------------------+---------------------+-------+
; Top                            ; 0.00 % ( 0 / 615 )    ; N/A                     ; Source File       ; N/A                 ;       ;
; hard_block:auto_generated_inst ; 0.00 % ( 0 / 10 )     ; N/A                     ; Source File       ; N/A                 ;       ;
+--------------------------------+-----------------------+-------------------------+-------------------+---------------------+-------+


+--------------+
; Pin-Out File ;
+--------------+
The pin-out file can be found in E:/datapath/output_files/datapath.pin.


+-------------------------------------------------------------------+
; Fitter Resource Usage Summary                                     ;
+---------------------------------------------+---------------------+
; Resource                                    ; Usage               ;
+---------------------------------------------+---------------------+
; Total logic elements                        ; 414 / 6,272 ( 7 % ) ;
;     -- Combinational with no register       ; 414                 ;
;     -- Register only                        ; 0                   ;
;     -- Combinational with a register        ; 0                   ;
;                                             ;                     ;
; Logic element usage by number of LUT inputs ;                     ;
;     -- 4 input functions                    ; 155                 ;
;     -- 3 input functions                    ; 193                 ;
;     -- <=2 input functions                  ; 66                  ;
;     -- Register only                        ; 0                   ;
;                                             ;                     ;
; Logic elements by mode                      ;                     ;
;     -- normal mode                          ; 320                 ;
;     -- arithmetic mode                      ; 94                  ;
;                                             ;                     ;
; Total registers*                            ; 0 / 7,124 ( 0 % )   ;
;     -- Dedicated logic registers            ; 0 / 6,272 ( 0 % )   ;
;     -- I/O registers                        ; 0 / 852 ( 0 % )     ;
;                                             ;                     ;
; Total LABs:  partially or completely used   ; 27 / 392 ( 7 % )    ;
; Virtual pins                                ; 0                   ;
; I/O pins                                    ; 100 / 180 ( 56 % )  ;
;     -- Clock pins                           ; 1 / 3 ( 33 % )      ;
;     -- Dedicated input pins                 ; 0 / 9 ( 0 % )       ;
;                                             ;                     ;
; M9Ks                                        ; 0 / 30 ( 0 % )      ;
; Total block memory bits                     ; 0 / 276,480 ( 0 % ) ;
; Total block memory implementation bits      ; 0 / 276,480 ( 0 % ) ;
; Embedded Multiplier 9-bit elements          ; 0 / 30 ( 0 % )      ;
; PLLs                                        ; 0 / 2 ( 0 % )       ;
; Global signals                              ; 0                   ;
;     -- Global clocks                        ; 0 / 10 ( 0 % )      ;
; JTAGs                                       ; 0 / 1 ( 0 % )       ;
; CRC blocks                                  ; 0 / 1 ( 0 % )       ;
; ASMI blocks                                 ; 0 / 1 ( 0 % )       ;
; Oscillator blocks                           ; 0 / 1 ( 0 % )       ;
; Impedance control blocks                    ; 0 / 4 ( 0 % )       ;
; Average interconnect usage (total/H/V)      ; 2.2% / 2.2% / 2.4%  ;
; Peak interconnect usage (total/H/V)         ; 4.7% / 4.5% / 5.0%  ;
; Maximum fan-out                             ; 60                  ;
; Highest non-global fan-out                  ; 60                  ;
; Total fan-out                               ; 1469                ;
; Average fan-out                             ; 2.35                ;
+---------------------------------------------+---------------------+
*  Register count does not include registers inside RAM blocks or DSP blocks.



+---------------------------------------------------------------------------------------------------+
; Fitter Partition Statistics                                                                       ;
+---------------------------------------------+--------------------+--------------------------------+
; Statistic                                   ; Top                ; hard_block:auto_generated_inst ;
+---------------------------------------------+--------------------+--------------------------------+
; Difficulty Clustering Region                ; Low                ; Low                            ;
;                                             ;                    ;                                ;
; Total logic elements                        ; 414 / 6272 ( 7 % ) ; 0 / 6272 ( 0 % )               ;
;     -- Combinational with no register       ; 414                ; 0                              ;
;     -- Register only                        ; 0                  ; 0                              ;
;     -- Combinational with a register        ; 0                  ; 0                              ;
;                                             ;                    ;                                ;
; Logic element usage by number of LUT inputs ;                    ;                                ;
;     -- 4 input functions                    ; 155                ; 0                              ;
;     -- 3 input functions                    ; 193                ; 0                              ;
;     -- <=2 input functions                  ; 66                 ; 0                              ;
;     -- Register only                        ; 0                  ; 0                              ;
;                                             ;                    ;                                ;
; Logic elements by mode                      ;                    ;                                ;
;     -- normal mode                          ; 320                ; 0                              ;
;     -- arithmetic mode                      ; 94                 ; 0                              ;
;                                             ;                    ;                                ;
; Total registers                             ; 0                  ; 0                              ;
;     -- Dedicated logic registers            ; 0 / 6272 ( 0 % )   ; 0 / 6272 ( 0 % )               ;
;     -- I/O registers                        ; 0                  ; 0                              ;
;                                             ;                    ;                                ;
; Total LABs:  partially or completely used   ; 27 / 392 ( 7 % )   ; 0 / 392 ( 0 % )                ;
;                                             ;                    ;                                ;
; Virtual pins                                ; 0                  ; 0                              ;
; I/O pins                                    ; 100                ; 0                              ;
; Embedded Multiplier 9-bit elements          ; 0 / 30 ( 0 % )     ; 0 / 30 ( 0 % )                 ;
; Total memory bits                           ; 0                  ; 0                              ;
; Total RAM block bits                        ; 0                  ; 0                              ;
;                                             ;                    ;                                ;
; Connections                                 ;                    ;                                ;
;     -- Input Connections                    ; 0                  ; 0                              ;
;     -- Registered Input Connections         ; 0                  ; 0                              ;
;     -- Output Connections                   ; 0                  ; 0                              ;
;     -- Registered Output Connections        ; 0                  ; 0                              ;
;                                             ;                    ;                                ;
; Internal Connections                        ;                    ;                                ;
;     -- Total Connections                    ; 1464               ; 5                              ;
;     -- Registered Connections               ; 0                  ; 0                              ;
;                                             ;                    ;                                ;
; External Connections                        ;                    ;                                ;
;     -- Top                                  ; 0                  ; 0                              ;
;     -- hard_block:auto_generated_inst       ; 0                  ; 0                              ;
;                                             ;                    ;                                ;
; Partition Interface                         ;                    ;                                ;
;     -- Input Ports                          ; 67                 ; 0                              ;
;     -- Output Ports                         ; 33                 ; 0                              ;
;     -- Bidir Ports                          ; 0                  ; 0                              ;
;                                             ;                    ;                                ;
; Registered Ports                            ;                    ;                                ;
;     -- Registered Input Ports               ; 0                  ; 0                              ;
;     -- Registered Output Ports              ; 0                  ; 0                              ;
;                                             ;                    ;                                ;
; Port Connectivity                           ;                    ;                                ;
;     -- Input Ports driven by GND            ; 0                  ; 0                              ;
;     -- Output Ports driven by GND           ; 0                  ; 0                              ;
;     -- Input Ports driven by VCC            ; 0                  ; 0                              ;
;     -- Output Ports driven by VCC           ; 0                  ; 0                              ;
;     -- Input Ports with no Source           ; 0                  ; 0                              ;
;     -- Output Ports with no Source          ; 0                  ; 0                              ;
;     -- Input Ports with no Fanout           ; 0                  ; 0                              ;
;     -- Output Ports with no Fanout          ; 0                  ; 0                              ;
+---------------------------------------------+--------------------+--------------------------------+


+------------------------------------------------------------------------------------------------------------------------------------------------------------------------------------------------------------------------------------------------------------------------------------------------+
; Input Pins                                                                                                                                                                                                                                                                                     ;
+---------------+-------+----------+--------------+--------------+--------------+-----------------------+--------------------+--------+----------------+---------------+-----------------+----------+--------------+--------------+---------------------------+----------------------+-----------+
; Name          ; Pin # ; I/O Bank ; X coordinate ; Y coordinate ; Z coordinate ; Combinational Fan-Out ; Registered Fan-Out ; Global ; Input Register ; Power Up High ; PCI I/O Enabled ; Bus Hold ; Weak Pull Up ; I/O Standard ; Termination Control Block ; Location assigned by ; Slew Rate ;
+---------------+-------+----------+--------------+--------------+--------------+-----------------------+--------------------+--------+----------------+---------------+-----------------+----------+--------------+--------------+---------------------------+----------------------+-----------+
; ALUControl[0] ; E9    ; 7        ; 18           ; 24           ; 21           ; 60                    ; 0                  ; no     ; no             ; no            ; yes             ; no       ; Off          ; 2.5 V        ; --                        ; Fitter               ; no        ;
; ALUControl[1] ; F9    ; 7        ; 23           ; 24           ; 14           ; 15                    ; 0                  ; no     ; no             ; no            ; yes             ; no       ; Off          ; 2.5 V        ; --                        ; Fitter               ; no        ;
; ALUControl[2] ; M8    ; 3        ; 13           ; 0            ; 0            ; 9                     ; 0                  ; no     ; no             ; no            ; yes             ; no       ; Off          ; 2.5 V        ; --                        ; Fitter               ; no        ;
; SrcA[0]       ; B11   ; 7        ; 25           ; 24           ; 21           ; 9                     ; 0                  ; no     ; no             ; no            ; yes             ; no       ; Off          ; 2.5 V        ; --                        ; Fitter               ; no        ;
; SrcA[10]      ; J15   ; 5        ; 34           ; 10           ; 7            ; 7                     ; 0                  ; no     ; no             ; no            ; yes             ; no       ; Off          ; 2.5 V        ; --                        ; Fitter               ; no        ;
; SrcA[11]      ; T9    ; 4        ; 18           ; 0            ; 14           ; 7                     ; 0                  ; no     ; no             ; no            ; yes             ; no       ; Off          ; 2.5 V        ; --                        ; Fitter               ; no        ;
; SrcA[12]      ; E11   ; 7        ; 28           ; 24           ; 14           ; 7                     ; 0                  ; no     ; no             ; no            ; yes             ; no       ; Off          ; 2.5 V        ; --                        ; Fitter               ; no        ;
; SrcA[13]      ; T10   ; 4        ; 21           ; 0            ; 0            ; 7                     ; 0                  ; no     ; no             ; no            ; yes             ; no       ; Off          ; 2.5 V        ; --                        ; Fitter               ; no        ;
; SrcA[14]      ; R6    ; 3        ; 11           ; 0            ; 21           ; 7                     ; 0                  ; no     ; no             ; no            ; yes             ; no       ; Off          ; 2.5 V        ; --                        ; Fitter               ; no        ;
; SrcA[15]      ; L14   ; 5        ; 34           ; 7            ; 7            ; 7                     ; 0                  ; no     ; no             ; no            ; yes             ; no       ; Off          ; 2.5 V        ; --                        ; Fitter               ; no        ;
; SrcA[16]      ; N8    ; 3        ; 16           ; 0            ; 21           ; 7                     ; 0                  ; no     ; no             ; no            ; yes             ; no       ; Off          ; 2.5 V        ; --                        ; Fitter               ; no        ;
; SrcA[17]      ; R13   ; 4        ; 28           ; 0            ; 14           ; 7                     ; 0                  ; no     ; no             ; no            ; yes             ; no       ; Off          ; 2.5 V        ; --                        ; Fitter               ; no        ;
; SrcA[18]      ; T6    ; 3        ; 11           ; 0            ; 14           ; 7                     ; 0                  ; no     ; no             ; no            ; yes             ; no       ; Off          ; 2.5 V        ; --                        ; Fitter               ; no        ;
; SrcA[19]      ; R10   ; 4        ; 21           ; 0            ; 7            ; 7                     ; 0                  ; no     ; no             ; no            ; yes             ; no       ; Off          ; 2.5 V        ; --                        ; Fitter               ; no        ;
; SrcA[1]       ; G16   ; 6        ; 34           ; 17           ; 21           ; 9                     ; 0                  ; no     ; no             ; no            ; yes             ; no       ; Off          ; 2.5 V        ; --                        ; Fitter               ; no        ;
; SrcA[20]      ; L13   ; 5        ; 34           ; 8            ; 21           ; 7                     ; 0                  ; no     ; no             ; no            ; yes             ; no       ; Off          ; 2.5 V        ; --                        ; Fitter               ; no        ;
; SrcA[21]      ; P9    ; 4        ; 25           ; 0            ; 0            ; 7                     ; 0                  ; no     ; no             ; no            ; yes             ; no       ; Off          ; 2.5 V        ; --                        ; Fitter               ; no        ;
; SrcA[22]      ; R12   ; 4        ; 23           ; 0            ; 0            ; 7                     ; 0                  ; no     ; no             ; no            ; yes             ; no       ; Off          ; 2.5 V        ; --                        ; Fitter               ; no        ;
; SrcA[23]      ; F10   ; 7        ; 23           ; 24           ; 7            ; 8                     ; 0                  ; no     ; no             ; no            ; yes             ; no       ; Off          ; 2.5 V        ; --                        ; Fitter               ; no        ;
; SrcA[24]      ; T7    ; 3        ; 13           ; 0            ; 21           ; 8                     ; 0                  ; no     ; no             ; no            ; yes             ; no       ; Off          ; 2.5 V        ; --                        ; Fitter               ; no        ;
; SrcA[25]      ; M9    ; 4        ; 21           ; 0            ; 21           ; 8                     ; 0                  ; no     ; no             ; no            ; yes             ; no       ; Off          ; 2.5 V        ; --                        ; Fitter               ; no        ;
; SrcA[26]      ; P11   ; 4        ; 28           ; 0            ; 21           ; 7                     ; 0                  ; no     ; no             ; no            ; yes             ; no       ; Off          ; 2.5 V        ; --                        ; Fitter               ; no        ;
; SrcA[27]      ; P16   ; 5        ; 34           ; 5            ; 21           ; 7                     ; 0                  ; no     ; no             ; no            ; yes             ; no       ; Off          ; 2.5 V        ; --                        ; Fitter               ; no        ;
; SrcA[28]      ; F8    ; 8        ; 13           ; 24           ; 21           ; 7                     ; 0                  ; no     ; no             ; no            ; yes             ; no       ; Off          ; 2.5 V        ; --                        ; Fitter               ; no        ;
; SrcA[29]      ; P8    ; 3        ; 16           ; 0            ; 14           ; 7                     ; 0                  ; no     ; no             ; no            ; yes             ; no       ; Off          ; 2.5 V        ; --                        ; Fitter               ; no        ;
; SrcA[2]       ; J14   ; 5        ; 34           ; 10           ; 0            ; 8                     ; 0                  ; no     ; no             ; no            ; yes             ; no       ; Off          ; 2.5 V        ; --                        ; Fitter               ; no        ;
; SrcA[30]      ; L9    ; 4        ; 18           ; 0            ; 0            ; 7                     ; 0                  ; no     ; no             ; no            ; yes             ; no       ; Off          ; 2.5 V        ; --                        ; Fitter               ; no        ;
; SrcA[31]      ; K10   ; 4        ; 25           ; 0            ; 14           ; 6                     ; 0                  ; no     ; no             ; no            ; yes             ; no       ; Off          ; 2.5 V        ; --                        ; Fitter               ; no        ;
; SrcA[3]       ; J1    ; 2        ; 0            ; 10           ; 14           ; 8                     ; 0                  ; no     ; no             ; no            ; yes             ; no       ; Off          ; 2.5 V        ; --                        ; Fitter               ; no        ;
; SrcA[4]       ; M1    ; 2        ; 0            ; 11           ; 21           ; 7                     ; 0                  ; no     ; no             ; no            ; yes             ; no       ; Off          ; 2.5 V        ; --                        ; Fitter               ; no        ;
; SrcA[5]       ; J13   ; 5        ; 34           ; 11           ; 0            ; 7                     ; 0                  ; no     ; no             ; no            ; yes             ; no       ; Off          ; 2.5 V        ; --                        ; Fitter               ; no        ;
; SrcA[6]       ; N16   ; 5        ; 34           ; 7            ; 21           ; 7                     ; 0                  ; no     ; no             ; no            ; yes             ; no       ; Off          ; 2.5 V        ; --                        ; Fitter               ; no        ;
; SrcA[7]       ; A12   ; 7        ; 25           ; 24           ; 0            ; 7                     ; 0                  ; no     ; no             ; no            ; yes             ; no       ; Off          ; 2.5 V        ; --                        ; Fitter               ; no        ;
; SrcA[8]       ; C11   ; 7        ; 23           ; 24           ; 0            ; 7                     ; 0                  ; no     ; no             ; no            ; yes             ; no       ; Off          ; 2.5 V        ; --                        ; Fitter               ; no        ;
; SrcA[9]       ; M11   ; 4        ; 32           ; 0            ; 7            ; 7                     ; 0                  ; no     ; no             ; no            ; yes             ; no       ; Off          ; 2.5 V        ; --                        ; Fitter               ; no        ;
; SrcB[0]       ; L10   ; 4        ; 25           ; 0            ; 7            ; 42                    ; 0                  ; no     ; no             ; no            ; yes             ; no       ; Off          ; 2.5 V        ; --                        ; Fitter               ; no        ;
; SrcB[10]      ; P14   ; 4        ; 32           ; 0            ; 21           ; 5                     ; 0                  ; no     ; no             ; no            ; yes             ; no       ; Off          ; 2.5 V        ; --                        ; Fitter               ; no        ;
; SrcB[11]      ; A14   ; 7        ; 28           ; 24           ; 0            ; 5                     ; 0                  ; no     ; no             ; no            ; yes             ; no       ; Off          ; 2.5 V        ; --                        ; Fitter               ; no        ;
; SrcB[12]      ; G15   ; 6        ; 34           ; 17           ; 14           ; 5                     ; 0                  ; no     ; no             ; no            ; yes             ; no       ; Off          ; 2.5 V        ; --                        ; Fitter               ; no        ;
; SrcB[13]      ; P15   ; 5        ; 34           ; 4            ; 14           ; 5                     ; 0                  ; no     ; no             ; no            ; yes             ; no       ; Off          ; 2.5 V        ; --                        ; Fitter               ; no        ;
; SrcB[14]      ; K11   ; 5        ; 34           ; 6            ; 14           ; 5                     ; 0                  ; no     ; no             ; no            ; yes             ; no       ; Off          ; 2.5 V        ; --                        ; Fitter               ; no        ;
; SrcB[15]      ; L12   ; 5        ; 34           ; 3            ; 21           ; 5                     ; 0                  ; no     ; no             ; no            ; yes             ; no       ; Off          ; 2.5 V        ; --                        ; Fitter               ; no        ;
; SrcB[16]      ; K6    ; 2        ; 0            ; 9            ; 0            ; 5                     ; 0                  ; no     ; no             ; no            ; yes             ; no       ; Off          ; 2.5 V        ; --                        ; Fitter               ; no        ;
; SrcB[17]      ; L2    ; 2        ; 0            ; 8            ; 14           ; 5                     ; 0                  ; no     ; no             ; no            ; yes             ; no       ; Off          ; 2.5 V        ; --                        ; Fitter               ; no        ;
; SrcB[18]      ; M10   ; 4        ; 28           ; 0            ; 0            ; 5                     ; 0                  ; no     ; no             ; no            ; yes             ; no       ; Off          ; 2.5 V        ; --                        ; Fitter               ; no        ;
; SrcB[19]      ; N13   ; 5        ; 34           ; 2            ; 21           ; 5                     ; 0                  ; no     ; no             ; no            ; yes             ; no       ; Off          ; 2.5 V        ; --                        ; Fitter               ; no        ;
; SrcB[1]       ; R9    ; 4        ; 18           ; 0            ; 21           ; 44                    ; 0                  ; no     ; no             ; no            ; yes             ; no       ; Off          ; 2.5 V        ; --                        ; Fitter               ; no        ;
; SrcB[20]      ; L6    ; 2        ; 0            ; 9            ; 7            ; 5                     ; 0                  ; no     ; no             ; no            ; yes             ; no       ; Off          ; 2.5 V        ; --                        ; Fitter               ; no        ;
; SrcB[21]      ; K12   ; 5        ; 34           ; 3            ; 14           ; 5                     ; 0                  ; no     ; no             ; no            ; yes             ; no       ; Off          ; 2.5 V        ; --                        ; Fitter               ; no        ;
; SrcB[22]      ; F11   ; 7        ; 23           ; 24           ; 21           ; 5                     ; 0                  ; no     ; no             ; no            ; yes             ; no       ; Off          ; 2.5 V        ; --                        ; Fitter               ; no        ;
; SrcB[23]      ; K15   ; 5        ; 34           ; 9            ; 7            ; 5                     ; 0                  ; no     ; no             ; no            ; yes             ; no       ; Off          ; 2.5 V        ; --                        ; Fitter               ; no        ;
; SrcB[24]      ; C16   ; 6        ; 34           ; 20           ; 7            ; 5                     ; 0                  ; no     ; no             ; no            ; yes             ; no       ; Off          ; 2.5 V        ; --                        ; Fitter               ; no        ;
; SrcB[25]      ; J16   ; 5        ; 34           ; 9            ; 0            ; 5                     ; 0                  ; no     ; no             ; no            ; yes             ; no       ; Off          ; 2.5 V        ; --                        ; Fitter               ; no        ;
; SrcB[26]      ; R11   ; 4        ; 23           ; 0            ; 14           ; 5                     ; 0                  ; no     ; no             ; no            ; yes             ; no       ; Off          ; 2.5 V        ; --                        ; Fitter               ; no        ;
; SrcB[27]      ; R16   ; 5        ; 34           ; 5            ; 14           ; 5                     ; 0                  ; no     ; no             ; no            ; yes             ; no       ; Off          ; 2.5 V        ; --                        ; Fitter               ; no        ;
; SrcB[28]      ; K9    ; 4        ; 18           ; 0            ; 7            ; 5                     ; 0                  ; no     ; no             ; no            ; yes             ; no       ; Off          ; 2.5 V        ; --                        ; Fitter               ; no        ;
; SrcB[29]      ; J6    ; 2        ; 0            ; 10           ; 21           ; 5                     ; 0                  ; no     ; no             ; no            ; yes             ; no       ; Off          ; 2.5 V        ; --                        ; Fitter               ; no        ;
; SrcB[2]       ; J11   ; 5        ; 34           ; 9            ; 21           ; 41                    ; 0                  ; no     ; no             ; no            ; yes             ; no       ; Off          ; 2.5 V        ; --                        ; Fitter               ; no        ;
; SrcB[30]      ; R8    ; 3        ; 16           ; 0            ; 7            ; 5                     ; 0                  ; no     ; no             ; no            ; yes             ; no       ; Off          ; 2.5 V        ; --                        ; Fitter               ; no        ;
; SrcB[31]      ; L16   ; 5        ; 34           ; 8            ; 14           ; 5                     ; 0                  ; no     ; no             ; no            ; yes             ; no       ; Off          ; 2.5 V        ; --                        ; Fitter               ; no        ;
; SrcB[3]       ; F13   ; 6        ; 34           ; 17           ; 0            ; 27                    ; 0                  ; no     ; no             ; no            ; yes             ; no       ; Off          ; 2.5 V        ; --                        ; Fitter               ; no        ;
; SrcB[4]       ; K16   ; 5        ; 34           ; 9            ; 14           ; 14                    ; 0                  ; no     ; no             ; no            ; yes             ; no       ; Off          ; 2.5 V        ; --                        ; Fitter               ; no        ;
; SrcB[5]       ; M2    ; 2        ; 0            ; 11           ; 14           ; 5                     ; 0                  ; no     ; no             ; no            ; yes             ; no       ; Off          ; 2.5 V        ; --                        ; Fitter               ; no        ;
; SrcB[6]       ; D12   ; 7        ; 30           ; 24           ; 0            ; 5                     ; 0                  ; no     ; no             ; no            ; yes             ; no       ; Off          ; 2.5 V        ; --                        ; Fitter               ; no        ;
; SrcB[7]       ; L15   ; 5        ; 34           ; 8            ; 7            ; 5                     ; 0                  ; no     ; no             ; no            ; yes             ; no       ; Off          ; 2.5 V        ; --                        ; Fitter               ; no        ;
; SrcB[8]       ; N14   ; 5        ; 34           ; 4            ; 21           ; 5                     ; 0                  ; no     ; no             ; no            ; yes             ; no       ; Off          ; 2.5 V        ; --                        ; Fitter               ; no        ;
; SrcB[9]       ; T15   ; 4        ; 30           ; 0            ; 7            ; 5                     ; 0                  ; no     ; no             ; no            ; yes             ; no       ; Off          ; 2.5 V        ; --                        ; Fitter               ; no        ;
+---------------+-------+----------+--------------+--------------+--------------+-----------------------+--------------------+--------+----------------+---------------+-----------------+----------+--------------+--------------+---------------------------+----------------------+-----------+


+----------------------------------------------------------------------------------------------------------------------------------------------------------------------------------------------------------------------------------------------------------------------------------------------------------------------------------------------------------------------------------------------------------------------------------------------------------------+
; Output Pins                                                                                                                                                                                                                                                                                                                                                                                                                                                    ;
+---------------+-------+----------+--------------+--------------+--------------+-----------------+------------------------+---------------+-----------+-----------------+------------+---------------+----------+--------------+--------------+------------------+-----------------------------------+---------------------------+----------------------------+-----------------------------+----------------------+----------------------+---------------------+
; Name          ; Pin # ; I/O Bank ; X coordinate ; Y coordinate ; Z coordinate ; Output Register ; Output Enable Register ; Power Up High ; Slew Rate ; PCI I/O Enabled ; Open Drain ; TRI Primitive ; Bus Hold ; Weak Pull Up ; I/O Standard ; Current Strength ; Termination                       ; Termination Control Block ; Output Buffer Pre-emphasis ; Voltage Output Differential ; Location assigned by ; Output Enable Source ; Output Enable Group ;
+---------------+-------+----------+--------------+--------------+--------------+-----------------+------------------------+---------------+-----------+-----------------+------------+---------------+----------+--------------+--------------+------------------+-----------------------------------+---------------------------+----------------------------+-----------------------------+----------------------+----------------------+---------------------+
; ALUResult[0]  ; F14   ; 6        ; 34           ; 19           ; 14           ; no              ; no                     ; no            ; 2         ; no              ; no         ; no            ; no       ; Off          ; 2.5 V        ; Default          ; Series 50 Ohm without Calibration ; --                        ; no                         ; no                          ; Fitter               ; -                    ; -                   ;
; ALUResult[10] ; E10   ; 7        ; 28           ; 24           ; 21           ; no              ; no                     ; no            ; 2         ; no              ; no         ; no            ; no       ; Off          ; 2.5 V        ; Default          ; Series 50 Ohm without Calibration ; --                        ; no                         ; no                          ; Fitter               ; -                    ; -                   ;
; ALUResult[11] ; T12   ; 4        ; 25           ; 0            ; 21           ; no              ; no                     ; no            ; 2         ; no              ; no         ; no            ; no       ; Off          ; 2.5 V        ; Default          ; Series 50 Ohm without Calibration ; --                        ; no                         ; no                          ; Fitter               ; -                    ; -                   ;
; ALUResult[12] ; A15   ; 7        ; 21           ; 24           ; 0            ; no              ; no                     ; no            ; 2         ; no              ; no         ; no            ; no       ; Off          ; 2.5 V        ; Default          ; Series 50 Ohm without Calibration ; --                        ; no                         ; no                          ; Fitter               ; -                    ; -                   ;
; ALUResult[13] ; T14   ; 4        ; 30           ; 0            ; 14           ; no              ; no                     ; no            ; 2         ; no              ; no         ; no            ; no       ; Off          ; 2.5 V        ; Default          ; Series 50 Ohm without Calibration ; --                        ; no                         ; no                          ; Fitter               ; -                    ; -                   ;
; ALUResult[14] ; B9    ; 7        ; 16           ; 24           ; 7            ; no              ; no                     ; no            ; 2         ; no              ; no         ; no            ; no       ; Off          ; 2.5 V        ; Default          ; Series 50 Ohm without Calibration ; --                        ; no                         ; no                          ; Fitter               ; -                    ; -                   ;
; ALUResult[15] ; D16   ; 6        ; 34           ; 19           ; 7            ; no              ; no                     ; no            ; 2         ; no              ; no         ; no            ; no       ; Off          ; 2.5 V        ; Default          ; Series 50 Ohm without Calibration ; --                        ; no                         ; no                          ; Fitter               ; -                    ; -                   ;
; ALUResult[16] ; A9    ; 7        ; 16           ; 24           ; 0            ; no              ; no                     ; no            ; 2         ; no              ; no         ; no            ; no       ; Off          ; 2.5 V        ; Default          ; Series 50 Ohm without Calibration ; --                        ; no                         ; no                          ; Fitter               ; -                    ; -                   ;
; ALUResult[17] ; B8    ; 8        ; 16           ; 24           ; 21           ; no              ; no                     ; no            ; 2         ; no              ; no         ; no            ; no       ; Off          ; 2.5 V        ; Default          ; Series 50 Ohm without Calibration ; --                        ; no                         ; no                          ; Fitter               ; -                    ; -                   ;
; ALUResult[18] ; A8    ; 8        ; 16           ; 24           ; 14           ; no              ; no                     ; no            ; 2         ; no              ; no         ; no            ; no       ; Off          ; 2.5 V        ; Default          ; Series 50 Ohm without Calibration ; --                        ; no                         ; no                          ; Fitter               ; -                    ; -                   ;
; ALUResult[19] ; L8    ; 3        ; 13           ; 0            ; 14           ; no              ; no                     ; no            ; 2         ; no              ; no         ; no            ; no       ; Off          ; 2.5 V        ; Default          ; Series 50 Ohm without Calibration ; --                        ; no                         ; no                          ; Fitter               ; -                    ; -                   ;
; ALUResult[1]  ; B13   ; 7        ; 30           ; 24           ; 21           ; no              ; no                     ; no            ; 2         ; no              ; no         ; no            ; no       ; Off          ; 2.5 V        ; Default          ; Series 50 Ohm without Calibration ; --                        ; no                         ; no                          ; Fitter               ; -                    ; -                   ;
; ALUResult[20] ; B12   ; 7        ; 25           ; 24           ; 7            ; no              ; no                     ; no            ; 2         ; no              ; no         ; no            ; no       ; Off          ; 2.5 V        ; Default          ; Series 50 Ohm without Calibration ; --                        ; no                         ; no                          ; Fitter               ; -                    ; -                   ;
; ALUResult[21] ; D8    ; 8        ; 13           ; 24           ; 7            ; no              ; no                     ; no            ; 2         ; no              ; no         ; no            ; no       ; Off          ; 2.5 V        ; Default          ; Series 50 Ohm without Calibration ; --                        ; no                         ; no                          ; Fitter               ; -                    ; -                   ;
; ALUResult[22] ; A13   ; 7        ; 30           ; 24           ; 7            ; no              ; no                     ; no            ; 2         ; no              ; no         ; no            ; no       ; Off          ; 2.5 V        ; Default          ; Series 50 Ohm without Calibration ; --                        ; no                         ; no                          ; Fitter               ; -                    ; -                   ;
; ALUResult[23] ; B7    ; 8        ; 11           ; 24           ; 7            ; no              ; no                     ; no            ; 2         ; no              ; no         ; no            ; no       ; Off          ; 2.5 V        ; Default          ; Series 50 Ohm without Calibration ; --                        ; no                         ; no                          ; Fitter               ; -                    ; -                   ;
; ALUResult[24] ; J2    ; 2        ; 0            ; 10           ; 0            ; no              ; no                     ; no            ; 2         ; no              ; no         ; no            ; no       ; Off          ; 2.5 V        ; Default          ; Series 50 Ohm without Calibration ; --                        ; no                         ; no                          ; Fitter               ; -                    ; -                   ;
; ALUResult[25] ; T8    ; 3        ; 16           ; 0            ; 0            ; no              ; no                     ; no            ; 2         ; no              ; no         ; no            ; no       ; Off          ; 2.5 V        ; Default          ; Series 50 Ohm without Calibration ; --                        ; no                         ; no                          ; Fitter               ; -                    ; -                   ;
; ALUResult[26] ; N9    ; 4        ; 21           ; 0            ; 14           ; no              ; no                     ; no            ; 2         ; no              ; no         ; no            ; no       ; Off          ; 2.5 V        ; Default          ; Series 50 Ohm without Calibration ; --                        ; no                         ; no                          ; Fitter               ; -                    ; -                   ;
; ALUResult[27] ; T13   ; 4        ; 28           ; 0            ; 7            ; no              ; no                     ; no            ; 2         ; no              ; no         ; no            ; no       ; Off          ; 2.5 V        ; Default          ; Series 50 Ohm without Calibration ; --                        ; no                         ; no                          ; Fitter               ; -                    ; -                   ;
; ALUResult[28] ; K2    ; 2        ; 0            ; 8            ; 0            ; no              ; no                     ; no            ; 2         ; no              ; no         ; no            ; no       ; Off          ; 2.5 V        ; Default          ; Series 50 Ohm without Calibration ; --                        ; no                         ; no                          ; Fitter               ; -                    ; -                   ;
; ALUResult[29] ; A10   ; 7        ; 21           ; 24           ; 7            ; no              ; no                     ; no            ; 2         ; no              ; no         ; no            ; no       ; Off          ; 2.5 V        ; Default          ; Series 50 Ohm without Calibration ; --                        ; no                         ; no                          ; Fitter               ; -                    ; -                   ;
; ALUResult[2]  ; N15   ; 5        ; 34           ; 7            ; 14           ; no              ; no                     ; no            ; 2         ; no              ; no         ; no            ; no       ; Off          ; 2.5 V        ; Default          ; Series 50 Ohm without Calibration ; --                        ; no                         ; no                          ; Fitter               ; -                    ; -                   ;
; ALUResult[30] ; B14   ; 7        ; 28           ; 24           ; 7            ; no              ; no                     ; no            ; 2         ; no              ; no         ; no            ; no       ; Off          ; 2.5 V        ; Default          ; Series 50 Ohm without Calibration ; --                        ; no                         ; no                          ; Fitter               ; -                    ; -                   ;
; ALUResult[31] ; B10   ; 7        ; 21           ; 24           ; 14           ; no              ; no                     ; no            ; 2         ; no              ; no         ; no            ; no       ; Off          ; 2.5 V        ; Default          ; Series 50 Ohm without Calibration ; --                        ; no                         ; no                          ; Fitter               ; -                    ; -                   ;
; ALUResult[3]  ; C9    ; 7        ; 18           ; 24           ; 7            ; no              ; no                     ; no            ; 2         ; no              ; no         ; no            ; no       ; Off          ; 2.5 V        ; Default          ; Series 50 Ohm without Calibration ; --                        ; no                         ; no                          ; Fitter               ; -                    ; -                   ;
; ALUResult[4]  ; B16   ; 6        ; 34           ; 18           ; 0            ; no              ; no                     ; no            ; 2         ; no              ; no         ; no            ; no       ; Off          ; 2.5 V        ; Default          ; Series 50 Ohm without Calibration ; --                        ; no                         ; no                          ; Fitter               ; -                    ; -                   ;
; ALUResult[5]  ; J12   ; 5        ; 34           ; 11           ; 7            ; no              ; no                     ; no            ; 2         ; no              ; no         ; no            ; no       ; Off          ; 2.5 V        ; Default          ; Series 50 Ohm without Calibration ; --                        ; no                         ; no                          ; Fitter               ; -                    ; -                   ;
; ALUResult[6]  ; F15   ; 6        ; 34           ; 18           ; 14           ; no              ; no                     ; no            ; 2         ; no              ; no         ; no            ; no       ; Off          ; 2.5 V        ; Default          ; Series 50 Ohm without Calibration ; --                        ; no                         ; no                          ; Fitter               ; -                    ; -                   ;
; ALUResult[7]  ; D9    ; 7        ; 18           ; 24           ; 14           ; no              ; no                     ; no            ; 2         ; no              ; no         ; no            ; no       ; Off          ; 2.5 V        ; Default          ; Series 50 Ohm without Calibration ; --                        ; no                         ; no                          ; Fitter               ; -                    ; -                   ;
; ALUResult[8]  ; T11   ; 4        ; 23           ; 0            ; 7            ; no              ; no                     ; no            ; 2         ; no              ; no         ; no            ; no       ; Off          ; 2.5 V        ; Default          ; Series 50 Ohm without Calibration ; --                        ; no                         ; no                          ; Fitter               ; -                    ; -                   ;
; ALUResult[9]  ; D15   ; 6        ; 34           ; 19           ; 0            ; no              ; no                     ; no            ; 2         ; no              ; no         ; no            ; no       ; Off          ; 2.5 V        ; Default          ; Series 50 Ohm without Calibration ; --                        ; no                         ; no                          ; Fitter               ; -                    ; -                   ;
; Zero          ; A11   ; 7        ; 25           ; 24           ; 14           ; no              ; no                     ; no            ; 2         ; no              ; no         ; no            ; no       ; Off          ; 2.5 V        ; Default          ; Series 50 Ohm without Calibration ; --                        ; no                         ; no                          ; Fitter               ; -                    ; -                   ;
+---------------+-------+----------+--------------+--------------+--------------+-----------------+------------------------+---------------+-----------+-----------------+------------+---------------+----------+--------------+--------------+------------------+-----------------------------------+---------------------------+----------------------------+-----------------------------+----------------------+----------------------+---------------------+


+-------------------------------------------------------------------------------------------------------------------------+
; Dual Purpose and Dedicated Pins                                                                                         ;
+----------+-----------------------------+--------------------------+-------------------------+---------------------------+
; Location ; Pin Name                    ; Reserved As              ; User Signal Name        ; Pin Type                  ;
+----------+-----------------------------+--------------------------+-------------------------+---------------------------+
; C1       ; DIFFIO_L1n, DATA1, ASDO     ; As input tri-stated      ; ~ALTERA_ASDO_DATA1~     ; Dual Purpose Pin          ;
; D2       ; DIFFIO_L2p, FLASH_nCE, nCSO ; As input tri-stated      ; ~ALTERA_FLASH_nCE_nCSO~ ; Dual Purpose Pin          ;
; F4       ; nSTATUS                     ; -                        ; -                       ; Dedicated Programming Pin ;
; H1       ; DCLK                        ; As output driving ground ; ~ALTERA_DCLK~           ; Dual Purpose Pin          ;
; H2       ; DATA0                       ; As input tri-stated      ; ~ALTERA_DATA0~          ; Dual Purpose Pin          ;
; H5       ; nCONFIG                     ; -                        ; -                       ; Dedicated Programming Pin ;
; J3       ; nCE                         ; -                        ; -                       ; Dedicated Programming Pin ;
; J16      ; DIFFIO_R7n, DEV_OE          ; Use as regular IO        ; SrcB[25]                ; Dual Purpose Pin          ;
; J15      ; DIFFIO_R7p, DEV_CLRn        ; Use as regular IO        ; SrcA[10]                ; Dual Purpose Pin          ;
; H14      ; CONF_DONE                   ; -                        ; -                       ; Dedicated Programming Pin ;
; H13      ; MSEL0                       ; -                        ; -                       ; Dedicated Programming Pin ;
; H12      ; MSEL1                       ; -                        ; -                       ; Dedicated Programming Pin ;
; G12      ; MSEL2                       ; -                        ; -                       ; Dedicated Programming Pin ;
; G12      ; MSEL3                       ; -                        ; -                       ; Dedicated Programming Pin ;
; G16      ; DIFFIO_R4n, INIT_DONE       ; Use as regular IO        ; SrcA[1]                 ; Dual Purpose Pin          ;
; G15      ; DIFFIO_R4p, CRC_ERROR       ; Use as regular IO        ; SrcB[12]                ; Dual Purpose Pin          ;
; F16      ; DIFFIO_R3n, nCEO            ; Use as programming pin   ; ~ALTERA_nCEO~           ; Dual Purpose Pin          ;
; F15      ; DIFFIO_R3p, CLKUSR          ; Use as regular IO        ; ALUResult[6]            ; Dual Purpose Pin          ;
; F8       ; DIFFIO_T10p, DATA3          ; Use as regular IO        ; SrcA[28]                ; Dual Purpose Pin          ;
; B7       ; DIFFIO_T9p, DATA4           ; Use as regular IO        ; ALUResult[23]           ; Dual Purpose Pin          ;
+----------+-----------------------------+--------------------------+-------------------------+---------------------------+


+------------------------------------------------------------+
; I/O Bank Usage                                             ;
+----------+------------------+---------------+--------------+
; I/O Bank ; Usage            ; VCCIO Voltage ; VREF Voltage ;
+----------+------------------+---------------+--------------+
; 1        ; 4 / 17 ( 24 % )  ; 2.5V          ; --           ;
; 2        ; 9 / 19 ( 47 % )  ; 2.5V          ; --           ;
; 3        ; 9 / 26 ( 35 % )  ; 2.5V          ; --           ;
; 4        ; 23 / 27 ( 85 % ) ; 2.5V          ; --           ;
; 5        ; 22 / 25 ( 88 % ) ; 2.5V          ; --           ;
; 6        ; 10 / 14 ( 71 % ) ; 2.5V          ; --           ;
; 7        ; 23 / 26 ( 88 % ) ; 2.5V          ; --           ;
; 8        ; 5 / 26 ( 19 % )  ; 2.5V          ; --           ;
+----------+------------------+---------------+--------------+


+-----------------------------------------------------------------------------------------------------------------------------------------------------------------------------------------+
; All Package Pins                                                                                                                                                                        ;
+----------+------------+----------+-----------------------------------------------------------+--------+--------------+---------+------------+-----------------+----------+--------------+
; Location ; Pad Number ; I/O Bank ; Pin Name/Usage                                            ; Dir.   ; I/O Standard ; Voltage ; I/O Type   ; User Assignment ; Bus Hold ; Weak Pull Up ;
+----------+------------+----------+-----------------------------------------------------------+--------+--------------+---------+------------+-----------------+----------+--------------+
; A1       ;            ; 8        ; VCCIO8                                                    ; power  ;              ; 2.5V    ; --         ;                 ; --       ; --           ;
; A2       ; 194        ; 8        ; RESERVED_INPUT_WITH_WEAK_PULLUP                           ;        ;              ;         ; Column I/O ;                 ; no       ; On           ;
; A3       ; 200        ; 8        ; RESERVED_INPUT_WITH_WEAK_PULLUP                           ;        ;              ;         ; Column I/O ;                 ; no       ; On           ;
; A4       ; 196        ; 8        ; RESERVED_INPUT_WITH_WEAK_PULLUP                           ;        ;              ;         ; Column I/O ;                 ; no       ; On           ;
; A5       ; 192        ; 8        ; RESERVED_INPUT_WITH_WEAK_PULLUP                           ;        ;              ;         ; Column I/O ;                 ; no       ; On           ;
; A6       ; 188        ; 8        ; RESERVED_INPUT_WITH_WEAK_PULLUP                           ;        ;              ;         ; Column I/O ;                 ; no       ; On           ;
; A7       ; 183        ; 8        ; RESERVED_INPUT_WITH_WEAK_PULLUP                           ;        ;              ;         ; Column I/O ;                 ; no       ; On           ;
; A8       ; 177        ; 8        ; ALUResult[18]                                             ; output ; 2.5 V        ;         ; Column I/O ; N               ; no       ; Off          ;
; A9       ; 175        ; 7        ; ALUResult[16]                                             ; output ; 2.5 V        ;         ; Column I/O ; N               ; no       ; Off          ;
; A10      ; 168        ; 7        ; ALUResult[29]                                             ; output ; 2.5 V        ;         ; Column I/O ; N               ; no       ; Off          ;
; A11      ; 161        ; 7        ; Zero                                                      ; output ; 2.5 V        ;         ; Column I/O ; N               ; no       ; Off          ;
; A12      ; 159        ; 7        ; SrcA[7]                                                   ; input  ; 2.5 V        ;         ; Column I/O ; N               ; no       ; Off          ;
; A13      ; 153        ; 7        ; ALUResult[22]                                             ; output ; 2.5 V        ;         ; Column I/O ; N               ; no       ; Off          ;
; A14      ; 155        ; 7        ; SrcB[11]                                                  ; input  ; 2.5 V        ;         ; Column I/O ; N               ; no       ; Off          ;
; A15      ; 167        ; 7        ; ALUResult[12]                                             ; output ; 2.5 V        ;         ; Column I/O ; N               ; no       ; Off          ;
; A16      ;            ; 7        ; VCCIO7                                                    ; power  ;              ; 2.5V    ; --         ;                 ; --       ; --           ;
; B1       ; 3          ; 1        ; RESERVED_INPUT_WITH_WEAK_PULLUP                           ;        ;              ;         ; Row I/O    ;                 ; no       ; On           ;
; B2       ;            ;          ; GND                                                       ; gnd    ;              ;         ; --         ;                 ; --       ; --           ;
; B3       ; 201        ; 8        ; RESERVED_INPUT_WITH_WEAK_PULLUP                           ;        ;              ;         ; Column I/O ;                 ; no       ; On           ;
; B4       ; 197        ; 8        ; RESERVED_INPUT_WITH_WEAK_PULLUP                           ;        ;              ;         ; Column I/O ;                 ; no       ; On           ;
; B5       ; 195        ; 8        ; RESERVED_INPUT_WITH_WEAK_PULLUP                           ;        ;              ;         ; Column I/O ;                 ; no       ; On           ;
; B6       ; 189        ; 8        ; RESERVED_INPUT_WITH_WEAK_PULLUP                           ;        ;              ;         ; Column I/O ;                 ; no       ; On           ;
; B7       ; 184        ; 8        ; ALUResult[23]                                             ; output ; 2.5 V        ;         ; Column I/O ; N               ; no       ; Off          ;
; B8       ; 178        ; 8        ; ALUResult[17]                                             ; output ; 2.5 V        ;         ; Column I/O ; N               ; no       ; Off          ;
; B9       ; 176        ; 7        ; ALUResult[14]                                             ; output ; 2.5 V        ;         ; Column I/O ; N               ; no       ; Off          ;
; B10      ; 169        ; 7        ; ALUResult[31]                                             ; output ; 2.5 V        ;         ; Column I/O ; N               ; no       ; Off          ;
; B11      ; 162        ; 7        ; SrcA[0]                                                   ; input  ; 2.5 V        ;         ; Column I/O ; N               ; no       ; Off          ;
; B12      ; 160        ; 7        ; ALUResult[20]                                             ; output ; 2.5 V        ;         ; Column I/O ; N               ; no       ; Off          ;
; B13      ; 154        ; 7        ; ALUResult[1]                                              ; output ; 2.5 V        ;         ; Column I/O ; N               ; no       ; Off          ;
; B14      ; 156        ; 7        ; ALUResult[30]                                             ; output ; 2.5 V        ;         ; Column I/O ; N               ; no       ; Off          ;
; B15      ;            ;          ; GND                                                       ; gnd    ;              ;         ; --         ;                 ; --       ; --           ;
; B16      ; 141        ; 6        ; ALUResult[4]                                              ; output ; 2.5 V        ;         ; Row I/O    ; N               ; no       ; Off          ;
; C1       ; 5          ; 1        ; ~ALTERA_ASDO_DATA1~ / RESERVED_INPUT_WITH_WEAK_PULLUP     ; input  ; 2.5 V        ;         ; Row I/O    ; N               ; no       ; On           ;
; C2       ; 4          ; 1        ; RESERVED_INPUT_WITH_WEAK_PULLUP                           ;        ;              ;         ; Row I/O    ;                 ; no       ; On           ;
; C3       ; 202        ; 8        ; RESERVED_INPUT_WITH_WEAK_PULLUP                           ;        ;              ;         ; Column I/O ;                 ; no       ; On           ;
; C4       ;            ; 8        ; VCCIO8                                                    ; power  ;              ; 2.5V    ; --         ;                 ; --       ; --           ;
; C5       ;            ;          ; GND                                                       ; gnd    ;              ;         ; --         ;                 ; --       ; --           ;
; C6       ; 187        ; 8        ; RESERVED_INPUT_WITH_WEAK_PULLUP                           ;        ;              ;         ; Column I/O ;                 ; --       ; --           ;
; C7       ;            ; 8        ; VCCIO8                                                    ; power  ;              ; 2.5V    ; --         ;                 ; --       ; --           ;
; C8       ; 179        ; 8        ; RESERVED_INPUT_WITH_WEAK_PULLUP                           ;        ;              ;         ; Column I/O ;                 ; no       ; On           ;
; C9       ; 172        ; 7        ; ALUResult[3]                                              ; output ; 2.5 V        ;         ; Column I/O ; N               ; no       ; Off          ;
; C10      ;            ; 7        ; VCCIO7                                                    ; power  ;              ; 2.5V    ; --         ;                 ; --       ; --           ;
; C11      ; 163        ; 7        ; SrcA[8]                                                   ; input  ; 2.5 V        ;         ; Column I/O ; N               ; no       ; Off          ;
; C12      ;            ;          ; GND                                                       ; gnd    ;              ;         ; --         ;                 ; --       ; --           ;
; C13      ;            ; 7        ; VCCIO7                                                    ; power  ;              ; 2.5V    ; --         ;                 ; --       ; --           ;
; C14      ; 149        ; 7        ; RESERVED_INPUT_WITH_WEAK_PULLUP                           ;        ;              ;         ; Column I/O ;                 ; no       ; On           ;
; C15      ; 147        ; 6        ; RESERVED_INPUT_WITH_WEAK_PULLUP                           ;        ;              ;         ; Row I/O    ;                 ; no       ; On           ;
; C16      ; 146        ; 6        ; SrcB[24]                                                  ; input  ; 2.5 V        ;         ; Row I/O    ; N               ; no       ; Off          ;
; D1       ; 8          ; 1        ; RESERVED_INPUT_WITH_WEAK_PULLUP                           ;        ;              ;         ; Row I/O    ;                 ; no       ; On           ;
; D2       ; 7          ; 1        ; ~ALTERA_FLASH_nCE_nCSO~ / RESERVED_INPUT_WITH_WEAK_PULLUP ; input  ; 2.5 V        ;         ; Row I/O    ; N               ; no       ; On           ;
; D3       ; 203        ; 8        ; RESERVED_INPUT_WITH_WEAK_PULLUP                           ;        ;              ;         ; Column I/O ;                 ; no       ; On           ;
; D4       ; 0          ; 1        ; RESERVED_INPUT_WITH_WEAK_PULLUP                           ;        ;              ;         ; Row I/O    ;                 ; no       ; On           ;
; D5       ; 198        ; 8        ; RESERVED_INPUT_WITH_WEAK_PULLUP                           ;        ;              ;         ; Column I/O ;                 ; no       ; On           ;
; D6       ; 199        ; 8        ; RESERVED_INPUT_WITH_WEAK_PULLUP                           ;        ;              ;         ; Column I/O ;                 ; no       ; On           ;
; D7       ;            ;          ; GND                                                       ; gnd    ;              ;         ; --         ;                 ; --       ; --           ;
; D8       ; 180        ; 8        ; ALUResult[21]                                             ; output ; 2.5 V        ;         ; Column I/O ; N               ; no       ; Off          ;
; D9       ; 173        ; 7        ; ALUResult[7]                                              ; output ; 2.5 V        ;         ; Column I/O ; N               ; no       ; Off          ;
; D10      ;            ;          ; GND                                                       ; gnd    ;              ;         ; --         ;                 ; --       ; --           ;
; D11      ; 151        ; 7        ; RESERVED_INPUT_WITH_WEAK_PULLUP                           ;        ;              ;         ; Column I/O ;                 ; no       ; On           ;
; D12      ; 152        ; 7        ; SrcB[6]                                                   ; input  ; 2.5 V        ;         ; Column I/O ; N               ; no       ; Off          ;
; D13      ;            ;          ; VCCD_PLL2                                                 ; power  ;              ; 1.2V    ; --         ;                 ; --       ; --           ;
; D14      ; 150        ; 7        ; RESERVED_INPUT_WITH_WEAK_PULLUP                           ;        ;              ;         ; Column I/O ;                 ; no       ; On           ;
; D15      ; 144        ; 6        ; ALUResult[9]                                              ; output ; 2.5 V        ;         ; Row I/O    ; N               ; no       ; Off          ;
; D16      ; 143        ; 6        ; ALUResult[15]                                             ; output ; 2.5 V        ;         ; Row I/O    ; N               ; no       ; Off          ;
; E1       ; 24         ; 1        ; GND+                                                      ;        ;              ;         ; Row I/O    ;                 ; --       ; --           ;
; E2       ;            ;          ; GND                                                       ; gnd    ;              ;         ; --         ;                 ; --       ; --           ;
; E3       ;            ; 1        ; VCCIO1                                                    ; power  ;              ; 2.5V    ; --         ;                 ; --       ; --           ;
; E4       ;            ;          ; GND                                                       ; gnd    ;              ;         ; --         ;                 ; --       ; --           ;
; E5       ; 1          ; 1        ; RESERVED_INPUT_WITH_WEAK_PULLUP                           ;        ;              ;         ; Row I/O    ;                 ; no       ; On           ;
; E6       ; 191        ; 8        ; RESERVED_INPUT_WITH_WEAK_PULLUP                           ;        ;              ;         ; Column I/O ;                 ; no       ; On           ;
; E7       ; 190        ; 8        ; RESERVED_INPUT_WITH_WEAK_PULLUP                           ;        ;              ;         ; Column I/O ;                 ; no       ; On           ;
; E8       ; 181        ; 8        ; RESERVED_INPUT_WITH_WEAK_PULLUP                           ;        ;              ;         ; Column I/O ;                 ; no       ; On           ;
; E9       ; 174        ; 7        ; ALUControl[0]                                             ; input  ; 2.5 V        ;         ; Column I/O ; N               ; no       ; Off          ;
; E10      ; 158        ; 7        ; ALUResult[10]                                             ; output ; 2.5 V        ;         ; Column I/O ; N               ; no       ; Off          ;
; E11      ; 157        ; 7        ; SrcA[12]                                                  ; input  ; 2.5 V        ;         ; Column I/O ; N               ; no       ; Off          ;
; E12      ;            ;          ; GNDA2                                                     ; gnd    ;              ;         ; --         ;                 ; --       ; --           ;
; E13      ;            ;          ; GND                                                       ; gnd    ;              ;         ; --         ;                 ; --       ; --           ;
; E14      ;            ; 6        ; VCCIO6                                                    ; power  ;              ; 2.5V    ; --         ;                 ; --       ; --           ;
; E15      ; 128        ; 6        ; GND+                                                      ;        ;              ;         ; Row I/O    ;                 ; --       ; --           ;
; E16      ; 127        ; 6        ; GND+                                                      ;        ;              ;         ; Row I/O    ;                 ; --       ; --           ;
; F1       ; 12         ; 1        ; RESERVED_INPUT_WITH_WEAK_PULLUP                           ;        ;              ;         ; Row I/O    ;                 ; no       ; On           ;
; F2       ; 11         ; 1        ; RESERVED_INPUT_WITH_WEAK_PULLUP                           ;        ;              ;         ; Row I/O    ;                 ; no       ; On           ;
; F3       ; 6          ; 1        ; RESERVED_INPUT_WITH_WEAK_PULLUP                           ;        ;              ;         ; Row I/O    ;                 ; --       ; --           ;
; F4       ; 9          ; 1        ; ^nSTATUS                                                  ;        ;              ;         ; --         ;                 ; --       ; --           ;
; F5       ; 2          ; 1        ; RESERVED_INPUT_WITH_WEAK_PULLUP                           ;        ;              ;         ; Row I/O    ;                 ; no       ; On           ;
; F6       ; 185        ; 8        ; RESERVED_INPUT_WITH_WEAK_PULLUP                           ;        ;              ;         ; Column I/O ;                 ; no       ; On           ;
; F7       ; 186        ; 8        ; RESERVED_INPUT_WITH_WEAK_PULLUP                           ;        ;              ;         ; Column I/O ;                 ; no       ; On           ;
; F8       ; 182        ; 8        ; SrcA[28]                                                  ; input  ; 2.5 V        ;         ; Column I/O ; N               ; no       ; Off          ;
; F9       ; 165        ; 7        ; ALUControl[1]                                             ; input  ; 2.5 V        ;         ; Column I/O ; N               ; no       ; Off          ;
; F10      ; 164        ; 7        ; SrcA[23]                                                  ; input  ; 2.5 V        ;         ; Column I/O ; N               ; no       ; Off          ;
; F11      ; 166        ; 7        ; SrcB[22]                                                  ; input  ; 2.5 V        ;         ; Column I/O ; N               ; no       ; Off          ;
; F12      ;            ; --       ; VCCA2                                                     ; power  ;              ; 2.5V    ; --         ;                 ; --       ; --           ;
; F13      ; 138        ; 6        ; SrcB[3]                                                   ; input  ; 2.5 V        ;         ; Row I/O    ; N               ; no       ; Off          ;
; F14      ; 142        ; 6        ; ALUResult[0]                                              ; output ; 2.5 V        ;         ; Row I/O    ; N               ; no       ; Off          ;
; F15      ; 140        ; 6        ; ALUResult[6]                                              ; output ; 2.5 V        ;         ; Row I/O    ; N               ; no       ; Off          ;
; F16      ; 139        ; 6        ; ~ALTERA_nCEO~ / RESERVED_OUTPUT_OPEN_DRAIN                ; output ; 2.5 V        ;         ; Row I/O    ; N               ; no       ; Off          ;
; G1       ; 14         ; 1        ; RESERVED_INPUT_WITH_WEAK_PULLUP                           ;        ;              ;         ; Row I/O    ;                 ; no       ; On           ;
; G2       ; 13         ; 1        ; RESERVED_INPUT_WITH_WEAK_PULLUP                           ;        ;              ;         ; Row I/O    ;                 ; no       ; On           ;
; G3       ;            ; 1        ; VCCIO1                                                    ; power  ;              ; 2.5V    ; --         ;                 ; --       ; --           ;
; G4       ;            ;          ; GND                                                       ; gnd    ;              ;         ; --         ;                 ; --       ; --           ;
; G5       ; 10         ; 1        ; RESERVED_INPUT_WITH_WEAK_PULLUP                           ;        ;              ;         ; Row I/O    ;                 ; no       ; On           ;
; G6       ;            ;          ; VCCINT                                                    ; power  ;              ; 1.2V    ; --         ;                 ; --       ; --           ;
; G7       ;            ;          ; VCCINT                                                    ; power  ;              ; 1.2V    ; --         ;                 ; --       ; --           ;
; G8       ;            ;          ; VCCINT                                                    ; power  ;              ; 1.2V    ; --         ;                 ; --       ; --           ;
; G9       ;            ;          ; VCCINT                                                    ; power  ;              ; 1.2V    ; --         ;                 ; --       ; --           ;
; G10      ;            ;          ; VCCINT                                                    ; power  ;              ; 1.2V    ; --         ;                 ; --       ; --           ;
; G11      ; 145        ; 6        ; RESERVED_INPUT_WITH_WEAK_PULLUP                           ;        ;              ;         ; Row I/O    ;                 ; no       ; On           ;
; G12      ; 132        ; 6        ; ^MSEL2                                                    ;        ;              ;         ; --         ;                 ; --       ; --           ;
; G12      ; 133        ; 6        ; ^MSEL3                                                    ;        ;              ;         ; --         ;                 ; --       ; --           ;
; G13      ;            ;          ; GND                                                       ; gnd    ;              ;         ; --         ;                 ; --       ; --           ;
; G14      ;            ; 6        ; VCCIO6                                                    ; power  ;              ; 2.5V    ; --         ;                 ; --       ; --           ;
; G15      ; 137        ; 6        ; SrcB[12]                                                  ; input  ; 2.5 V        ;         ; Row I/O    ; N               ; no       ; Off          ;
; G16      ; 136        ; 6        ; SrcA[1]                                                   ; input  ; 2.5 V        ;         ; Row I/O    ; N               ; no       ; Off          ;
; H1       ; 15         ; 1        ; ~ALTERA_DCLK~                                             ; output ; 2.5 V        ;         ; Row I/O    ; N               ; no       ; On           ;
; H2       ; 16         ; 1        ; ~ALTERA_DATA0~ / RESERVED_INPUT_WITH_WEAK_PULLUP          ; input  ; 2.5 V        ;         ; Row I/O    ; N               ; no       ; On           ;
; H3       ; 19         ; 1        ; #TCK                                                      ; input  ;              ;         ; --         ;                 ; --       ; --           ;
; H4       ; 18         ; 1        ; #TDI                                                      ; input  ;              ;         ; --         ;                 ; --       ; --           ;
; H5       ; 17         ; 1        ; ^nCONFIG                                                  ;        ;              ;         ; --         ;                 ; --       ; --           ;
; H6       ;            ;          ; VCCINT                                                    ; power  ;              ; 1.2V    ; --         ;                 ; --       ; --           ;
; H7       ;            ;          ; GND                                                       ; gnd    ;              ;         ; --         ;                 ; --       ; --           ;
; H8       ;            ;          ; GND                                                       ; gnd    ;              ;         ; --         ;                 ; --       ; --           ;
; H9       ;            ;          ; GND                                                       ; gnd    ;              ;         ; --         ;                 ; --       ; --           ;
; H10      ;            ;          ; GND                                                       ; gnd    ;              ;         ; --         ;                 ; --       ; --           ;
; H11      ;            ;          ; VCCINT                                                    ; power  ;              ; 1.2V    ; --         ;                 ; --       ; --           ;
; H12      ; 131        ; 6        ; ^MSEL1                                                    ;        ;              ;         ; --         ;                 ; --       ; --           ;
; H13      ; 130        ; 6        ; ^MSEL0                                                    ;        ;              ;         ; --         ;                 ; --       ; --           ;
; H14      ; 129        ; 6        ; ^CONF_DONE                                                ;        ;              ;         ; --         ;                 ; --       ; --           ;
; H15      ;            ;          ; GND                                                       ; gnd    ;              ;         ; --         ;                 ; --       ; --           ;
; H16      ;            ;          ; GND                                                       ; gnd    ;              ;         ; --         ;                 ; --       ; --           ;
; J1       ; 28         ; 2        ; SrcA[3]                                                   ; input  ; 2.5 V        ;         ; Row I/O    ; N               ; no       ; Off          ;
; J2       ; 27         ; 2        ; ALUResult[24]                                             ; output ; 2.5 V        ;         ; Row I/O    ; N               ; no       ; Off          ;
; J3       ; 22         ; 1        ; ^nCE                                                      ;        ;              ;         ; --         ;                 ; --       ; --           ;
; J4       ; 21         ; 1        ; #TDO                                                      ; output ;              ;         ; --         ;                 ; --       ; --           ;
; J5       ; 20         ; 1        ; #TMS                                                      ; input  ;              ;         ; --         ;                 ; --       ; --           ;
; J6       ; 29         ; 2        ; SrcB[29]                                                  ; input  ; 2.5 V        ;         ; Row I/O    ; N               ; no       ; Off          ;
; J7       ;            ;          ; GND                                                       ; gnd    ;              ;         ; --         ;                 ; --       ; --           ;
; J8       ;            ;          ; GND                                                       ; gnd    ;              ;         ; --         ;                 ; --       ; --           ;
; J9       ;            ;          ; GND                                                       ; gnd    ;              ;         ; --         ;                 ; --       ; --           ;
; J10      ;            ;          ; GND                                                       ; gnd    ;              ;         ; --         ;                 ; --       ; --           ;
; J11      ; 117        ; 5        ; SrcB[2]                                                   ; input  ; 2.5 V        ;         ; Row I/O    ; N               ; no       ; Off          ;
; J12      ; 123        ; 5        ; ALUResult[5]                                              ; output ; 2.5 V        ;         ; Row I/O    ; N               ; no       ; Off          ;
; J13      ; 124        ; 5        ; SrcA[5]                                                   ; input  ; 2.5 V        ;         ; Row I/O    ; N               ; no       ; Off          ;
; J14      ; 122        ; 5        ; SrcA[2]                                                   ; input  ; 2.5 V        ;         ; Row I/O    ; N               ; no       ; Off          ;
; J15      ; 121        ; 5        ; SrcA[10]                                                  ; input  ; 2.5 V        ;         ; Row I/O    ; N               ; no       ; Off          ;
; J16      ; 120        ; 5        ; SrcB[25]                                                  ; input  ; 2.5 V        ;         ; Row I/O    ; N               ; no       ; Off          ;
; K1       ; 33         ; 2        ; RESERVED_INPUT_WITH_WEAK_PULLUP                           ;        ;              ;         ; Row I/O    ;                 ; no       ; On           ;
; K2       ; 32         ; 2        ; ALUResult[28]                                             ; output ; 2.5 V        ;         ; Row I/O    ; N               ; no       ; Off          ;
; K3       ;            ; 2        ; VCCIO2                                                    ; power  ;              ; 2.5V    ; --         ;                 ; --       ; --           ;
; K4       ;            ;          ; GND                                                       ; gnd    ;              ;         ; --         ;                 ; --       ; --           ;
; K5       ; 39         ; 2        ; RESERVED_INPUT_WITH_WEAK_PULLUP                           ;        ;              ;         ; Row I/O    ;                 ; no       ; On           ;
; K6       ; 30         ; 2        ; SrcB[16]                                                  ; input  ; 2.5 V        ;         ; Row I/O    ; N               ; no       ; Off          ;
; K7       ;            ;          ; VCCINT                                                    ; power  ;              ; 1.2V    ; --         ;                 ; --       ; --           ;
; K8       ; 60         ; 3        ; RESERVED_INPUT_WITH_WEAK_PULLUP                           ;        ;              ;         ; Column I/O ;                 ; no       ; On           ;
; K9       ; 76         ; 4        ; SrcB[28]                                                  ; input  ; 2.5 V        ;         ; Column I/O ; N               ; no       ; Off          ;
; K10      ; 87         ; 4        ; SrcA[31]                                                  ; input  ; 2.5 V        ;         ; Column I/O ; N               ; no       ; Off          ;
; K11      ; 110        ; 5        ; SrcB[14]                                                  ; input  ; 2.5 V        ;         ; Row I/O    ; N               ; no       ; Off          ;
; K12      ; 105        ; 5        ; SrcB[21]                                                  ; input  ; 2.5 V        ;         ; Row I/O    ; N               ; no       ; Off          ;
; K13      ;            ;          ; GND                                                       ; gnd    ;              ;         ; --         ;                 ; --       ; --           ;
; K14      ;            ; 5        ; VCCIO5                                                    ; power  ;              ; 2.5V    ; --         ;                 ; --       ; --           ;
; K15      ; 119        ; 5        ; SrcB[23]                                                  ; input  ; 2.5 V        ;         ; Row I/O    ; N               ; no       ; Off          ;
; K16      ; 118        ; 5        ; SrcB[4]                                                   ; input  ; 2.5 V        ;         ; Row I/O    ; N               ; no       ; Off          ;
; L1       ; 35         ; 2        ; RESERVED_INPUT_WITH_WEAK_PULLUP                           ;        ;              ;         ; Row I/O    ;                 ; no       ; On           ;
; L2       ; 34         ; 2        ; SrcB[17]                                                  ; input  ; 2.5 V        ;         ; Row I/O    ; N               ; no       ; Off          ;
; L3       ; 36         ; 2        ; RESERVED_INPUT_WITH_WEAK_PULLUP                           ;        ;              ;         ; Row I/O    ;                 ; --       ; --           ;
; L4       ; 40         ; 2        ; RESERVED_INPUT_WITH_WEAK_PULLUP                           ;        ;              ;         ; Row I/O    ;                 ; no       ; On           ;
; L5       ;            ; --       ; VCCA1                                                     ; power  ;              ; 2.5V    ; --         ;                 ; --       ; --           ;
; L6       ; 31         ; 2        ; SrcB[20]                                                  ; input  ; 2.5 V        ;         ; Row I/O    ; N               ; no       ; Off          ;
; L7       ; 65         ; 3        ; RESERVED_INPUT_WITH_WEAK_PULLUP                           ;        ;              ;         ; Column I/O ;                 ; no       ; On           ;
; L8       ; 68         ; 3        ; ALUResult[19]                                             ; output ; 2.5 V        ;         ; Column I/O ; N               ; no       ; Off          ;
; L9       ; 77         ; 4        ; SrcA[30]                                                  ; input  ; 2.5 V        ;         ; Column I/O ; N               ; no       ; Off          ;
; L10      ; 88         ; 4        ; SrcB[0]                                                   ; input  ; 2.5 V        ;         ; Column I/O ; N               ; no       ; Off          ;
; L11      ; 99         ; 4        ; RESERVED_INPUT_WITH_WEAK_PULLUP                           ;        ;              ;         ; Column I/O ;                 ; no       ; On           ;
; L12      ; 104        ; 5        ; SrcB[15]                                                  ; input  ; 2.5 V        ;         ; Row I/O    ; N               ; no       ; Off          ;
; L13      ; 114        ; 5        ; SrcA[20]                                                  ; input  ; 2.5 V        ;         ; Row I/O    ; N               ; no       ; Off          ;
; L14      ; 113        ; 5        ; SrcA[15]                                                  ; input  ; 2.5 V        ;         ; Row I/O    ; N               ; no       ; Off          ;
; L15      ; 116        ; 5        ; SrcB[7]                                                   ; input  ; 2.5 V        ;         ; Row I/O    ; N               ; no       ; Off          ;
; L16      ; 115        ; 5        ; SrcB[31]                                                  ; input  ; 2.5 V        ;         ; Row I/O    ; N               ; no       ; Off          ;
; M1       ; 26         ; 2        ; SrcA[4]                                                   ; input  ; 2.5 V        ;         ; Row I/O    ; N               ; no       ; Off          ;
; M2       ; 25         ; 2        ; SrcB[5]                                                   ; input  ; 2.5 V        ;         ; Row I/O    ; N               ; no       ; Off          ;
; M3       ;            ; 2        ; VCCIO2                                                    ; power  ;              ; 2.5V    ; --         ;                 ; --       ; --           ;
; M4       ;            ;          ; GND                                                       ; gnd    ;              ;         ; --         ;                 ; --       ; --           ;
; M5       ;            ;          ; GNDA1                                                     ; gnd    ;              ;         ; --         ;                 ; --       ; --           ;
; M6       ; 57         ; 3        ; RESERVED_INPUT_WITH_WEAK_PULLUP                           ;        ;              ;         ; Column I/O ;                 ; no       ; On           ;
; M7       ; 59         ; 3        ; RESERVED_INPUT_WITH_WEAK_PULLUP                           ;        ;              ;         ; Column I/O ;                 ; no       ; On           ;
; M8       ; 69         ; 3        ; ALUControl[2]                                             ; input  ; 2.5 V        ;         ; Column I/O ; N               ; no       ; Off          ;
; M9       ; 78         ; 4        ; SrcA[25]                                                  ; input  ; 2.5 V        ;         ; Column I/O ; N               ; no       ; Off          ;
; M10      ; 93         ; 4        ; SrcB[18]                                                  ; input  ; 2.5 V        ;         ; Column I/O ; N               ; no       ; Off          ;
; M11      ; 100        ; 4        ; SrcA[9]                                                   ; input  ; 2.5 V        ;         ; Column I/O ; N               ; no       ; Off          ;
; M12      ; 103        ; 5        ; RESERVED_INPUT_WITH_WEAK_PULLUP                           ;        ;              ;         ; Row I/O    ;                 ; no       ; On           ;
; M13      ;            ;          ; GND                                                       ; gnd    ;              ;         ; --         ;                 ; --       ; --           ;
; M14      ;            ; 5        ; VCCIO5                                                    ; power  ;              ; 2.5V    ; --         ;                 ; --       ; --           ;
; M15      ; 126        ; 5        ; GND+                                                      ;        ;              ;         ; Row I/O    ;                 ; --       ; --           ;
; M16      ; 125        ; 5        ; GND+                                                      ;        ;              ;         ; Row I/O    ;                 ; --       ; --           ;
; N1       ; 38         ; 2        ; RESERVED_INPUT_WITH_WEAK_PULLUP                           ;        ;              ;         ; Row I/O    ;                 ; no       ; On           ;
; N2       ; 37         ; 2        ; RESERVED_INPUT_WITH_WEAK_PULLUP                           ;        ;              ;         ; Row I/O    ;                 ; no       ; On           ;
; N3       ; 45         ; 3        ; RESERVED_INPUT_WITH_WEAK_PULLUP                           ;        ;              ;         ; Column I/O ;                 ; no       ; On           ;
; N4       ;            ;          ; VCCD_PLL1                                                 ; power  ;              ; 1.2V    ; --         ;                 ; --       ; --           ;
; N5       ; 55         ; 3        ; RESERVED_INPUT_WITH_WEAK_PULLUP                           ;        ;              ;         ; Column I/O ;                 ; no       ; On           ;
; N6       ; 56         ; 3        ; RESERVED_INPUT_WITH_WEAK_PULLUP                           ;        ;              ;         ; Column I/O ;                 ; no       ; On           ;
; N7       ;            ;          ; GND                                                       ; gnd    ;              ;         ; --         ;                 ; --       ; --           ;
; N8       ; 70         ; 3        ; SrcA[16]                                                  ; input  ; 2.5 V        ;         ; Column I/O ; N               ; no       ; Off          ;
; N9       ; 79         ; 4        ; ALUResult[26]                                             ; output ; 2.5 V        ;         ; Column I/O ; N               ; no       ; Off          ;
; N10      ;            ;          ; GND                                                       ; gnd    ;              ;         ; --         ;                 ; --       ; --           ;
; N11      ; 94         ; 4        ; RESERVED_INPUT_WITH_WEAK_PULLUP                           ;        ;              ;         ; Column I/O ;                 ; no       ; On           ;
; N12      ; 101        ; 4        ; RESERVED_INPUT_WITH_WEAK_PULLUP                           ;        ;              ;         ; Column I/O ;                 ; no       ; On           ;
; N13      ; 102        ; 5        ; SrcB[19]                                                  ; input  ; 2.5 V        ;         ; Row I/O    ; N               ; no       ; Off          ;
; N14      ; 106        ; 5        ; SrcB[8]                                                   ; input  ; 2.5 V        ;         ; Row I/O    ; N               ; no       ; Off          ;
; N15      ; 112        ; 5        ; ALUResult[2]                                              ; output ; 2.5 V        ;         ; Row I/O    ; N               ; no       ; Off          ;
; N16      ; 111        ; 5        ; SrcA[6]                                                   ; input  ; 2.5 V        ;         ; Row I/O    ; N               ; no       ; Off          ;
; P1       ; 44         ; 2        ; RESERVED_INPUT_WITH_WEAK_PULLUP                           ;        ;              ;         ; Row I/O    ;                 ; no       ; On           ;
; P2       ; 43         ; 2        ; RESERVED_INPUT_WITH_WEAK_PULLUP                           ;        ;              ;         ; Row I/O    ;                 ; no       ; On           ;
; P3       ; 46         ; 3        ; RESERVED_INPUT_WITH_WEAK_PULLUP                           ;        ;              ;         ; Column I/O ;                 ; no       ; On           ;
; P4       ;            ; 3        ; VCCIO3                                                    ; power  ;              ; 2.5V    ; --         ;                 ; --       ; --           ;
; P5       ;            ;          ; GND                                                       ; gnd    ;              ;         ; --         ;                 ; --       ; --           ;
; P6       ; 58         ; 3        ; RESERVED_INPUT_WITH_WEAK_PULLUP                           ;        ;              ;         ; Column I/O ;                 ; --       ; --           ;
; P7       ;            ; 3        ; VCCIO3                                                    ; power  ;              ; 2.5V    ; --         ;                 ; --       ; --           ;
; P8       ; 71         ; 3        ; SrcA[29]                                                  ; input  ; 2.5 V        ;         ; Column I/O ; N               ; no       ; Off          ;
; P9       ; 89         ; 4        ; SrcA[21]                                                  ; input  ; 2.5 V        ;         ; Column I/O ; N               ; no       ; Off          ;
; P10      ;            ; 4        ; VCCIO4                                                    ; power  ;              ; 2.5V    ; --         ;                 ; --       ; --           ;
; P11      ; 90         ; 4        ; SrcA[26]                                                  ; input  ; 2.5 V        ;         ; Column I/O ; N               ; no       ; Off          ;
; P12      ;            ;          ; GND                                                       ; gnd    ;              ;         ; --         ;                 ; --       ; --           ;
; P13      ;            ; 4        ; VCCIO4                                                    ; power  ;              ; 2.5V    ; --         ;                 ; --       ; --           ;
; P14      ; 98         ; 4        ; SrcB[10]                                                  ; input  ; 2.5 V        ;         ; Column I/O ; N               ; no       ; Off          ;
; P15      ; 107        ; 5        ; SrcB[13]                                                  ; input  ; 2.5 V        ;         ; Row I/O    ; N               ; no       ; Off          ;
; P16      ; 108        ; 5        ; SrcA[27]                                                  ; input  ; 2.5 V        ;         ; Row I/O    ; N               ; no       ; Off          ;
; R1       ; 42         ; 2        ; RESERVED_INPUT_WITH_WEAK_PULLUP                           ;        ;              ;         ; Row I/O    ;                 ; no       ; On           ;
; R2       ;            ;          ; GND                                                       ; gnd    ;              ;         ; --         ;                 ; --       ; --           ;
; R3       ; 47         ; 3        ; RESERVED_INPUT_WITH_WEAK_PULLUP                           ;        ;              ;         ; Column I/O ;                 ; no       ; On           ;
; R4       ; 53         ; 3        ; RESERVED_INPUT_WITH_WEAK_PULLUP                           ;        ;              ;         ; Column I/O ;                 ; no       ; On           ;
; R5       ; 61         ; 3        ; RESERVED_INPUT_WITH_WEAK_PULLUP                           ;        ;              ;         ; Column I/O ;                 ; no       ; On           ;
; R6       ; 63         ; 3        ; SrcA[14]                                                  ; input  ; 2.5 V        ;         ; Column I/O ; N               ; no       ; Off          ;
; R7       ; 66         ; 3        ; RESERVED_INPUT_WITH_WEAK_PULLUP                           ;        ;              ;         ; Column I/O ;                 ; no       ; On           ;
; R8       ; 72         ; 3        ; SrcB[30]                                                  ; input  ; 2.5 V        ;         ; Column I/O ; N               ; no       ; Off          ;
; R9       ; 74         ; 4        ; SrcB[1]                                                   ; input  ; 2.5 V        ;         ; Column I/O ; N               ; no       ; Off          ;
; R10      ; 80         ; 4        ; SrcA[19]                                                  ; input  ; 2.5 V        ;         ; Column I/O ; N               ; no       ; Off          ;
; R11      ; 83         ; 4        ; SrcB[26]                                                  ; input  ; 2.5 V        ;         ; Column I/O ; N               ; no       ; Off          ;
; R12      ; 85         ; 4        ; SrcA[22]                                                  ; input  ; 2.5 V        ;         ; Column I/O ; N               ; no       ; Off          ;
; R13      ; 91         ; 4        ; SrcA[17]                                                  ; input  ; 2.5 V        ;         ; Column I/O ; N               ; no       ; Off          ;
; R14      ; 97         ; 4        ; RESERVED_INPUT_WITH_WEAK_PULLUP                           ;        ;              ;         ; Column I/O ;                 ; no       ; On           ;
; R15      ;            ;          ; GND                                                       ; gnd    ;              ;         ; --         ;                 ; --       ; --           ;
; R16      ; 109        ; 5        ; SrcB[27]                                                  ; input  ; 2.5 V        ;         ; Row I/O    ; N               ; no       ; Off          ;
; T1       ;            ; 3        ; VCCIO3                                                    ; power  ;              ; 2.5V    ; --         ;                 ; --       ; --           ;
; T2       ; 52         ; 3        ; RESERVED_INPUT_WITH_WEAK_PULLUP                           ;        ;              ;         ; Column I/O ;                 ; no       ; On           ;
; T3       ; 48         ; 3        ; RESERVED_INPUT_WITH_WEAK_PULLUP                           ;        ;              ;         ; Column I/O ;                 ; no       ; On           ;
; T4       ; 54         ; 3        ; RESERVED_INPUT_WITH_WEAK_PULLUP                           ;        ;              ;         ; Column I/O ;                 ; no       ; On           ;
; T5       ; 62         ; 3        ; RESERVED_INPUT_WITH_WEAK_PULLUP                           ;        ;              ;         ; Column I/O ;                 ; no       ; On           ;
; T6       ; 64         ; 3        ; SrcA[18]                                                  ; input  ; 2.5 V        ;         ; Column I/O ; N               ; no       ; Off          ;
; T7       ; 67         ; 3        ; SrcA[24]                                                  ; input  ; 2.5 V        ;         ; Column I/O ; N               ; no       ; Off          ;
; T8       ; 73         ; 3        ; ALUResult[25]                                             ; output ; 2.5 V        ;         ; Column I/O ; N               ; no       ; Off          ;
; T9       ; 75         ; 4        ; SrcA[11]                                                  ; input  ; 2.5 V        ;         ; Column I/O ; N               ; no       ; Off          ;
; T10      ; 81         ; 4        ; SrcA[13]                                                  ; input  ; 2.5 V        ;         ; Column I/O ; N               ; no       ; Off          ;
; T11      ; 84         ; 4        ; ALUResult[8]                                              ; output ; 2.5 V        ;         ; Column I/O ; N               ; no       ; Off          ;
; T12      ; 86         ; 4        ; ALUResult[11]                                             ; output ; 2.5 V        ;         ; Column I/O ; N               ; no       ; Off          ;
; T13      ; 92         ; 4        ; ALUResult[27]                                             ; output ; 2.5 V        ;         ; Column I/O ; N               ; no       ; Off          ;
; T14      ; 95         ; 4        ; ALUResult[13]                                             ; output ; 2.5 V        ;         ; Column I/O ; N               ; no       ; Off          ;
; T15      ; 96         ; 4        ; SrcB[9]                                                   ; input  ; 2.5 V        ;         ; Column I/O ; N               ; no       ; Off          ;
; T16      ;            ; 4        ; VCCIO4                                                    ; power  ;              ; 2.5V    ; --         ;                 ; --       ; --           ;
+----------+------------+----------+-----------------------------------------------------------+--------+--------------+---------+------------+-----------------+----------+--------------+
Note: Pin directions (input, output or bidir) are based on device operating in user mode.


+-----------------------------------------------+
; I/O Assignment Warnings                       ;
+---------------+-------------------------------+
; Pin Name      ; Reason                        ;
+---------------+-------------------------------+
; ALUResult[0]  ; Incomplete set of assignments ;
; ALUResult[1]  ; Incomplete set of assignments ;
; ALUResult[2]  ; Incomplete set of assignments ;
; ALUResult[3]  ; Incomplete set of assignments ;
; ALUResult[4]  ; Incomplete set of assignments ;
; ALUResult[5]  ; Incomplete set of assignments ;
; ALUResult[6]  ; Incomplete set of assignments ;
; ALUResult[7]  ; Incomplete set of assignments ;
; ALUResult[8]  ; Incomplete set of assignments ;
; ALUResult[9]  ; Incomplete set of assignments ;
; ALUResult[10] ; Incomplete set of assignments ;
; ALUResult[11] ; Incomplete set of assignments ;
; ALUResult[12] ; Incomplete set of assignments ;
; ALUResult[13] ; Incomplete set of assignments ;
; ALUResult[14] ; Incomplete set of assignments ;
; ALUResult[15] ; Incomplete set of assignments ;
; ALUResult[16] ; Incomplete set of assignments ;
; ALUResult[17] ; Incomplete set of assignments ;
; ALUResult[18] ; Incomplete set of assignments ;
; ALUResult[19] ; Incomplete set of assignments ;
; ALUResult[20] ; Incomplete set of assignments ;
; ALUResult[21] ; Incomplete set of assignments ;
; ALUResult[22] ; Incomplete set of assignments ;
; ALUResult[23] ; Incomplete set of assignments ;
; ALUResult[24] ; Incomplete set of assignments ;
; ALUResult[25] ; Incomplete set of assignments ;
; ALUResult[26] ; Incomplete set of assignments ;
; ALUResult[27] ; Incomplete set of assignments ;
; ALUResult[28] ; Incomplete set of assignments ;
; ALUResult[29] ; Incomplete set of assignments ;
; ALUResult[30] ; Incomplete set of assignments ;
; ALUResult[31] ; Incomplete set of assignments ;
; Zero          ; Incomplete set of assignments ;
; SrcA[31]      ; Incomplete set of assignments ;
; SrcB[31]      ; Incomplete set of assignments ;
; SrcA[30]      ; Incomplete set of assignments ;
; SrcB[30]      ; Incomplete set of assignments ;
; SrcA[29]      ; Incomplete set of assignments ;
; SrcB[29]      ; Incomplete set of assignments ;
; SrcA[28]      ; Incomplete set of assignments ;
; SrcB[28]      ; Incomplete set of assignments ;
; SrcA[27]      ; Incomplete set of assignments ;
; SrcB[27]      ; Incomplete set of assignments ;
; SrcA[26]      ; Incomplete set of assignments ;
; SrcB[26]      ; Incomplete set of assignments ;
; SrcA[25]      ; Incomplete set of assignments ;
; SrcB[25]      ; Incomplete set of assignments ;
; SrcA[24]      ; Incomplete set of assignments ;
; SrcB[24]      ; Incomplete set of assignments ;
; SrcA[23]      ; Incomplete set of assignments ;
; SrcB[23]      ; Incomplete set of assignments ;
; SrcA[22]      ; Incomplete set of assignments ;
; SrcB[22]      ; Incomplete set of assignments ;
; SrcA[21]      ; Incomplete set of assignments ;
; SrcB[21]      ; Incomplete set of assignments ;
; SrcA[20]      ; Incomplete set of assignments ;
; SrcB[20]      ; Incomplete set of assignments ;
; SrcA[19]      ; Incomplete set of assignments ;
; SrcB[19]      ; Incomplete set of assignments ;
; SrcA[18]      ; Incomplete set of assignments ;
; SrcB[18]      ; Incomplete set of assignments ;
; SrcA[17]      ; Incomplete set of assignments ;
; SrcB[17]      ; Incomplete set of assignments ;
; SrcA[16]      ; Incomplete set of assignments ;
; SrcB[16]      ; Incomplete set of assignments ;
; SrcA[15]      ; Incomplete set of assignments ;
; SrcB[15]      ; Incomplete set of assignments ;
; SrcA[14]      ; Incomplete set of assignments ;
; SrcB[14]      ; Incomplete set of assignments ;
; SrcA[13]      ; Incomplete set of assignments ;
; SrcB[13]      ; Incomplete set of assignments ;
; SrcA[12]      ; Incomplete set of assignments ;
; SrcB[12]      ; Incomplete set of assignments ;
; SrcA[11]      ; Incomplete set of assignments ;
; SrcB[11]      ; Incomplete set of assignments ;
; SrcA[10]      ; Incomplete set of assignments ;
; SrcB[10]      ; Incomplete set of assignments ;
; SrcA[9]       ; Incomplete set of assignments ;
; SrcB[9]       ; Incomplete set of assignments ;
; SrcA[8]       ; Incomplete set of assignments ;
; SrcB[8]       ; Incomplete set of assignments ;
; SrcA[7]       ; Incomplete set of assignments ;
; SrcB[7]       ; Incomplete set of assignments ;
; SrcA[6]       ; Incomplete set of assignments ;
; SrcB[6]       ; Incomplete set of assignments ;
; SrcA[5]       ; Incomplete set of assignments ;
; SrcB[5]       ; Incomplete set of assignments ;
; SrcA[4]       ; Incomplete set of assignments ;
; SrcB[4]       ; Incomplete set of assignments ;
; SrcA[3]       ; Incomplete set of assignments ;
; SrcB[3]       ; Incomplete set of assignments ;
; SrcA[2]       ; Incomplete set of assignments ;
; SrcB[2]       ; Incomplete set of assignments ;
; SrcA[1]       ; Incomplete set of assignments ;
; SrcB[1]       ; Incomplete set of assignments ;
; SrcA[0]       ; Incomplete set of assignments ;
; SrcB[0]       ; Incomplete set of assignments ;
; ALUControl[1] ; Incomplete set of assignments ;
; ALUControl[0] ; Incomplete set of assignments ;
; ALUControl[2] ; Incomplete set of assignments ;
; ALUResult[0]  ; Missing location assignment   ;
; ALUResult[1]  ; Missing location assignment   ;
; ALUResult[2]  ; Missing location assignment   ;
; ALUResult[3]  ; Missing location assignment   ;
; ALUResult[4]  ; Missing location assignment   ;
; ALUResult[5]  ; Missing location assignment   ;
; ALUResult[6]  ; Missing location assignment   ;
; ALUResult[7]  ; Missing location assignment   ;
; ALUResult[8]  ; Missing location assignment   ;
; ALUResult[9]  ; Missing location assignment   ;
; ALUResult[10] ; Missing location assignment   ;
; ALUResult[11] ; Missing location assignment   ;
; ALUResult[12] ; Missing location assignment   ;
; ALUResult[13] ; Missing location assignment   ;
; ALUResult[14] ; Missing location assignment   ;
; ALUResult[15] ; Missing location assignment   ;
; ALUResult[16] ; Missing location assignment   ;
; ALUResult[17] ; Missing location assignment   ;
; ALUResult[18] ; Missing location assignment   ;
; ALUResult[19] ; Missing location assignment   ;
; ALUResult[20] ; Missing location assignment   ;
; ALUResult[21] ; Missing location assignment   ;
; ALUResult[22] ; Missing location assignment   ;
; ALUResult[23] ; Missing location assignment   ;
; ALUResult[24] ; Missing location assignment   ;
; ALUResult[25] ; Missing location assignment   ;
; ALUResult[26] ; Missing location assignment   ;
; ALUResult[27] ; Missing location assignment   ;
; ALUResult[28] ; Missing location assignment   ;
; ALUResult[29] ; Missing location assignment   ;
; ALUResult[30] ; Missing location assignment   ;
; ALUResult[31] ; Missing location assignment   ;
; Zero          ; Missing location assignment   ;
; SrcA[31]      ; Missing location assignment   ;
; SrcB[31]      ; Missing location assignment   ;
; SrcA[30]      ; Missing location assignment   ;
; SrcB[30]      ; Missing location assignment   ;
; SrcA[29]      ; Missing location assignment   ;
; SrcB[29]      ; Missing location assignment   ;
; SrcA[28]      ; Missing location assignment   ;
; SrcB[28]      ; Missing location assignment   ;
; SrcA[27]      ; Missing location assignment   ;
; SrcB[27]      ; Missing location assignment   ;
; SrcA[26]      ; Missing location assignment   ;
; SrcB[26]      ; Missing location assignment   ;
; SrcA[25]      ; Missing location assignment   ;
; SrcB[25]      ; Missing location assignment   ;
; SrcA[24]      ; Missing location assignment   ;
; SrcB[24]      ; Missing location assignment   ;
; SrcA[23]      ; Missing location assignment   ;
; SrcB[23]      ; Missing location assignment   ;
; SrcA[22]      ; Missing location assignment   ;
; SrcB[22]      ; Missing location assignment   ;
; SrcA[21]      ; Missing location assignment   ;
; SrcB[21]      ; Missing location assignment   ;
; SrcA[20]      ; Missing location assignment   ;
; SrcB[20]      ; Missing location assignment   ;
; SrcA[19]      ; Missing location assignment   ;
; SrcB[19]      ; Missing location assignment   ;
; SrcA[18]      ; Missing location assignment   ;
; SrcB[18]      ; Missing location assignment   ;
; SrcA[17]      ; Missing location assignment   ;
; SrcB[17]      ; Missing location assignment   ;
; SrcA[16]      ; Missing location assignment   ;
; SrcB[16]      ; Missing location assignment   ;
; SrcA[15]      ; Missing location assignment   ;
; SrcB[15]      ; Missing location assignment   ;
; SrcA[14]      ; Missing location assignment   ;
; SrcB[14]      ; Missing location assignment   ;
; SrcA[13]      ; Missing location assignment   ;
; SrcB[13]      ; Missing location assignment   ;
; SrcA[12]      ; Missing location assignment   ;
; SrcB[12]      ; Missing location assignment   ;
; SrcA[11]      ; Missing location assignment   ;
; SrcB[11]      ; Missing location assignment   ;
; SrcA[10]      ; Missing location assignment   ;
; SrcB[10]      ; Missing location assignment   ;
; SrcA[9]       ; Missing location assignment   ;
; SrcB[9]       ; Missing location assignment   ;
; SrcA[8]       ; Missing location assignment   ;
; SrcB[8]       ; Missing location assignment   ;
; SrcA[7]       ; Missing location assignment   ;
; SrcB[7]       ; Missing location assignment   ;
; SrcA[6]       ; Missing location assignment   ;
; SrcB[6]       ; Missing location assignment   ;
; SrcA[5]       ; Missing location assignment   ;
; SrcB[5]       ; Missing location assignment   ;
; SrcA[4]       ; Missing location assignment   ;
; SrcB[4]       ; Missing location assignment   ;
; SrcA[3]       ; Missing location assignment   ;
; SrcB[3]       ; Missing location assignment   ;
; SrcA[2]       ; Missing location assignment   ;
; SrcB[2]       ; Missing location assignment   ;
; SrcA[1]       ; Missing location assignment   ;
; SrcB[1]       ; Missing location assignment   ;
; SrcA[0]       ; Missing location assignment   ;
; SrcB[0]       ; Missing location assignment   ;
; ALUControl[1] ; Missing location assignment   ;
; ALUControl[0] ; Missing location assignment   ;
; ALUControl[2] ; Missing location assignment   ;
+---------------+-------------------------------+


+-------------------------------------------------------------------------------------------------------------------------------------------------------------------------------------------------------------------------------------------------------------------------------+
; Fitter Resource Utilization by Entity                                                                                                                                                                                                                                         ;
+----------------------------+-------------+---------------------------+---------------+-------------+------+--------------+---------+-----------+------+--------------+--------------+-------------------+------------------+---------------------+-------------+--------------+
; Compilation Hierarchy Node ; Logic Cells ; Dedicated Logic Registers ; I/O Registers ; Memory Bits ; M9Ks ; DSP Elements ; DSP 9x9 ; DSP 18x18 ; Pins ; Virtual Pins ; LUT-Only LCs ; Register-Only LCs ; LUT/Register LCs ; Full Hierarchy Name ; Entity Name ; Library Name ;
+----------------------------+-------------+---------------------------+---------------+-------------+------+--------------+---------+-----------+------+--------------+--------------+-------------------+------------------+---------------------+-------------+--------------+
; |ALU                       ; 414 (414)   ; 0 (0)                     ; 0 (0)         ; 0           ; 0    ; 0            ; 0       ; 0         ; 100  ; 0            ; 414 (414)    ; 0 (0)             ; 0 (0)            ; |ALU                ; ALU         ; work         ;
+----------------------------+-------------+---------------------------+---------------+-------------+------+--------------+---------+-----------+------+--------------+--------------+-------------------+------------------+---------------------+-------------+--------------+
Note: For table entries with two numbers listed, the numbers in parentheses indicate the number of resources of the given type used by the specific entity alone. The numbers listed outside of parentheses indicate the total resources of the given type used by the specific entity and all of its sub-entities in the hierarchy.


+-----------------------------------------------------------------------------------------------+
; Delay Chain Summary                                                                           ;
+---------------+----------+---------------+---------------+-----------------------+-----+------+
; Name          ; Pin Type ; Pad to Core 0 ; Pad to Core 1 ; Pad to Input Register ; TCO ; TCOE ;
+---------------+----------+---------------+---------------+-----------------------+-----+------+
; ALUResult[0]  ; Output   ; --            ; --            ; --                    ; --  ; --   ;
; ALUResult[1]  ; Output   ; --            ; --            ; --                    ; --  ; --   ;
; ALUResult[2]  ; Output   ; --            ; --            ; --                    ; --  ; --   ;
; ALUResult[3]  ; Output   ; --            ; --            ; --                    ; --  ; --   ;
; ALUResult[4]  ; Output   ; --            ; --            ; --                    ; --  ; --   ;
; ALUResult[5]  ; Output   ; --            ; --            ; --                    ; --  ; --   ;
; ALUResult[6]  ; Output   ; --            ; --            ; --                    ; --  ; --   ;
; ALUResult[7]  ; Output   ; --            ; --            ; --                    ; --  ; --   ;
; ALUResult[8]  ; Output   ; --            ; --            ; --                    ; --  ; --   ;
; ALUResult[9]  ; Output   ; --            ; --            ; --                    ; --  ; --   ;
; ALUResult[10] ; Output   ; --            ; --            ; --                    ; --  ; --   ;
; ALUResult[11] ; Output   ; --            ; --            ; --                    ; --  ; --   ;
; ALUResult[12] ; Output   ; --            ; --            ; --                    ; --  ; --   ;
; ALUResult[13] ; Output   ; --            ; --            ; --                    ; --  ; --   ;
; ALUResult[14] ; Output   ; --            ; --            ; --                    ; --  ; --   ;
; ALUResult[15] ; Output   ; --            ; --            ; --                    ; --  ; --   ;
; ALUResult[16] ; Output   ; --            ; --            ; --                    ; --  ; --   ;
; ALUResult[17] ; Output   ; --            ; --            ; --                    ; --  ; --   ;
; ALUResult[18] ; Output   ; --            ; --            ; --                    ; --  ; --   ;
; ALUResult[19] ; Output   ; --            ; --            ; --                    ; --  ; --   ;
; ALUResult[20] ; Output   ; --            ; --            ; --                    ; --  ; --   ;
; ALUResult[21] ; Output   ; --            ; --            ; --                    ; --  ; --   ;
; ALUResult[22] ; Output   ; --            ; --            ; --                    ; --  ; --   ;
; ALUResult[23] ; Output   ; --            ; --            ; --                    ; --  ; --   ;
; ALUResult[24] ; Output   ; --            ; --            ; --                    ; --  ; --   ;
; ALUResult[25] ; Output   ; --            ; --            ; --                    ; --  ; --   ;
; ALUResult[26] ; Output   ; --            ; --            ; --                    ; --  ; --   ;
; ALUResult[27] ; Output   ; --            ; --            ; --                    ; --  ; --   ;
; ALUResult[28] ; Output   ; --            ; --            ; --                    ; --  ; --   ;
; ALUResult[29] ; Output   ; --            ; --            ; --                    ; --  ; --   ;
; ALUResult[30] ; Output   ; --            ; --            ; --                    ; --  ; --   ;
; ALUResult[31] ; Output   ; --            ; --            ; --                    ; --  ; --   ;
; Zero          ; Output   ; --            ; --            ; --                    ; --  ; --   ;
; SrcA[31]      ; Input    ; --            ; (6) 1314 ps   ; --                    ; --  ; --   ;
; SrcB[31]      ; Input    ; (6) 1314 ps   ; --            ; --                    ; --  ; --   ;
; SrcA[30]      ; Input    ; (6) 1314 ps   ; --            ; --                    ; --  ; --   ;
; SrcB[30]      ; Input    ; (6) 1314 ps   ; --            ; --                    ; --  ; --   ;
; SrcA[29]      ; Input    ; (6) 1314 ps   ; --            ; --                    ; --  ; --   ;
; SrcB[29]      ; Input    ; --            ; (6) 1314 ps   ; --                    ; --  ; --   ;
; SrcA[28]      ; Input    ; --            ; (6) 1314 ps   ; --                    ; --  ; --   ;
; SrcB[28]      ; Input    ; (6) 1314 ps   ; --            ; --                    ; --  ; --   ;
; SrcA[27]      ; Input    ; --            ; (6) 1314 ps   ; --                    ; --  ; --   ;
; SrcB[27]      ; Input    ; --            ; (6) 1314 ps   ; --                    ; --  ; --   ;
; SrcA[26]      ; Input    ; --            ; (6) 1314 ps   ; --                    ; --  ; --   ;
; SrcB[26]      ; Input    ; (6) 1314 ps   ; --            ; --                    ; --  ; --   ;
; SrcA[25]      ; Input    ; (6) 1314 ps   ; --            ; --                    ; --  ; --   ;
; SrcB[25]      ; Input    ; (6) 1314 ps   ; --            ; --                    ; --  ; --   ;
; SrcA[24]      ; Input    ; (6) 1314 ps   ; --            ; --                    ; --  ; --   ;
; SrcB[24]      ; Input    ; (6) 1314 ps   ; --            ; --                    ; --  ; --   ;
; SrcA[23]      ; Input    ; (6) 1314 ps   ; --            ; --                    ; --  ; --   ;
; SrcB[23]      ; Input    ; (6) 1314 ps   ; --            ; --                    ; --  ; --   ;
; SrcA[22]      ; Input    ; (6) 1314 ps   ; --            ; --                    ; --  ; --   ;
; SrcB[22]      ; Input    ; (6) 1314 ps   ; --            ; --                    ; --  ; --   ;
; SrcA[21]      ; Input    ; (6) 1314 ps   ; --            ; --                    ; --  ; --   ;
; SrcB[21]      ; Input    ; (6) 1314 ps   ; --            ; --                    ; --  ; --   ;
; SrcA[20]      ; Input    ; (6) 1314 ps   ; --            ; --                    ; --  ; --   ;
; SrcB[20]      ; Input    ; --            ; (6) 1314 ps   ; --                    ; --  ; --   ;
; SrcA[19]      ; Input    ; (6) 1314 ps   ; --            ; --                    ; --  ; --   ;
; SrcB[19]      ; Input    ; --            ; (6) 1314 ps   ; --                    ; --  ; --   ;
; SrcA[18]      ; Input    ; (6) 1314 ps   ; --            ; --                    ; --  ; --   ;
; SrcB[18]      ; Input    ; (6) 1314 ps   ; --            ; --                    ; --  ; --   ;
; SrcA[17]      ; Input    ; (6) 1314 ps   ; --            ; --                    ; --  ; --   ;
; SrcB[17]      ; Input    ; (6) 1314 ps   ; --            ; --                    ; --  ; --   ;
; SrcA[16]      ; Input    ; --            ; (6) 1314 ps   ; --                    ; --  ; --   ;
; SrcB[16]      ; Input    ; --            ; (6) 1314 ps   ; --                    ; --  ; --   ;
; SrcA[15]      ; Input    ; --            ; (6) 1314 ps   ; --                    ; --  ; --   ;
; SrcB[15]      ; Input    ; (6) 1314 ps   ; --            ; --                    ; --  ; --   ;
; SrcA[14]      ; Input    ; (6) 1314 ps   ; --            ; --                    ; --  ; --   ;
; SrcB[14]      ; Input    ; (6) 1314 ps   ; --            ; --                    ; --  ; --   ;
; SrcA[13]      ; Input    ; --            ; (6) 1314 ps   ; --                    ; --  ; --   ;
; SrcB[13]      ; Input    ; (6) 1314 ps   ; --            ; --                    ; --  ; --   ;
; SrcA[12]      ; Input    ; (6) 1314 ps   ; --            ; --                    ; --  ; --   ;
; SrcB[12]      ; Input    ; (6) 1314 ps   ; --            ; --                    ; --  ; --   ;
; SrcA[11]      ; Input    ; (6) 1314 ps   ; --            ; --                    ; --  ; --   ;
; SrcB[11]      ; Input    ; (6) 1314 ps   ; --            ; --                    ; --  ; --   ;
; SrcA[10]      ; Input    ; --            ; (6) 1314 ps   ; --                    ; --  ; --   ;
; SrcB[10]      ; Input    ; (6) 1314 ps   ; --            ; --                    ; --  ; --   ;
; SrcA[9]       ; Input    ; (6) 1314 ps   ; --            ; --                    ; --  ; --   ;
; SrcB[9]       ; Input    ; (6) 1314 ps   ; --            ; --                    ; --  ; --   ;
; SrcA[8]       ; Input    ; (6) 1314 ps   ; --            ; --                    ; --  ; --   ;
; SrcB[8]       ; Input    ; (6) 1314 ps   ; --            ; --                    ; --  ; --   ;
; SrcA[7]       ; Input    ; (6) 1314 ps   ; --            ; --                    ; --  ; --   ;
; SrcB[7]       ; Input    ; (6) 1314 ps   ; --            ; --                    ; --  ; --   ;
; SrcA[6]       ; Input    ; --            ; (6) 1314 ps   ; --                    ; --  ; --   ;
; SrcB[6]       ; Input    ; (6) 1314 ps   ; --            ; --                    ; --  ; --   ;
; SrcA[5]       ; Input    ; (6) 1314 ps   ; --            ; --                    ; --  ; --   ;
; SrcB[5]       ; Input    ; (0) 0 ps      ; --            ; --                    ; --  ; --   ;
; SrcA[4]       ; Input    ; (0) 0 ps      ; --            ; --                    ; --  ; --   ;
; SrcB[4]       ; Input    ; (6) 1314 ps   ; --            ; --                    ; --  ; --   ;
; SrcA[3]       ; Input    ; --            ; (6) 1314 ps   ; --                    ; --  ; --   ;
; SrcB[3]       ; Input    ; (6) 1314 ps   ; --            ; --                    ; --  ; --   ;
; SrcA[2]       ; Input    ; (6) 1314 ps   ; --            ; --                    ; --  ; --   ;
; SrcB[2]       ; Input    ; --            ; (6) 1314 ps   ; --                    ; --  ; --   ;
; SrcA[1]       ; Input    ; (6) 1314 ps   ; --            ; --                    ; --  ; --   ;
; SrcB[1]       ; Input    ; (6) 1314 ps   ; --            ; --                    ; --  ; --   ;
; SrcA[0]       ; Input    ; --            ; (6) 1314 ps   ; --                    ; --  ; --   ;
; SrcB[0]       ; Input    ; --            ; (6) 1314 ps   ; --                    ; --  ; --   ;
; ALUControl[1] ; Input    ; (6) 1314 ps   ; --            ; --                    ; --  ; --   ;
; ALUControl[0] ; Input    ; (6) 1314 ps   ; --            ; --                    ; --  ; --   ;
; ALUControl[2] ; Input    ; (6) 1314 ps   ; --            ; --                    ; --  ; --   ;
+---------------+----------+---------------+---------------+-----------------------+-----+------+


+-----------------------------------------------------+
; Pad To Core Delay Chain Fanout                      ;
+-----------------------+-------------------+---------+
; Source Pin / Fanout   ; Pad To Core Index ; Setting ;
+-----------------------+-------------------+---------+
; SrcA[31]              ;                   ;         ;
;      - LessThan1~62   ; 1                 ; 6       ;
;      - LessThan0~62   ; 1                 ; 6       ;
;      - Add0~96        ; 1                 ; 6       ;
;      - Mux0~0         ; 1                 ; 6       ;
;      - Mux0~2         ; 1                 ; 6       ;
;      - Mux0~6         ; 1                 ; 6       ;
; SrcB[31]              ;                   ;         ;
;      - LessThan1~62   ; 0                 ; 6       ;
;      - LessThan0~62   ; 0                 ; 6       ;
;      - Mux0~2         ; 0                 ; 6       ;
;      - Add0~95        ; 0                 ; 6       ;
;      - Mux0~6         ; 0                 ; 6       ;
; SrcA[30]              ;                   ;         ;
;      - Add0~93        ; 0                 ; 6       ;
;      - LessThan1~61   ; 0                 ; 6       ;
;      - LessThan0~61   ; 0                 ; 6       ;
;      - Mux1~1         ; 0                 ; 6       ;
;      - Mux1~3         ; 0                 ; 6       ;
;      - Mux1~6         ; 0                 ; 6       ;
;      - Mux0~1         ; 0                 ; 6       ;
; SrcB[30]              ;                   ;         ;
;      - LessThan1~61   ; 0                 ; 6       ;
;      - LessThan0~61   ; 0                 ; 6       ;
;      - Add0~92        ; 0                 ; 6       ;
;      - Mux1~3         ; 0                 ; 6       ;
;      - Mux1~6         ; 0                 ; 6       ;
; SrcA[29]              ;                   ;         ;
;      - Add0~90        ; 0                 ; 6       ;
;      - LessThan1~59   ; 0                 ; 6       ;
;      - LessThan0~59   ; 0                 ; 6       ;
;      - ShiftLeft0~100 ; 0                 ; 6       ;
;      - ALUResult~21   ; 0                 ; 6       ;
;      - Mux2~7         ; 0                 ; 6       ;
;      - Mux1~2         ; 0                 ; 6       ;
; SrcB[29]              ;                   ;         ;
;      - LessThan1~59   ; 1                 ; 6       ;
;      - LessThan0~59   ; 1                 ; 6       ;
;      - ALUResult~21   ; 1                 ; 6       ;
;      - Add0~89        ; 1                 ; 6       ;
;      - Mux2~7         ; 1                 ; 6       ;
; SrcA[28]              ;                   ;         ;
;      - Add0~87        ; 1                 ; 6       ;
;      - LessThan1~57   ; 1                 ; 6       ;
;      - LessThan0~57   ; 1                 ; 6       ;
;      - ShiftLeft0~99  ; 1                 ; 6       ;
;      - ALUResult~20   ; 1                 ; 6       ;
;      - Mux3~5         ; 1                 ; 6       ;
;      - ShiftLeft0~100 ; 1                 ; 6       ;
; SrcB[28]              ;                   ;         ;
;      - LessThan1~57   ; 0                 ; 6       ;
;      - LessThan0~57   ; 0                 ; 6       ;
;      - ALUResult~20   ; 0                 ; 6       ;
;      - Add0~86        ; 0                 ; 6       ;
;      - Mux3~5         ; 0                 ; 6       ;
; SrcA[27]              ;                   ;         ;
;      - Add0~84        ; 1                 ; 6       ;
;      - LessThan1~55   ; 1                 ; 6       ;
;      - LessThan0~55   ; 1                 ; 6       ;
;      - ShiftLeft0~97  ; 1                 ; 6       ;
;      - ALUResult~19   ; 1                 ; 6       ;
;      - Mux4~5         ; 1                 ; 6       ;
;      - ShiftLeft0~99  ; 1                 ; 6       ;
; SrcB[27]              ;                   ;         ;
;      - LessThan1~55   ; 1                 ; 6       ;
;      - LessThan0~55   ; 1                 ; 6       ;
;      - ALUResult~19   ; 1                 ; 6       ;
;      - Add0~83        ; 1                 ; 6       ;
;      - Mux4~5         ; 1                 ; 6       ;
; SrcA[26]              ;                   ;         ;
;      - Add0~81        ; 1                 ; 6       ;
;      - LessThan1~53   ; 1                 ; 6       ;
;      - LessThan0~53   ; 1                 ; 6       ;
;      - ShiftLeft0~94  ; 1                 ; 6       ;
;      - ALUResult~18   ; 1                 ; 6       ;
;      - Mux5~3         ; 1                 ; 6       ;
;      - ShiftLeft0~97  ; 1                 ; 6       ;
; SrcB[26]              ;                   ;         ;
;      - LessThan1~53   ; 0                 ; 6       ;
;      - LessThan0~53   ; 0                 ; 6       ;
;      - ALUResult~18   ; 0                 ; 6       ;
;      - Add0~80        ; 0                 ; 6       ;
;      - Mux5~3         ; 0                 ; 6       ;
; SrcA[25]              ;                   ;         ;
;      - Add0~78        ; 0                 ; 6       ;
;      - LessThan1~51   ; 0                 ; 6       ;
;      - LessThan0~51   ; 0                 ; 6       ;
;      - ShiftLeft0~91  ; 0                 ; 6       ;
;      - ALUResult~17   ; 0                 ; 6       ;
;      - Mux6~3         ; 0                 ; 6       ;
;      - ShiftLeft0~94  ; 0                 ; 6       ;
;      - ShiftLeft0~96  ; 0                 ; 6       ;
; SrcB[25]              ;                   ;         ;
;      - LessThan1~51   ; 0                 ; 6       ;
;      - LessThan0~51   ; 0                 ; 6       ;
;      - ALUResult~17   ; 0                 ; 6       ;
;      - Add0~77        ; 0                 ; 6       ;
;      - Mux6~3         ; 0                 ; 6       ;
; SrcA[24]              ;                   ;         ;
;      - Add0~75        ; 0                 ; 6       ;
;      - LessThan1~49   ; 0                 ; 6       ;
;      - LessThan0~49   ; 0                 ; 6       ;
;      - ShiftLeft0~89  ; 0                 ; 6       ;
;      - ALUResult~16   ; 0                 ; 6       ;
;      - Mux7~3         ; 0                 ; 6       ;
;      - ShiftLeft0~93  ; 0                 ; 6       ;
;      - ShiftLeft0~96  ; 0                 ; 6       ;
; SrcB[24]              ;                   ;         ;
;      - LessThan1~49   ; 0                 ; 6       ;
;      - LessThan0~49   ; 0                 ; 6       ;
;      - ALUResult~16   ; 0                 ; 6       ;
;      - Add0~74        ; 0                 ; 6       ;
;      - Mux7~3         ; 0                 ; 6       ;
; SrcA[23]              ;                   ;         ;
;      - Add0~72        ; 0                 ; 6       ;
;      - LessThan1~47   ; 0                 ; 6       ;
;      - LessThan0~47   ; 0                 ; 6       ;
;      - ShiftLeft0~85  ; 0                 ; 6       ;
;      - Mux8~3         ; 0                 ; 6       ;
;      - Mux8~7         ; 0                 ; 6       ;
;      - ShiftLeft0~91  ; 0                 ; 6       ;
;      - ShiftLeft0~93  ; 0                 ; 6       ;
; SrcB[23]              ;                   ;         ;
;      - LessThan1~47   ; 0                 ; 6       ;
;      - LessThan0~47   ; 0                 ; 6       ;
;      - Mux8~3         ; 0                 ; 6       ;
;      - Add0~71        ; 0                 ; 6       ;
;      - Mux8~7         ; 0                 ; 6       ;
; SrcA[22]              ;                   ;         ;
;      - Add0~69        ; 0                 ; 6       ;
;      - LessThan1~45   ; 0                 ; 6       ;
;      - LessThan0~45   ; 0                 ; 6       ;
;      - ShiftLeft0~81  ; 0                 ; 6       ;
;      - Mux9~0         ; 0                 ; 6       ;
;      - Mux9~3         ; 0                 ; 6       ;
;      - ShiftLeft0~89  ; 0                 ; 6       ;
; SrcB[22]              ;                   ;         ;
;      - LessThan1~45   ; 0                 ; 6       ;
;      - LessThan0~45   ; 0                 ; 6       ;
;      - Add0~68        ; 0                 ; 6       ;
;      - Mux9~0         ; 0                 ; 6       ;
;      - Mux9~3         ; 0                 ; 6       ;
; SrcA[21]              ;                   ;         ;
;      - Add0~66        ; 0                 ; 6       ;
;      - LessThan1~43   ; 0                 ; 6       ;
;      - LessThan0~43   ; 0                 ; 6       ;
;      - ShiftLeft0~76  ; 0                 ; 6       ;
;      - Mux10~0        ; 0                 ; 6       ;
;      - Mux10~4        ; 0                 ; 6       ;
;      - ShiftLeft0~85  ; 0                 ; 6       ;
; SrcB[21]              ;                   ;         ;
;      - LessThan1~43   ; 0                 ; 6       ;
;      - LessThan0~43   ; 0                 ; 6       ;
;      - Mux10~0        ; 0                 ; 6       ;
;      - Add0~65        ; 0                 ; 6       ;
;      - Mux10~4        ; 0                 ; 6       ;
; SrcA[20]              ;                   ;         ;
;      - Add0~63        ; 0                 ; 6       ;
;      - LessThan1~41   ; 0                 ; 6       ;
;      - LessThan0~41   ; 0                 ; 6       ;
;      - ShiftLeft0~72  ; 0                 ; 6       ;
;      - Mux11~0        ; 0                 ; 6       ;
;      - Mux11~3        ; 0                 ; 6       ;
;      - ShiftLeft0~81  ; 0                 ; 6       ;
; SrcB[20]              ;                   ;         ;
;      - LessThan1~41   ; 1                 ; 6       ;
;      - LessThan0~41   ; 1                 ; 6       ;
;      - Add0~62        ; 1                 ; 6       ;
;      - Mux11~0        ; 1                 ; 6       ;
;      - Mux11~3        ; 1                 ; 6       ;
; SrcA[19]              ;                   ;         ;
;      - Add0~60        ; 0                 ; 6       ;
;      - LessThan1~39   ; 0                 ; 6       ;
;      - LessThan0~39   ; 0                 ; 6       ;
;      - ShiftLeft0~69  ; 0                 ; 6       ;
;      - Mux12~0        ; 0                 ; 6       ;
;      - Mux12~4        ; 0                 ; 6       ;
;      - ShiftLeft0~76  ; 0                 ; 6       ;
; SrcB[19]              ;                   ;         ;
;      - LessThan1~39   ; 1                 ; 6       ;
;      - LessThan0~39   ; 1                 ; 6       ;
;      - Mux12~0        ; 1                 ; 6       ;
;      - Add0~59        ; 1                 ; 6       ;
;      - Mux12~4        ; 1                 ; 6       ;
; SrcA[18]              ;                   ;         ;
;      - Add0~57        ; 0                 ; 6       ;
;      - LessThan1~37   ; 0                 ; 6       ;
;      - LessThan0~37   ; 0                 ; 6       ;
;      - ShiftLeft0~66  ; 0                 ; 6       ;
;      - Mux13~0        ; 0                 ; 6       ;
;      - Mux13~3        ; 0                 ; 6       ;
;      - ShiftLeft0~72  ; 0                 ; 6       ;
; SrcB[18]              ;                   ;         ;
;      - LessThan1~37   ; 0                 ; 6       ;
;      - LessThan0~37   ; 0                 ; 6       ;
;      - Add0~56        ; 0                 ; 6       ;
;      - Mux13~0        ; 0                 ; 6       ;
;      - Mux13~3        ; 0                 ; 6       ;
; SrcA[17]              ;                   ;         ;
;      - Add0~54        ; 0                 ; 6       ;
;      - LessThan1~35   ; 0                 ; 6       ;
;      - LessThan0~35   ; 0                 ; 6       ;
;      - ShiftLeft0~63  ; 0                 ; 6       ;
;      - Mux14~0        ; 0                 ; 6       ;
;      - Mux14~3        ; 0                 ; 6       ;
;      - ShiftLeft0~69  ; 0                 ; 6       ;
; SrcB[17]              ;                   ;         ;
;      - LessThan1~35   ; 0                 ; 6       ;
;      - LessThan0~35   ; 0                 ; 6       ;
;      - Add0~53        ; 0                 ; 6       ;
;      - Mux14~0        ; 0                 ; 6       ;
;      - Mux14~3        ; 0                 ; 6       ;
; SrcA[16]              ;                   ;         ;
;      - Add0~51        ; 1                 ; 6       ;
;      - LessThan1~33   ; 1                 ; 6       ;
;      - LessThan0~33   ; 1                 ; 6       ;
;      - ShiftLeft0~59  ; 1                 ; 6       ;
;      - Mux15~0        ; 1                 ; 6       ;
;      - ShiftLeft0~66  ; 1                 ; 6       ;
;      - Mux15~4        ; 1                 ; 6       ;
; SrcB[16]              ;                   ;         ;
;      - LessThan1~33   ; 1                 ; 6       ;
;      - LessThan0~33   ; 1                 ; 6       ;
;      - Mux15~0        ; 1                 ; 6       ;
;      - Add0~50        ; 1                 ; 6       ;
;      - Mux15~4        ; 1                 ; 6       ;
; SrcA[15]              ;                   ;         ;
;      - Add0~48        ; 1                 ; 6       ;
;      - LessThan1~31   ; 1                 ; 6       ;
;      - LessThan0~31   ; 1                 ; 6       ;
;      - ShiftLeft0~55  ; 1                 ; 6       ;
;      - ALUResult~15   ; 1                 ; 6       ;
;      - Mux16~6        ; 1                 ; 6       ;
;      - ShiftLeft0~63  ; 1                 ; 6       ;
; SrcB[15]              ;                   ;         ;
;      - LessThan1~31   ; 0                 ; 6       ;
;      - LessThan0~31   ; 0                 ; 6       ;
;      - ALUResult~15   ; 0                 ; 6       ;
;      - Add0~47        ; 0                 ; 6       ;
;      - Mux16~6        ; 0                 ; 6       ;
; SrcA[14]              ;                   ;         ;
;      - Add0~45        ; 0                 ; 6       ;
;      - LessThan1~29   ; 0                 ; 6       ;
;      - LessThan0~29   ; 0                 ; 6       ;
;      - ShiftLeft0~51  ; 0                 ; 6       ;
;      - ALUResult~14   ; 0                 ; 6       ;
;      - Mux17~1        ; 0                 ; 6       ;
;      - ShiftLeft0~59  ; 0                 ; 6       ;
; SrcB[14]              ;                   ;         ;
;      - LessThan1~29   ; 0                 ; 6       ;
;      - LessThan0~29   ; 0                 ; 6       ;
;      - ALUResult~14   ; 0                 ; 6       ;
;      - Add0~44        ; 0                 ; 6       ;
;      - Mux17~1        ; 0                 ; 6       ;
; SrcA[13]              ;                   ;         ;
;      - Add0~42        ; 1                 ; 6       ;
;      - LessThan1~27   ; 1                 ; 6       ;
;      - LessThan0~27   ; 1                 ; 6       ;
;      - ShiftLeft0~47  ; 1                 ; 6       ;
;      - ALUResult~13   ; 1                 ; 6       ;
;      - Mux18~1        ; 1                 ; 6       ;
;      - ShiftLeft0~55  ; 1                 ; 6       ;
; SrcB[13]              ;                   ;         ;
;      - LessThan1~27   ; 0                 ; 6       ;
;      - LessThan0~27   ; 0                 ; 6       ;
;      - ALUResult~13   ; 0                 ; 6       ;
;      - Add0~41        ; 0                 ; 6       ;
;      - Mux18~1        ; 0                 ; 6       ;
; SrcA[12]              ;                   ;         ;
;      - Add0~39        ; 0                 ; 6       ;
;      - LessThan1~25   ; 0                 ; 6       ;
;      - LessThan0~25   ; 0                 ; 6       ;
;      - ShiftLeft0~43  ; 0                 ; 6       ;
;      - ALUResult~12   ; 0                 ; 6       ;
;      - Mux19~1        ; 0                 ; 6       ;
;      - ShiftLeft0~51  ; 0                 ; 6       ;
; SrcB[12]              ;                   ;         ;
;      - LessThan1~25   ; 0                 ; 6       ;
;      - LessThan0~25   ; 0                 ; 6       ;
;      - ALUResult~12   ; 0                 ; 6       ;
;      - Add0~38        ; 0                 ; 6       ;
;      - Mux19~1        ; 0                 ; 6       ;
; SrcA[11]              ;                   ;         ;
;      - Add0~36        ; 0                 ; 6       ;
;      - LessThan1~23   ; 0                 ; 6       ;
;      - LessThan0~23   ; 0                 ; 6       ;
;      - ShiftLeft0~39  ; 0                 ; 6       ;
;      - ALUResult~11   ; 0                 ; 6       ;
;      - Mux20~1        ; 0                 ; 6       ;
;      - ShiftLeft0~47  ; 0                 ; 6       ;
; SrcB[11]              ;                   ;         ;
;      - LessThan1~23   ; 0                 ; 6       ;
;      - LessThan0~23   ; 0                 ; 6       ;
;      - ALUResult~11   ; 0                 ; 6       ;
;      - Add0~35        ; 0                 ; 6       ;
;      - Mux20~1        ; 0                 ; 6       ;
; SrcA[10]              ;                   ;         ;
;      - Add0~33        ; 1                 ; 6       ;
;      - LessThan1~21   ; 1                 ; 6       ;
;      - LessThan0~21   ; 1                 ; 6       ;
;      - ShiftLeft0~35  ; 1                 ; 6       ;
;      - ALUResult~10   ; 1                 ; 6       ;
;      - Mux21~1        ; 1                 ; 6       ;
;      - ShiftLeft0~43  ; 1                 ; 6       ;
; SrcB[10]              ;                   ;         ;
;      - LessThan1~21   ; 0                 ; 6       ;
;      - LessThan0~21   ; 0                 ; 6       ;
;      - ALUResult~10   ; 0                 ; 6       ;
;      - Add0~32        ; 0                 ; 6       ;
;      - Mux21~1        ; 0                 ; 6       ;
; SrcA[9]               ;                   ;         ;
;      - Add0~30        ; 0                 ; 6       ;
;      - LessThan1~19   ; 0                 ; 6       ;
;      - LessThan0~19   ; 0                 ; 6       ;
;      - ShiftLeft0~31  ; 0                 ; 6       ;
;      - ALUResult~9    ; 0                 ; 6       ;
;      - Mux22~1        ; 0                 ; 6       ;
;      - ShiftLeft0~39  ; 0                 ; 6       ;
; SrcB[9]               ;                   ;         ;
;      - LessThan1~19   ; 0                 ; 6       ;
;      - LessThan0~19   ; 0                 ; 6       ;
;      - ALUResult~9    ; 0                 ; 6       ;
;      - Add0~29        ; 0                 ; 6       ;
;      - Mux22~1        ; 0                 ; 6       ;
; SrcA[8]               ;                   ;         ;
;      - Add0~27        ; 0                 ; 6       ;
;      - LessThan1~17   ; 0                 ; 6       ;
;      - LessThan0~17   ; 0                 ; 6       ;
;      - ShiftLeft0~27  ; 0                 ; 6       ;
;      - ALUResult~8    ; 0                 ; 6       ;
;      - Mux23~1        ; 0                 ; 6       ;
;      - ShiftLeft0~35  ; 0                 ; 6       ;
; SrcB[8]               ;                   ;         ;
;      - LessThan1~17   ; 0                 ; 6       ;
;      - LessThan0~17   ; 0                 ; 6       ;
;      - ALUResult~8    ; 0                 ; 6       ;
;      - Add0~26        ; 0                 ; 6       ;
;      - Mux23~1        ; 0                 ; 6       ;
; SrcA[7]               ;                   ;         ;
;      - Add0~24        ; 0                 ; 6       ;
;      - LessThan1~15   ; 0                 ; 6       ;
;      - LessThan0~15   ; 0                 ; 6       ;
;      - ShiftLeft0~24  ; 0                 ; 6       ;
;      - ALUResult~7    ; 0                 ; 6       ;
;      - Mux24~2        ; 0                 ; 6       ;
;      - ShiftLeft0~31  ; 0                 ; 6       ;
; SrcB[7]               ;                   ;         ;
;      - LessThan1~15   ; 0                 ; 6       ;
;      - LessThan0~15   ; 0                 ; 6       ;
;      - ALUResult~7    ; 0                 ; 6       ;
;      - Add0~23        ; 0                 ; 6       ;
;      - Mux24~2        ; 0                 ; 6       ;
; SrcA[6]               ;                   ;         ;
;      - Add0~21        ; 1                 ; 6       ;
;      - LessThan1~13   ; 1                 ; 6       ;
;      - LessThan0~13   ; 1                 ; 6       ;
;      - ShiftLeft0~20  ; 1                 ; 6       ;
;      - ALUResult~6    ; 1                 ; 6       ;
;      - Mux25~1        ; 1                 ; 6       ;
;      - ShiftLeft0~27  ; 1                 ; 6       ;
; SrcB[6]               ;                   ;         ;
;      - LessThan1~13   ; 0                 ; 6       ;
;      - LessThan0~13   ; 0                 ; 6       ;
;      - ALUResult~6    ; 0                 ; 6       ;
;      - Add0~20        ; 0                 ; 6       ;
;      - Mux25~1        ; 0                 ; 6       ;
; SrcA[5]               ;                   ;         ;
;      - Add0~18        ; 0                 ; 6       ;
;      - LessThan1~11   ; 0                 ; 6       ;
;      - LessThan0~11   ; 0                 ; 6       ;
;      - ShiftLeft0~17  ; 0                 ; 6       ;
;      - ALUResult~5    ; 0                 ; 6       ;
;      - Mux26~1        ; 0                 ; 6       ;
;      - ShiftLeft0~24  ; 0                 ; 6       ;
; SrcB[5]               ;                   ;         ;
; SrcA[4]               ;                   ;         ;
; SrcB[4]               ;                   ;         ;
;      - LessThan1~9    ; 0                 ; 6       ;
;      - LessThan0~9    ; 0                 ; 6       ;
;      - ShiftLeft0~5   ; 0                 ; 6       ;
;      - Mux16~0        ; 0                 ; 6       ;
;      - Mux24~0        ; 0                 ; 6       ;
;      - ALUResult~4    ; 0                 ; 6       ;
;      - Add0~14        ; 0                 ; 6       ;
;      - Mux27~1        ; 0                 ; 6       ;
;      - Mux8~0         ; 0                 ; 6       ;
;      - Mux8~1         ; 0                 ; 6       ;
;      - Mux8~2         ; 0                 ; 6       ;
;      - Mux4~0         ; 0                 ; 6       ;
;      - Mux4~1         ; 0                 ; 6       ;
;      - Mux2~2         ; 0                 ; 6       ;
; SrcA[3]               ;                   ;         ;
;      - Add0~12        ; 1                 ; 6       ;
;      - LessThan1~7    ; 1                 ; 6       ;
;      - LessThan0~7    ; 1                 ; 6       ;
;      - ShiftLeft0~11  ; 1                 ; 6       ;
;      - ALUResult~3    ; 1                 ; 6       ;
;      - Mux28~1        ; 1                 ; 6       ;
;      - ShiftLeft0~13  ; 1                 ; 6       ;
;      - ShiftLeft0~17  ; 1                 ; 6       ;
; SrcB[3]               ;                   ;         ;
;      - LessThan1~7    ; 0                 ; 6       ;
;      - LessThan0~7    ; 0                 ; 6       ;
;      - ShiftLeft0~5   ; 0                 ; 6       ;
;      - ShiftLeft0~10  ; 0                 ; 6       ;
;      - ALUResult~3    ; 0                 ; 6       ;
;      - Add0~11        ; 0                 ; 6       ;
;      - Mux28~1        ; 0                 ; 6       ;
;      - Mux24~0        ; 0                 ; 6       ;
;      - ShiftLeft0~30  ; 0                 ; 6       ;
;      - ShiftLeft0~34  ; 0                 ; 6       ;
;      - ShiftLeft0~38  ; 0                 ; 6       ;
;      - ShiftLeft0~42  ; 0                 ; 6       ;
;      - ShiftLeft0~46  ; 0                 ; 6       ;
;      - ShiftLeft0~50  ; 0                 ; 6       ;
;      - ShiftLeft0~54  ; 0                 ; 6       ;
;      - ShiftLeft0~58  ; 0                 ; 6       ;
;      - ShiftLeft0~62  ; 0                 ; 6       ;
;      - Mux8~2         ; 0                 ; 6       ;
;      - ShiftLeft0~75  ; 0                 ; 6       ;
;      - ShiftLeft0~80  ; 0                 ; 6       ;
;      - ShiftLeft0~84  ; 0                 ; 6       ;
;      - ShiftLeft0~88  ; 0                 ; 6       ;
;      - Mux4~0         ; 0                 ; 6       ;
;      - Mux4~1         ; 0                 ; 6       ;
;      - Mux2~0         ; 0                 ; 6       ;
;      - ShiftLeft0~101 ; 0                 ; 6       ;
;      - ShiftLeft0~102 ; 0                 ; 6       ;
; SrcA[2]               ;                   ;         ;
;      - Add0~9         ; 0                 ; 6       ;
;      - LessThan1~5    ; 0                 ; 6       ;
;      - LessThan0~5    ; 0                 ; 6       ;
;      - ShiftLeft0~8   ; 0                 ; 6       ;
;      - ALUResult~2    ; 0                 ; 6       ;
;      - Mux29~1        ; 0                 ; 6       ;
;      - ShiftLeft0~11  ; 0                 ; 6       ;
;      - ShiftLeft0~14  ; 0                 ; 6       ;
; SrcB[2]               ;                   ;         ;
;      - LessThan1~5    ; 1                 ; 6       ;
;      - LessThan0~5    ; 1                 ; 6       ;
;      - ShiftLeft0~5   ; 1                 ; 6       ;
;      - ShiftLeft0~7   ; 1                 ; 6       ;
;      - ShiftLeft0~10  ; 1                 ; 6       ;
;      - ALUResult~2    ; 1                 ; 6       ;
;      - Add0~8         ; 1                 ; 6       ;
;      - Mux29~1        ; 1                 ; 6       ;
;      - ShiftLeft0~16  ; 1                 ; 6       ;
;      - ShiftLeft0~19  ; 1                 ; 6       ;
;      - ShiftLeft0~22  ; 1                 ; 6       ;
;      - ShiftLeft0~26  ; 1                 ; 6       ;
;      - ShiftLeft0~29  ; 1                 ; 6       ;
;      - ShiftLeft0~30  ; 1                 ; 6       ;
;      - ShiftLeft0~33  ; 1                 ; 6       ;
;      - ShiftLeft0~37  ; 1                 ; 6       ;
;      - ShiftLeft0~38  ; 1                 ; 6       ;
;      - ShiftLeft0~41  ; 1                 ; 6       ;
;      - ShiftLeft0~42  ; 1                 ; 6       ;
;      - ShiftLeft0~45  ; 1                 ; 6       ;
;      - ShiftLeft0~49  ; 1                 ; 6       ;
;      - ShiftLeft0~53  ; 1                 ; 6       ;
;      - ShiftLeft0~57  ; 1                 ; 6       ;
;      - ShiftLeft0~61  ; 1                 ; 6       ;
;      - ShiftLeft0~62  ; 1                 ; 6       ;
;      - ShiftLeft0~65  ; 1                 ; 6       ;
;      - ShiftLeft0~68  ; 1                 ; 6       ;
;      - ShiftLeft0~71  ; 1                 ; 6       ;
;      - ShiftLeft0~74  ; 1                 ; 6       ;
;      - ShiftLeft0~75  ; 1                 ; 6       ;
;      - ShiftLeft0~78  ; 1                 ; 6       ;
;      - ShiftLeft0~80  ; 1                 ; 6       ;
;      - ShiftLeft0~83  ; 1                 ; 6       ;
;      - ShiftLeft0~84  ; 1                 ; 6       ;
;      - ShiftLeft0~87  ; 1                 ; 6       ;
;      - ShiftLeft0~88  ; 1                 ; 6       ;
;      - Mux4~1         ; 1                 ; 6       ;
;      - Mux2~0         ; 1                 ; 6       ;
;      - Mux1~0         ; 1                 ; 6       ;
;      - ShiftLeft0~101 ; 1                 ; 6       ;
;      - ShiftLeft0~102 ; 1                 ; 6       ;
; SrcA[1]               ;                   ;         ;
;      - Add0~6         ; 0                 ; 6       ;
;      - LessThan1~3    ; 0                 ; 6       ;
;      - LessThan0~3    ; 0                 ; 6       ;
;      - ShiftLeft0~6   ; 0                 ; 6       ;
;      - ALUResult~1    ; 0                 ; 6       ;
;      - Mux30~1        ; 0                 ; 6       ;
;      - ShiftLeft0~9   ; 0                 ; 6       ;
;      - ShiftLeft0~13  ; 0                 ; 6       ;
;      - ShiftLeft0~79  ; 0                 ; 6       ;
; SrcB[1]               ;                   ;         ;
;      - LessThan1~3    ; 0                 ; 6       ;
;      - LessThan0~3    ; 0                 ; 6       ;
;      - ShiftLeft0~4   ; 0                 ; 6       ;
;      - ShiftLeft0~7   ; 0                 ; 6       ;
;      - ALUResult~1    ; 0                 ; 6       ;
;      - Add0~5         ; 0                 ; 6       ;
;      - Mux30~1        ; 0                 ; 6       ;
;      - ShiftLeft0~8   ; 0                 ; 6       ;
;      - ShiftLeft0~9   ; 0                 ; 6       ;
;      - ShiftLeft0~11  ; 0                 ; 6       ;
;      - ShiftLeft0~12  ; 0                 ; 6       ;
;      - ShiftLeft0~13  ; 0                 ; 6       ;
;      - ShiftLeft0~14  ; 0                 ; 6       ;
;      - ShiftLeft0~17  ; 0                 ; 6       ;
;      - ShiftLeft0~19  ; 0                 ; 6       ;
;      - ShiftLeft0~20  ; 0                 ; 6       ;
;      - ShiftLeft0~23  ; 0                 ; 6       ;
;      - ShiftLeft0~24  ; 0                 ; 6       ;
;      - ShiftLeft0~27  ; 0                 ; 6       ;
;      - ShiftLeft0~31  ; 0                 ; 6       ;
;      - ShiftLeft0~35  ; 0                 ; 6       ;
;      - ShiftLeft0~39  ; 0                 ; 6       ;
;      - ShiftLeft0~43  ; 0                 ; 6       ;
;      - ShiftLeft0~47  ; 0                 ; 6       ;
;      - ShiftLeft0~51  ; 0                 ; 6       ;
;      - ShiftLeft0~55  ; 0                 ; 6       ;
;      - ShiftLeft0~59  ; 0                 ; 6       ;
;      - ShiftLeft0~63  ; 0                 ; 6       ;
;      - ShiftLeft0~66  ; 0                 ; 6       ;
;      - ShiftLeft0~69  ; 0                 ; 6       ;
;      - ShiftLeft0~72  ; 0                 ; 6       ;
;      - ShiftLeft0~76  ; 0                 ; 6       ;
;      - ShiftLeft0~79  ; 0                 ; 6       ;
;      - ShiftLeft0~81  ; 0                 ; 6       ;
;      - ShiftLeft0~85  ; 0                 ; 6       ;
;      - ShiftLeft0~89  ; 0                 ; 6       ;
;      - ShiftLeft0~91  ; 0                 ; 6       ;
;      - ShiftLeft0~93  ; 0                 ; 6       ;
;      - ShiftLeft0~95  ; 0                 ; 6       ;
;      - ShiftLeft0~96  ; 0                 ; 6       ;
;      - ShiftLeft0~98  ; 0                 ; 6       ;
;      - Mux2~0         ; 0                 ; 6       ;
;      - Mux1~0         ; 0                 ; 6       ;
;      - ShiftLeft0~101 ; 0                 ; 6       ;
; SrcA[0]               ;                   ;         ;
;      - Add0~3         ; 1                 ; 6       ;
;      - LessThan1~1    ; 1                 ; 6       ;
;      - LessThan0~1    ; 1                 ; 6       ;
;      - ALUResult~0    ; 1                 ; 6       ;
;      - ShiftLeft0~4   ; 1                 ; 6       ;
;      - Mux31~3        ; 1                 ; 6       ;
;      - ShiftLeft0~6   ; 1                 ; 6       ;
;      - ShiftLeft0~8   ; 1                 ; 6       ;
;      - ShiftLeft0~79  ; 1                 ; 6       ;
; SrcB[0]               ;                   ;         ;
;      - LessThan1~1    ; 1                 ; 6       ;
;      - LessThan0~1    ; 1                 ; 6       ;
;      - ALUResult~0    ; 1                 ; 6       ;
;      - ShiftLeft0~4   ; 1                 ; 6       ;
;      - Add0~0         ; 1                 ; 6       ;
;      - Mux31~3        ; 1                 ; 6       ;
;      - ShiftLeft0~6   ; 1                 ; 6       ;
;      - ShiftLeft0~8   ; 1                 ; 6       ;
;      - ShiftLeft0~9   ; 1                 ; 6       ;
;      - ShiftLeft0~11  ; 1                 ; 6       ;
;      - ShiftLeft0~13  ; 1                 ; 6       ;
;      - ShiftLeft0~15  ; 1                 ; 6       ;
;      - ShiftLeft0~18  ; 1                 ; 6       ;
;      - ShiftLeft0~21  ; 1                 ; 6       ;
;      - ShiftLeft0~25  ; 1                 ; 6       ;
;      - ShiftLeft0~28  ; 1                 ; 6       ;
;      - ShiftLeft0~32  ; 1                 ; 6       ;
;      - ShiftLeft0~36  ; 1                 ; 6       ;
;      - ShiftLeft0~40  ; 1                 ; 6       ;
;      - ShiftLeft0~44  ; 1                 ; 6       ;
;      - ShiftLeft0~48  ; 1                 ; 6       ;
;      - ShiftLeft0~52  ; 1                 ; 6       ;
;      - ShiftLeft0~56  ; 1                 ; 6       ;
;      - ShiftLeft0~60  ; 1                 ; 6       ;
;      - ShiftLeft0~64  ; 1                 ; 6       ;
;      - ShiftLeft0~67  ; 1                 ; 6       ;
;      - ShiftLeft0~70  ; 1                 ; 6       ;
;      - ShiftLeft0~73  ; 1                 ; 6       ;
;      - ShiftLeft0~77  ; 1                 ; 6       ;
;      - ShiftLeft0~79  ; 1                 ; 6       ;
;      - ShiftLeft0~82  ; 1                 ; 6       ;
;      - ShiftLeft0~86  ; 1                 ; 6       ;
;      - ShiftLeft0~90  ; 1                 ; 6       ;
;      - ShiftLeft0~91  ; 1                 ; 6       ;
;      - ShiftLeft0~92  ; 1                 ; 6       ;
;      - ShiftLeft0~93  ; 1                 ; 6       ;
;      - ShiftLeft0~94  ; 1                 ; 6       ;
;      - ShiftLeft0~96  ; 1                 ; 6       ;
;      - ShiftLeft0~97  ; 1                 ; 6       ;
;      - ShiftLeft0~99  ; 1                 ; 6       ;
;      - ShiftLeft0~100 ; 1                 ; 6       ;
;      - Mux1~0         ; 1                 ; 6       ;
; ALUControl[1]         ;                   ;         ;
;      - Mux31~0        ; 0                 ; 6       ;
;      - Mux31~1        ; 0                 ; 6       ;
;      - Mux31~2        ; 0                 ; 6       ;
;      - Mux31~3        ; 0                 ; 6       ;
;      - Mux16~0        ; 0                 ; 6       ;
;      - Mux16~1        ; 0                 ; 6       ;
;      - Mux16~2        ; 0                 ; 6       ;
;      - Mux16~3        ; 0                 ; 6       ;
;      - Mux16~4        ; 0                 ; 6       ;
;      - Mux8~0         ; 0                 ; 6       ;
;      - Mux8~1         ; 0                 ; 6       ;
;      - Mux8~2         ; 0                 ; 6       ;
;      - Mux2~1         ; 0                 ; 6       ;
;      - Mux2~2         ; 0                 ; 6       ;
;      - Mux3~4         ; 0                 ; 6       ;
; ALUControl[0]         ;                   ;         ;
;      - Add0~2         ; 0                 ; 6       ;
;      - Mux31~0        ; 0                 ; 6       ;
;      - Add0~0         ; 0                 ; 6       ;
;      - Mux31~3        ; 0                 ; 6       ;
;      - Mux16~0        ; 0                 ; 6       ;
;      - Add0~5         ; 0                 ; 6       ;
;      - Mux16~1        ; 0                 ; 6       ;
;      - Mux16~2        ; 0                 ; 6       ;
;      - Add0~8         ; 0                 ; 6       ;
;      - Add0~11        ; 0                 ; 6       ;
;      - Mux24~0        ; 0                 ; 6       ;
;      - Add0~14        ; 0                 ; 6       ;
;      - Add0~17        ; 0                 ; 6       ;
;      - Add0~20        ; 0                 ; 6       ;
;      - Add0~23        ; 0                 ; 6       ;
;      - Add0~26        ; 0                 ; 6       ;
;      - Add0~29        ; 0                 ; 6       ;
;      - Add0~32        ; 0                 ; 6       ;
;      - Add0~35        ; 0                 ; 6       ;
;      - Add0~38        ; 0                 ; 6       ;
;      - Add0~41        ; 0                 ; 6       ;
;      - Add0~44        ; 0                 ; 6       ;
;      - Add0~47        ; 0                 ; 6       ;
;      - Mux8~0         ; 0                 ; 6       ;
;      - Mux15~0        ; 0                 ; 6       ;
;      - Mux8~1         ; 0                 ; 6       ;
;      - Mux8~2         ; 0                 ; 6       ;
;      - Add0~50        ; 0                 ; 6       ;
;      - Add0~53        ; 0                 ; 6       ;
;      - Mux14~0        ; 0                 ; 6       ;
;      - Add0~56        ; 0                 ; 6       ;
;      - Mux13~0        ; 0                 ; 6       ;
;      - Mux12~0        ; 0                 ; 6       ;
;      - Add0~59        ; 0                 ; 6       ;
;      - Add0~62        ; 0                 ; 6       ;
;      - Mux11~0        ; 0                 ; 6       ;
;      - Mux10~0        ; 0                 ; 6       ;
;      - Add0~65        ; 0                 ; 6       ;
;      - Add0~68        ; 0                 ; 6       ;
;      - Mux9~0         ; 0                 ; 6       ;
;      - Mux8~3         ; 0                 ; 6       ;
;      - Add0~71        ; 0                 ; 6       ;
;      - Add0~74        ; 0                 ; 6       ;
;      - Mux7~4         ; 0                 ; 6       ;
;      - Add0~77        ; 0                 ; 6       ;
;      - Mux6~4         ; 0                 ; 6       ;
;      - Add0~80        ; 0                 ; 6       ;
;      - Mux5~4         ; 0                 ; 6       ;
;      - Add0~83        ; 0                 ; 6       ;
;      - Mux4~6         ; 0                 ; 6       ;
;      - Add0~86        ; 0                 ; 6       ;
;      - Mux2~1         ; 0                 ; 6       ;
;      - Mux3~4         ; 0                 ; 6       ;
;      - Mux3~5         ; 0                 ; 6       ;
;      - Add0~89        ; 0                 ; 6       ;
;      - Mux2~7         ; 0                 ; 6       ;
;      - Add0~92        ; 0                 ; 6       ;
;      - Mux1~3         ; 0                 ; 6       ;
;      - Mux0~2         ; 0                 ; 6       ;
;      - Add0~95        ; 0                 ; 6       ;
; ALUControl[2]         ;                   ;         ;
;      - Mux31~4        ; 0                 ; 6       ;
;      - Mux16~0        ; 0                 ; 6       ;
;      - Mux16~1        ; 0                 ; 6       ;
;      - Mux16~2        ; 0                 ; 6       ;
;      - Mux16~3        ; 0                 ; 6       ;
;      - Mux16~4        ; 0                 ; 6       ;
;      - Mux2~1         ; 0                 ; 6       ;
;      - Mux2~2         ; 0                 ; 6       ;
;      - Mux3~4         ; 0                 ; 6       ;
+-----------------------+-------------------+---------+


+-----------------------------------------------+
; Routing Usage Summary                         ;
+-----------------------+-----------------------+
; Routing Resource Type ; Usage                 ;
+-----------------------+-----------------------+
; Block interconnects   ; 656 / 32,401 ( 2 % )  ;
; C16 interconnects     ; 62 / 1,326 ( 5 % )    ;
; C4 interconnects      ; 364 / 21,816 ( 2 % )  ;
; Direct links          ; 33 / 32,401 ( < 1 % ) ;
; Global clocks         ; 0 / 10 ( 0 % )        ;
; Local interconnects   ; 170 / 10,320 ( 2 % )  ;
; R24 interconnects     ; 63 / 1,289 ( 5 % )    ;
; R4 interconnects      ; 378 / 28,186 ( 1 % )  ;
+-----------------------+-----------------------+


+----------------------------------------------------------------------------+
; LAB Logic Elements                                                         ;
+---------------------------------------------+------------------------------+
; Number of Logic Elements  (Average = 15.33) ; Number of LABs  (Total = 27) ;
+---------------------------------------------+------------------------------+
; 1                                           ; 0                            ;
; 2                                           ; 0                            ;
; 3                                           ; 0                            ;
; 4                                           ; 0                            ;
; 5                                           ; 0                            ;
; 6                                           ; 0                            ;
; 7                                           ; 0                            ;
; 8                                           ; 0                            ;
; 9                                           ; 0                            ;
; 10                                          ; 0                            ;
; 11                                          ; 1                            ;
; 12                                          ; 0                            ;
; 13                                          ; 1                            ;
; 14                                          ; 1                            ;
; 15                                          ; 8                            ;
; 16                                          ; 16                           ;
+---------------------------------------------+------------------------------+


+-----------------------------------------------------------------------------+
; LAB Signals Sourced                                                         ;
+----------------------------------------------+------------------------------+
; Number of Signals Sourced  (Average = 13.00) ; Number of LABs  (Total = 27) ;
+----------------------------------------------+------------------------------+
; 0                                            ; 2                            ;
; 1                                            ; 2                            ;
; 2                                            ; 0                            ;
; 3                                            ; 0                            ;
; 4                                            ; 0                            ;
; 5                                            ; 0                            ;
; 6                                            ; 0                            ;
; 7                                            ; 0                            ;
; 8                                            ; 0                            ;
; 9                                            ; 0                            ;
; 10                                           ; 0                            ;
; 11                                           ; 1                            ;
; 12                                           ; 0                            ;
; 13                                           ; 1                            ;
; 14                                           ; 1                            ;
; 15                                           ; 9                            ;
; 16                                           ; 11                           ;
+----------------------------------------------+------------------------------+


+--------------------------------------------------------------------------------+
; LAB Signals Sourced Out                                                        ;
+-------------------------------------------------+------------------------------+
; Number of Signals Sourced Out  (Average = 7.74) ; Number of LABs  (Total = 27) ;
+-------------------------------------------------+------------------------------+
; 0                                               ; 2                            ;
; 1                                               ; 2                            ;
; 2                                               ; 0                            ;
; 3                                               ; 0                            ;
; 4                                               ; 0                            ;
; 5                                               ; 2                            ;
; 6                                               ; 2                            ;
; 7                                               ; 5                            ;
; 8                                               ; 2                            ;
; 9                                               ; 4                            ;
; 10                                              ; 2                            ;
; 11                                              ; 1                            ;
; 12                                              ; 2                            ;
; 13                                              ; 1                            ;
; 14                                              ; 1                            ;
; 15                                              ; 0                            ;
; 16                                              ; 1                            ;
+-------------------------------------------------+------------------------------+


+-----------------------------------------------------------------------------+
; LAB Distinct Inputs                                                         ;
+----------------------------------------------+------------------------------+
; Number of Distinct Inputs  (Average = 22.22) ; Number of LABs  (Total = 27) ;
+----------------------------------------------+------------------------------+
; 0                                            ; 0                            ;
; 1                                            ; 0                            ;
; 2                                            ; 0                            ;
; 3                                            ; 0                            ;
; 4                                            ; 0                            ;
; 5                                            ; 0                            ;
; 6                                            ; 0                            ;
; 7                                            ; 0                            ;
; 8                                            ; 0                            ;
; 9                                            ; 0                            ;
; 10                                           ; 0                            ;
; 11                                           ; 0                            ;
; 12                                           ; 0                            ;
; 13                                           ; 2                            ;
; 14                                           ; 3                            ;
; 15                                           ; 1                            ;
; 16                                           ; 1                            ;
; 17                                           ; 1                            ;
; 18                                           ; 0                            ;
; 19                                           ; 2                            ;
; 20                                           ; 2                            ;
; 21                                           ; 2                            ;
; 22                                           ; 2                            ;
; 23                                           ; 2                            ;
; 24                                           ; 0                            ;
; 25                                           ; 1                            ;
; 26                                           ; 2                            ;
; 27                                           ; 0                            ;
; 28                                           ; 0                            ;
; 29                                           ; 0                            ;
; 30                                           ; 0                            ;
; 31                                           ; 0                            ;
; 32                                           ; 2                            ;
; 33                                           ; 3                            ;
; 34                                           ; 1                            ;
+----------------------------------------------+------------------------------+


+------------------------------------------+
; I/O Rules Summary                        ;
+----------------------------------+-------+
; I/O Rules Statistic              ; Total ;
+----------------------------------+-------+
; Total I/O Rules                  ; 30    ;
; Number of I/O Rules Passed       ; 9     ;
; Number of I/O Rules Failed       ; 0     ;
; Number of I/O Rules Unchecked    ; 0     ;
; Number of I/O Rules Inapplicable ; 21    ;
+----------------------------------+-------+


+-----------------------------------------------------------------------------------------------------------------------------------------------------------------------------------------------------------------------------------------------------------------------------------------------------+
; I/O Rules Details                                                                                                                                                                                                                                                                                   ;
+--------------+-----------+-----------------------------------+------------------------------------------------------------------------------------------------------+----------+--------------------------------------------------------------------------+---------------------+-------------------+
; Status       ; ID        ; Category                          ; Rule Description                                                                                     ; Severity ; Information                                                              ; Area                ; Extra Information ;
+--------------+-----------+-----------------------------------+------------------------------------------------------------------------------------------------------+----------+--------------------------------------------------------------------------+---------------------+-------------------+
; Inapplicable ; IO_000001 ; Capacity Checks                   ; Number of pins in an I/O bank should not exceed the number of locations available.                   ; Critical ; No Location assignments found.                                           ; I/O                 ;                   ;
; Inapplicable ; IO_000002 ; Capacity Checks                   ; Number of clocks in an I/O bank should not exceed the number of clocks available.                    ; Critical ; No Global Signal assignments found.                                      ; I/O                 ;                   ;
; Inapplicable ; IO_000003 ; Capacity Checks                   ; Number of pins in a Vrefgroup should not exceed the number of locations available.                   ; Critical ; No Location assignments found.                                           ; I/O                 ;                   ;
; Inapplicable ; IO_000004 ; Voltage Compatibility Checks      ; The I/O bank should support the requested VCCIO.                                                     ; Critical ; No IOBANK_VCCIO assignments found.                                       ; I/O                 ;                   ;
; Inapplicable ; IO_000005 ; Voltage Compatibility Checks      ; The I/O bank should not have competing VREF values.                                                  ; Critical ; No VREF I/O Standard assignments found.                                  ; I/O                 ;                   ;
; Pass         ; IO_000006 ; Voltage Compatibility Checks      ; The I/O bank should not have competing VCCIO values.                                                 ; Critical ; 0 such failures found.                                                   ; I/O                 ;                   ;
; Inapplicable ; IO_000007 ; Valid Location Checks             ; Checks for unavailable locations.                                                                    ; Critical ; No Location assignments found.                                           ; I/O                 ;                   ;
; Inapplicable ; IO_000008 ; Valid Location Checks             ; Checks for reserved locations.                                                                       ; Critical ; No reserved LogicLock region found.                                      ; I/O                 ;                   ;
; Pass         ; IO_000009 ; I/O Properties Checks for One I/O ; The location should support the requested I/O standard.                                              ; Critical ; 0 such failures found.                                                   ; I/O                 ;                   ;
; Pass         ; IO_000010 ; I/O Properties Checks for One I/O ; The location should support the requested I/O direction.                                             ; Critical ; 0 such failures found.                                                   ; I/O                 ;                   ;
; Inapplicable ; IO_000011 ; I/O Properties Checks for One I/O ; The location should support the requested Current Strength.                                          ; Critical ; No Current Strength assignments found.                                   ; I/O                 ;                   ;
; Pass         ; IO_000012 ; I/O Properties Checks for One I/O ; The location should support the requested On Chip Termination value.                                 ; Critical ; 0 such failures found.                                                   ; I/O                 ;                   ;
; Inapplicable ; IO_000013 ; I/O Properties Checks for One I/O ; The location should support the requested Bus Hold value.                                            ; Critical ; No Enable Bus-Hold Circuitry assignments found.                          ; I/O                 ;                   ;
; Inapplicable ; IO_000014 ; I/O Properties Checks for One I/O ; The location should support the requested Weak Pull Up value.                                        ; Critical ; No Weak Pull-Up Resistor assignments found.                              ; I/O                 ;                   ;
; Pass         ; IO_000015 ; I/O Properties Checks for One I/O ; The location should support the requested PCI Clamp Diode.                                           ; Critical ; 0 such failures found.                                                   ; I/O                 ;                   ;
; Inapplicable ; IO_000018 ; I/O Properties Checks for One I/O ; The I/O standard should support the requested Current Strength.                                      ; Critical ; No Current Strength assignments found.                                   ; I/O                 ;                   ;
; Pass         ; IO_000019 ; I/O Properties Checks for One I/O ; The I/O standard should support the requested On Chip Termination value.                             ; Critical ; 0 such failures found.                                                   ; I/O                 ;                   ;
; Pass         ; IO_000020 ; I/O Properties Checks for One I/O ; The I/O standard should support the requested PCI Clamp Diode.                                       ; Critical ; 0 such failures found.                                                   ; I/O                 ;                   ;
; Inapplicable ; IO_000021 ; I/O Properties Checks for One I/O ; The I/O standard should support the requested Weak Pull Up value.                                    ; Critical ; No Weak Pull-Up Resistor assignments found.                              ; I/O                 ;                   ;
; Inapplicable ; IO_000022 ; I/O Properties Checks for One I/O ; The I/O standard should support the requested Bus Hold value.                                        ; Critical ; No Enable Bus-Hold Circuitry assignments found.                          ; I/O                 ;                   ;
; Inapplicable ; IO_000023 ; I/O Properties Checks for One I/O ; The I/O standard should support the Open Drain value.                                                ; Critical ; No open drain assignments found.                                         ; I/O                 ;                   ;
; Pass         ; IO_000024 ; I/O Properties Checks for One I/O ; The I/O direction should support the On Chip Termination value.                                      ; Critical ; 0 such failures found.                                                   ; I/O                 ;                   ;
; Inapplicable ; IO_000026 ; I/O Properties Checks for One I/O ; On Chip Termination and Current Strength should not be used at the same time.                        ; Critical ; No Current Strength assignments found.                                   ; I/O                 ;                   ;
; Inapplicable ; IO_000027 ; I/O Properties Checks for One I/O ; Weak Pull Up and Bus Hold should not be used at the same time.                                       ; Critical ; No Enable Bus-Hold Circuitry or Weak Pull-Up Resistor assignments found. ; I/O                 ;                   ;
; Inapplicable ; IO_000045 ; I/O Properties Checks for One I/O ; The I/O standard should support the requested Slew Rate value.                                       ; Critical ; No Slew Rate assignments found.                                          ; I/O                 ;                   ;
; Inapplicable ; IO_000046 ; I/O Properties Checks for One I/O ; The location should support the requested Slew Rate value.                                           ; Critical ; No Slew Rate assignments found.                                          ; I/O                 ;                   ;
; Inapplicable ; IO_000047 ; I/O Properties Checks for One I/O ; On Chip Termination and Slew Rate should not be used at the same time.                               ; Critical ; No Slew Rate assignments found.                                          ; I/O                 ;                   ;
; Pass         ; IO_000033 ; Electromigration Checks           ; Current density for consecutive I/Os should not exceed 240mA for row I/Os and 240mA for column I/Os. ; Critical ; 0 such failures found.                                                   ; I/O                 ;                   ;
; Inapplicable ; IO_000034 ; SI Related Distance Checks        ; Single-ended outputs should be 5 LAB row(s) away from a differential I/O.                            ; High     ; No Differential I/O Standard assignments found.                          ; I/O                 ;                   ;
; Inapplicable ; IO_000042 ; SI Related SSO Limit Checks       ; No more than 20 outputs are allowed in a VREF group when VREF is being read from.                    ; High     ; No VREF I/O Standard assignments found.                                  ; I/O                 ;                   ;
; ----         ; ----      ; Disclaimer                        ; OCT rules are checked but not reported.                                                              ; None     ; ----                                                                     ; On Chip Termination ;                   ;
+--------------+-----------+-----------------------------------+------------------------------------------------------------------------------------------------------+----------+--------------------------------------------------------------------------+---------------------+-------------------+


+--------------------------------------------------------------------------------------------------------------------------------------------------------------------------------------------------------------------------------------------------------------------------------------------------------------------------------------------------------------------------------------------------------------------------------------------------------------------------+
; I/O Rules Matrix                                                                                                                                                                                                                                                                                                                                                                                                                                                         ;
+--------------------+--------------+--------------+--------------+--------------+--------------+-----------+--------------+--------------+-----------+-----------+--------------+--------------+--------------+--------------+--------------+--------------+--------------+--------------+--------------+--------------+--------------+--------------+--------------+--------------+--------------+--------------+--------------+-----------+--------------+--------------+
; Pin/Rules          ; IO_000001    ; IO_000002    ; IO_000003    ; IO_000004    ; IO_000005    ; IO_000006 ; IO_000007    ; IO_000008    ; IO_000009 ; IO_000010 ; IO_000011    ; IO_000012    ; IO_000013    ; IO_000014    ; IO_000015    ; IO_000018    ; IO_000019    ; IO_000020    ; IO_000021    ; IO_000022    ; IO_000023    ; IO_000024    ; IO_000026    ; IO_000027    ; IO_000045    ; IO_000046    ; IO_000047    ; IO_000033 ; IO_000034    ; IO_000042    ;
+--------------------+--------------+--------------+--------------+--------------+--------------+-----------+--------------+--------------+-----------+-----------+--------------+--------------+--------------+--------------+--------------+--------------+--------------+--------------+--------------+--------------+--------------+--------------+--------------+--------------+--------------+--------------+--------------+-----------+--------------+--------------+
; Total Pass         ; 0            ; 0            ; 0            ; 0            ; 0            ; 100       ; 0            ; 0            ; 100       ; 100       ; 0            ; 33           ; 0            ; 0            ; 67           ; 0            ; 33           ; 67           ; 0            ; 0            ; 0            ; 33           ; 0            ; 0            ; 0            ; 0            ; 0            ; 100       ; 0            ; 0            ;
; Total Unchecked    ; 0            ; 0            ; 0            ; 0            ; 0            ; 0         ; 0            ; 0            ; 0         ; 0         ; 0            ; 0            ; 0            ; 0            ; 0            ; 0            ; 0            ; 0            ; 0            ; 0            ; 0            ; 0            ; 0            ; 0            ; 0            ; 0            ; 0            ; 0         ; 0            ; 0            ;
; Total Inapplicable ; 100          ; 100          ; 100          ; 100          ; 100          ; 0         ; 100          ; 100          ; 0         ; 0         ; 100          ; 67           ; 100          ; 100          ; 33           ; 100          ; 67           ; 33           ; 100          ; 100          ; 100          ; 67           ; 100          ; 100          ; 100          ; 100          ; 100          ; 0         ; 100          ; 100          ;
; Total Fail         ; 0            ; 0            ; 0            ; 0            ; 0            ; 0         ; 0            ; 0            ; 0         ; 0         ; 0            ; 0            ; 0            ; 0            ; 0            ; 0            ; 0            ; 0            ; 0            ; 0            ; 0            ; 0            ; 0            ; 0            ; 0            ; 0            ; 0            ; 0         ; 0            ; 0            ;
; ALUResult[0]       ; Inapplicable ; Inapplicable ; Inapplicable ; Inapplicable ; Inapplicable ; Pass      ; Inapplicable ; Inapplicable ; Pass      ; Pass      ; Inapplicable ; Pass         ; Inapplicable ; Inapplicable ; Inapplicable ; Inapplicable ; Pass         ; Inapplicable ; Inapplicable ; Inapplicable ; Inapplicable ; Pass         ; Inapplicable ; Inapplicable ; Inapplicable ; Inapplicable ; Inapplicable ; Pass      ; Inapplicable ; Inapplicable ;
; ALUResult[1]       ; Inapplicable ; Inapplicable ; Inapplicable ; Inapplicable ; Inapplicable ; Pass      ; Inapplicable ; Inapplicable ; Pass      ; Pass      ; Inapplicable ; Pass         ; Inapplicable ; Inapplicable ; Inapplicable ; Inapplicable ; Pass         ; Inapplicable ; Inapplicable ; Inapplicable ; Inapplicable ; Pass         ; Inapplicable ; Inapplicable ; Inapplicable ; Inapplicable ; Inapplicable ; Pass      ; Inapplicable ; Inapplicable ;
; ALUResult[2]       ; Inapplicable ; Inapplicable ; Inapplicable ; Inapplicable ; Inapplicable ; Pass      ; Inapplicable ; Inapplicable ; Pass      ; Pass      ; Inapplicable ; Pass         ; Inapplicable ; Inapplicable ; Inapplicable ; Inapplicable ; Pass         ; Inapplicable ; Inapplicable ; Inapplicable ; Inapplicable ; Pass         ; Inapplicable ; Inapplicable ; Inapplicable ; Inapplicable ; Inapplicable ; Pass      ; Inapplicable ; Inapplicable ;
; ALUResult[3]       ; Inapplicable ; Inapplicable ; Inapplicable ; Inapplicable ; Inapplicable ; Pass      ; Inapplicable ; Inapplicable ; Pass      ; Pass      ; Inapplicable ; Pass         ; Inapplicable ; Inapplicable ; Inapplicable ; Inapplicable ; Pass         ; Inapplicable ; Inapplicable ; Inapplicable ; Inapplicable ; Pass         ; Inapplicable ; Inapplicable ; Inapplicable ; Inapplicable ; Inapplicable ; Pass      ; Inapplicable ; Inapplicable ;
; ALUResult[4]       ; Inapplicable ; Inapplicable ; Inapplicable ; Inapplicable ; Inapplicable ; Pass      ; Inapplicable ; Inapplicable ; Pass      ; Pass      ; Inapplicable ; Pass         ; Inapplicable ; Inapplicable ; Inapplicable ; Inapplicable ; Pass         ; Inapplicable ; Inapplicable ; Inapplicable ; Inapplicable ; Pass         ; Inapplicable ; Inapplicable ; Inapplicable ; Inapplicable ; Inapplicable ; Pass      ; Inapplicable ; Inapplicable ;
; ALUResult[5]       ; Inapplicable ; Inapplicable ; Inapplicable ; Inapplicable ; Inapplicable ; Pass      ; Inapplicable ; Inapplicable ; Pass      ; Pass      ; Inapplicable ; Pass         ; Inapplicable ; Inapplicable ; Inapplicable ; Inapplicable ; Pass         ; Inapplicable ; Inapplicable ; Inapplicable ; Inapplicable ; Pass         ; Inapplicable ; Inapplicable ; Inapplicable ; Inapplicable ; Inapplicable ; Pass      ; Inapplicable ; Inapplicable ;
; ALUResult[6]       ; Inapplicable ; Inapplicable ; Inapplicable ; Inapplicable ; Inapplicable ; Pass      ; Inapplicable ; Inapplicable ; Pass      ; Pass      ; Inapplicable ; Pass         ; Inapplicable ; Inapplicable ; Inapplicable ; Inapplicable ; Pass         ; Inapplicable ; Inapplicable ; Inapplicable ; Inapplicable ; Pass         ; Inapplicable ; Inapplicable ; Inapplicable ; Inapplicable ; Inapplicable ; Pass      ; Inapplicable ; Inapplicable ;
; ALUResult[7]       ; Inapplicable ; Inapplicable ; Inapplicable ; Inapplicable ; Inapplicable ; Pass      ; Inapplicable ; Inapplicable ; Pass      ; Pass      ; Inapplicable ; Pass         ; Inapplicable ; Inapplicable ; Inapplicable ; Inapplicable ; Pass         ; Inapplicable ; Inapplicable ; Inapplicable ; Inapplicable ; Pass         ; Inapplicable ; Inapplicable ; Inapplicable ; Inapplicable ; Inapplicable ; Pass      ; Inapplicable ; Inapplicable ;
; ALUResult[8]       ; Inapplicable ; Inapplicable ; Inapplicable ; Inapplicable ; Inapplicable ; Pass      ; Inapplicable ; Inapplicable ; Pass      ; Pass      ; Inapplicable ; Pass         ; Inapplicable ; Inapplicable ; Inapplicable ; Inapplicable ; Pass         ; Inapplicable ; Inapplicable ; Inapplicable ; Inapplicable ; Pass         ; Inapplicable ; Inapplicable ; Inapplicable ; Inapplicable ; Inapplicable ; Pass      ; Inapplicable ; Inapplicable ;
; ALUResult[9]       ; Inapplicable ; Inapplicable ; Inapplicable ; Inapplicable ; Inapplicable ; Pass      ; Inapplicable ; Inapplicable ; Pass      ; Pass      ; Inapplicable ; Pass         ; Inapplicable ; Inapplicable ; Inapplicable ; Inapplicable ; Pass         ; Inapplicable ; Inapplicable ; Inapplicable ; Inapplicable ; Pass         ; Inapplicable ; Inapplicable ; Inapplicable ; Inapplicable ; Inapplicable ; Pass      ; Inapplicable ; Inapplicable ;
; ALUResult[10]      ; Inapplicable ; Inapplicable ; Inapplicable ; Inapplicable ; Inapplicable ; Pass      ; Inapplicable ; Inapplicable ; Pass      ; Pass      ; Inapplicable ; Pass         ; Inapplicable ; Inapplicable ; Inapplicable ; Inapplicable ; Pass         ; Inapplicable ; Inapplicable ; Inapplicable ; Inapplicable ; Pass         ; Inapplicable ; Inapplicable ; Inapplicable ; Inapplicable ; Inapplicable ; Pass      ; Inapplicable ; Inapplicable ;
; ALUResult[11]      ; Inapplicable ; Inapplicable ; Inapplicable ; Inapplicable ; Inapplicable ; Pass      ; Inapplicable ; Inapplicable ; Pass      ; Pass      ; Inapplicable ; Pass         ; Inapplicable ; Inapplicable ; Inapplicable ; Inapplicable ; Pass         ; Inapplicable ; Inapplicable ; Inapplicable ; Inapplicable ; Pass         ; Inapplicable ; Inapplicable ; Inapplicable ; Inapplicable ; Inapplicable ; Pass      ; Inapplicable ; Inapplicable ;
; ALUResult[12]      ; Inapplicable ; Inapplicable ; Inapplicable ; Inapplicable ; Inapplicable ; Pass      ; Inapplicable ; Inapplicable ; Pass      ; Pass      ; Inapplicable ; Pass         ; Inapplicable ; Inapplicable ; Inapplicable ; Inapplicable ; Pass         ; Inapplicable ; Inapplicable ; Inapplicable ; Inapplicable ; Pass         ; Inapplicable ; Inapplicable ; Inapplicable ; Inapplicable ; Inapplicable ; Pass      ; Inapplicable ; Inapplicable ;
; ALUResult[13]      ; Inapplicable ; Inapplicable ; Inapplicable ; Inapplicable ; Inapplicable ; Pass      ; Inapplicable ; Inapplicable ; Pass      ; Pass      ; Inapplicable ; Pass         ; Inapplicable ; Inapplicable ; Inapplicable ; Inapplicable ; Pass         ; Inapplicable ; Inapplicable ; Inapplicable ; Inapplicable ; Pass         ; Inapplicable ; Inapplicable ; Inapplicable ; Inapplicable ; Inapplicable ; Pass      ; Inapplicable ; Inapplicable ;
; ALUResult[14]      ; Inapplicable ; Inapplicable ; Inapplicable ; Inapplicable ; Inapplicable ; Pass      ; Inapplicable ; Inapplicable ; Pass      ; Pass      ; Inapplicable ; Pass         ; Inapplicable ; Inapplicable ; Inapplicable ; Inapplicable ; Pass         ; Inapplicable ; Inapplicable ; Inapplicable ; Inapplicable ; Pass         ; Inapplicable ; Inapplicable ; Inapplicable ; Inapplicable ; Inapplicable ; Pass      ; Inapplicable ; Inapplicable ;
; ALUResult[15]      ; Inapplicable ; Inapplicable ; Inapplicable ; Inapplicable ; Inapplicable ; Pass      ; Inapplicable ; Inapplicable ; Pass      ; Pass      ; Inapplicable ; Pass         ; Inapplicable ; Inapplicable ; Inapplicable ; Inapplicable ; Pass         ; Inapplicable ; Inapplicable ; Inapplicable ; Inapplicable ; Pass         ; Inapplicable ; Inapplicable ; Inapplicable ; Inapplicable ; Inapplicable ; Pass      ; Inapplicable ; Inapplicable ;
; ALUResult[16]      ; Inapplicable ; Inapplicable ; Inapplicable ; Inapplicable ; Inapplicable ; Pass      ; Inapplicable ; Inapplicable ; Pass      ; Pass      ; Inapplicable ; Pass         ; Inapplicable ; Inapplicable ; Inapplicable ; Inapplicable ; Pass         ; Inapplicable ; Inapplicable ; Inapplicable ; Inapplicable ; Pass         ; Inapplicable ; Inapplicable ; Inapplicable ; Inapplicable ; Inapplicable ; Pass      ; Inapplicable ; Inapplicable ;
; ALUResult[17]      ; Inapplicable ; Inapplicable ; Inapplicable ; Inapplicable ; Inapplicable ; Pass      ; Inapplicable ; Inapplicable ; Pass      ; Pass      ; Inapplicable ; Pass         ; Inapplicable ; Inapplicable ; Inapplicable ; Inapplicable ; Pass         ; Inapplicable ; Inapplicable ; Inapplicable ; Inapplicable ; Pass         ; Inapplicable ; Inapplicable ; Inapplicable ; Inapplicable ; Inapplicable ; Pass      ; Inapplicable ; Inapplicable ;
; ALUResult[18]      ; Inapplicable ; Inapplicable ; Inapplicable ; Inapplicable ; Inapplicable ; Pass      ; Inapplicable ; Inapplicable ; Pass      ; Pass      ; Inapplicable ; Pass         ; Inapplicable ; Inapplicable ; Inapplicable ; Inapplicable ; Pass         ; Inapplicable ; Inapplicable ; Inapplicable ; Inapplicable ; Pass         ; Inapplicable ; Inapplicable ; Inapplicable ; Inapplicable ; Inapplicable ; Pass      ; Inapplicable ; Inapplicable ;
; ALUResult[19]      ; Inapplicable ; Inapplicable ; Inapplicable ; Inapplicable ; Inapplicable ; Pass      ; Inapplicable ; Inapplicable ; Pass      ; Pass      ; Inapplicable ; Pass         ; Inapplicable ; Inapplicable ; Inapplicable ; Inapplicable ; Pass         ; Inapplicable ; Inapplicable ; Inapplicable ; Inapplicable ; Pass         ; Inapplicable ; Inapplicable ; Inapplicable ; Inapplicable ; Inapplicable ; Pass      ; Inapplicable ; Inapplicable ;
; ALUResult[20]      ; Inapplicable ; Inapplicable ; Inapplicable ; Inapplicable ; Inapplicable ; Pass      ; Inapplicable ; Inapplicable ; Pass      ; Pass      ; Inapplicable ; Pass         ; Inapplicable ; Inapplicable ; Inapplicable ; Inapplicable ; Pass         ; Inapplicable ; Inapplicable ; Inapplicable ; Inapplicable ; Pass         ; Inapplicable ; Inapplicable ; Inapplicable ; Inapplicable ; Inapplicable ; Pass      ; Inapplicable ; Inapplicable ;
; ALUResult[21]      ; Inapplicable ; Inapplicable ; Inapplicable ; Inapplicable ; Inapplicable ; Pass      ; Inapplicable ; Inapplicable ; Pass      ; Pass      ; Inapplicable ; Pass         ; Inapplicable ; Inapplicable ; Inapplicable ; Inapplicable ; Pass         ; Inapplicable ; Inapplicable ; Inapplicable ; Inapplicable ; Pass         ; Inapplicable ; Inapplicable ; Inapplicable ; Inapplicable ; Inapplicable ; Pass      ; Inapplicable ; Inapplicable ;
; ALUResult[22]      ; Inapplicable ; Inapplicable ; Inapplicable ; Inapplicable ; Inapplicable ; Pass      ; Inapplicable ; Inapplicable ; Pass      ; Pass      ; Inapplicable ; Pass         ; Inapplicable ; Inapplicable ; Inapplicable ; Inapplicable ; Pass         ; Inapplicable ; Inapplicable ; Inapplicable ; Inapplicable ; Pass         ; Inapplicable ; Inapplicable ; Inapplicable ; Inapplicable ; Inapplicable ; Pass      ; Inapplicable ; Inapplicable ;
; ALUResult[23]      ; Inapplicable ; Inapplicable ; Inapplicable ; Inapplicable ; Inapplicable ; Pass      ; Inapplicable ; Inapplicable ; Pass      ; Pass      ; Inapplicable ; Pass         ; Inapplicable ; Inapplicable ; Inapplicable ; Inapplicable ; Pass         ; Inapplicable ; Inapplicable ; Inapplicable ; Inapplicable ; Pass         ; Inapplicable ; Inapplicable ; Inapplicable ; Inapplicable ; Inapplicable ; Pass      ; Inapplicable ; Inapplicable ;
; ALUResult[24]      ; Inapplicable ; Inapplicable ; Inapplicable ; Inapplicable ; Inapplicable ; Pass      ; Inapplicable ; Inapplicable ; Pass      ; Pass      ; Inapplicable ; Pass         ; Inapplicable ; Inapplicable ; Inapplicable ; Inapplicable ; Pass         ; Inapplicable ; Inapplicable ; Inapplicable ; Inapplicable ; Pass         ; Inapplicable ; Inapplicable ; Inapplicable ; Inapplicable ; Inapplicable ; Pass      ; Inapplicable ; Inapplicable ;
; ALUResult[25]      ; Inapplicable ; Inapplicable ; Inapplicable ; Inapplicable ; Inapplicable ; Pass      ; Inapplicable ; Inapplicable ; Pass      ; Pass      ; Inapplicable ; Pass         ; Inapplicable ; Inapplicable ; Inapplicable ; Inapplicable ; Pass         ; Inapplicable ; Inapplicable ; Inapplicable ; Inapplicable ; Pass         ; Inapplicable ; Inapplicable ; Inapplicable ; Inapplicable ; Inapplicable ; Pass      ; Inapplicable ; Inapplicable ;
; ALUResult[26]      ; Inapplicable ; Inapplicable ; Inapplicable ; Inapplicable ; Inapplicable ; Pass      ; Inapplicable ; Inapplicable ; Pass      ; Pass      ; Inapplicable ; Pass         ; Inapplicable ; Inapplicable ; Inapplicable ; Inapplicable ; Pass         ; Inapplicable ; Inapplicable ; Inapplicable ; Inapplicable ; Pass         ; Inapplicable ; Inapplicable ; Inapplicable ; Inapplicable ; Inapplicable ; Pass      ; Inapplicable ; Inapplicable ;
; ALUResult[27]      ; Inapplicable ; Inapplicable ; Inapplicable ; Inapplicable ; Inapplicable ; Pass      ; Inapplicable ; Inapplicable ; Pass      ; Pass      ; Inapplicable ; Pass         ; Inapplicable ; Inapplicable ; Inapplicable ; Inapplicable ; Pass         ; Inapplicable ; Inapplicable ; Inapplicable ; Inapplicable ; Pass         ; Inapplicable ; Inapplicable ; Inapplicable ; Inapplicable ; Inapplicable ; Pass      ; Inapplicable ; Inapplicable ;
; ALUResult[28]      ; Inapplicable ; Inapplicable ; Inapplicable ; Inapplicable ; Inapplicable ; Pass      ; Inapplicable ; Inapplicable ; Pass      ; Pass      ; Inapplicable ; Pass         ; Inapplicable ; Inapplicable ; Inapplicable ; Inapplicable ; Pass         ; Inapplicable ; Inapplicable ; Inapplicable ; Inapplicable ; Pass         ; Inapplicable ; Inapplicable ; Inapplicable ; Inapplicable ; Inapplicable ; Pass      ; Inapplicable ; Inapplicable ;
; ALUResult[29]      ; Inapplicable ; Inapplicable ; Inapplicable ; Inapplicable ; Inapplicable ; Pass      ; Inapplicable ; Inapplicable ; Pass      ; Pass      ; Inapplicable ; Pass         ; Inapplicable ; Inapplicable ; Inapplicable ; Inapplicable ; Pass         ; Inapplicable ; Inapplicable ; Inapplicable ; Inapplicable ; Pass         ; Inapplicable ; Inapplicable ; Inapplicable ; Inapplicable ; Inapplicable ; Pass      ; Inapplicable ; Inapplicable ;
; ALUResult[30]      ; Inapplicable ; Inapplicable ; Inapplicable ; Inapplicable ; Inapplicable ; Pass      ; Inapplicable ; Inapplicable ; Pass      ; Pass      ; Inapplicable ; Pass         ; Inapplicable ; Inapplicable ; Inapplicable ; Inapplicable ; Pass         ; Inapplicable ; Inapplicable ; Inapplicable ; Inapplicable ; Pass         ; Inapplicable ; Inapplicable ; Inapplicable ; Inapplicable ; Inapplicable ; Pass      ; Inapplicable ; Inapplicable ;
; ALUResult[31]      ; Inapplicable ; Inapplicable ; Inapplicable ; Inapplicable ; Inapplicable ; Pass      ; Inapplicable ; Inapplicable ; Pass      ; Pass      ; Inapplicable ; Pass         ; Inapplicable ; Inapplicable ; Inapplicable ; Inapplicable ; Pass         ; Inapplicable ; Inapplicable ; Inapplicable ; Inapplicable ; Pass         ; Inapplicable ; Inapplicable ; Inapplicable ; Inapplicable ; Inapplicable ; Pass      ; Inapplicable ; Inapplicable ;
; Zero               ; Inapplicable ; Inapplicable ; Inapplicable ; Inapplicable ; Inapplicable ; Pass      ; Inapplicable ; Inapplicable ; Pass      ; Pass      ; Inapplicable ; Pass         ; Inapplicable ; Inapplicable ; Inapplicable ; Inapplicable ; Pass         ; Inapplicable ; Inapplicable ; Inapplicable ; Inapplicable ; Pass         ; Inapplicable ; Inapplicable ; Inapplicable ; Inapplicable ; Inapplicable ; Pass      ; Inapplicable ; Inapplicable ;
; SrcA[31]           ; Inapplicable ; Inapplicable ; Inapplicable ; Inapplicable ; Inapplicable ; Pass      ; Inapplicable ; Inapplicable ; Pass      ; Pass      ; Inapplicable ; Inapplicable ; Inapplicable ; Inapplicable ; Pass         ; Inapplicable ; Inapplicable ; Pass         ; Inapplicable ; Inapplicable ; Inapplicable ; Inapplicable ; Inapplicable ; Inapplicable ; Inapplicable ; Inapplicable ; Inapplicable ; Pass      ; Inapplicable ; Inapplicable ;
; SrcB[31]           ; Inapplicable ; Inapplicable ; Inapplicable ; Inapplicable ; Inapplicable ; Pass      ; Inapplicable ; Inapplicable ; Pass      ; Pass      ; Inapplicable ; Inapplicable ; Inapplicable ; Inapplicable ; Pass         ; Inapplicable ; Inapplicable ; Pass         ; Inapplicable ; Inapplicable ; Inapplicable ; Inapplicable ; Inapplicable ; Inapplicable ; Inapplicable ; Inapplicable ; Inapplicable ; Pass      ; Inapplicable ; Inapplicable ;
; SrcA[30]           ; Inapplicable ; Inapplicable ; Inapplicable ; Inapplicable ; Inapplicable ; Pass      ; Inapplicable ; Inapplicable ; Pass      ; Pass      ; Inapplicable ; Inapplicable ; Inapplicable ; Inapplicable ; Pass         ; Inapplicable ; Inapplicable ; Pass         ; Inapplicable ; Inapplicable ; Inapplicable ; Inapplicable ; Inapplicable ; Inapplicable ; Inapplicable ; Inapplicable ; Inapplicable ; Pass      ; Inapplicable ; Inapplicable ;
; SrcB[30]           ; Inapplicable ; Inapplicable ; Inapplicable ; Inapplicable ; Inapplicable ; Pass      ; Inapplicable ; Inapplicable ; Pass      ; Pass      ; Inapplicable ; Inapplicable ; Inapplicable ; Inapplicable ; Pass         ; Inapplicable ; Inapplicable ; Pass         ; Inapplicable ; Inapplicable ; Inapplicable ; Inapplicable ; Inapplicable ; Inapplicable ; Inapplicable ; Inapplicable ; Inapplicable ; Pass      ; Inapplicable ; Inapplicable ;
; SrcA[29]           ; Inapplicable ; Inapplicable ; Inapplicable ; Inapplicable ; Inapplicable ; Pass      ; Inapplicable ; Inapplicable ; Pass      ; Pass      ; Inapplicable ; Inapplicable ; Inapplicable ; Inapplicable ; Pass         ; Inapplicable ; Inapplicable ; Pass         ; Inapplicable ; Inapplicable ; Inapplicable ; Inapplicable ; Inapplicable ; Inapplicable ; Inapplicable ; Inapplicable ; Inapplicable ; Pass      ; Inapplicable ; Inapplicable ;
; SrcB[29]           ; Inapplicable ; Inapplicable ; Inapplicable ; Inapplicable ; Inapplicable ; Pass      ; Inapplicable ; Inapplicable ; Pass      ; Pass      ; Inapplicable ; Inapplicable ; Inapplicable ; Inapplicable ; Pass         ; Inapplicable ; Inapplicable ; Pass         ; Inapplicable ; Inapplicable ; Inapplicable ; Inapplicable ; Inapplicable ; Inapplicable ; Inapplicable ; Inapplicable ; Inapplicable ; Pass      ; Inapplicable ; Inapplicable ;
; SrcA[28]           ; Inapplicable ; Inapplicable ; Inapplicable ; Inapplicable ; Inapplicable ; Pass      ; Inapplicable ; Inapplicable ; Pass      ; Pass      ; Inapplicable ; Inapplicable ; Inapplicable ; Inapplicable ; Pass         ; Inapplicable ; Inapplicable ; Pass         ; Inapplicable ; Inapplicable ; Inapplicable ; Inapplicable ; Inapplicable ; Inapplicable ; Inapplicable ; Inapplicable ; Inapplicable ; Pass      ; Inapplicable ; Inapplicable ;
; SrcB[28]           ; Inapplicable ; Inapplicable ; Inapplicable ; Inapplicable ; Inapplicable ; Pass      ; Inapplicable ; Inapplicable ; Pass      ; Pass      ; Inapplicable ; Inapplicable ; Inapplicable ; Inapplicable ; Pass         ; Inapplicable ; Inapplicable ; Pass         ; Inapplicable ; Inapplicable ; Inapplicable ; Inapplicable ; Inapplicable ; Inapplicable ; Inapplicable ; Inapplicable ; Inapplicable ; Pass      ; Inapplicable ; Inapplicable ;
; SrcA[27]           ; Inapplicable ; Inapplicable ; Inapplicable ; Inapplicable ; Inapplicable ; Pass      ; Inapplicable ; Inapplicable ; Pass      ; Pass      ; Inapplicable ; Inapplicable ; Inapplicable ; Inapplicable ; Pass         ; Inapplicable ; Inapplicable ; Pass         ; Inapplicable ; Inapplicable ; Inapplicable ; Inapplicable ; Inapplicable ; Inapplicable ; Inapplicable ; Inapplicable ; Inapplicable ; Pass      ; Inapplicable ; Inapplicable ;
; SrcB[27]           ; Inapplicable ; Inapplicable ; Inapplicable ; Inapplicable ; Inapplicable ; Pass      ; Inapplicable ; Inapplicable ; Pass      ; Pass      ; Inapplicable ; Inapplicable ; Inapplicable ; Inapplicable ; Pass         ; Inapplicable ; Inapplicable ; Pass         ; Inapplicable ; Inapplicable ; Inapplicable ; Inapplicable ; Inapplicable ; Inapplicable ; Inapplicable ; Inapplicable ; Inapplicable ; Pass      ; Inapplicable ; Inapplicable ;
; SrcA[26]           ; Inapplicable ; Inapplicable ; Inapplicable ; Inapplicable ; Inapplicable ; Pass      ; Inapplicable ; Inapplicable ; Pass      ; Pass      ; Inapplicable ; Inapplicable ; Inapplicable ; Inapplicable ; Pass         ; Inapplicable ; Inapplicable ; Pass         ; Inapplicable ; Inapplicable ; Inapplicable ; Inapplicable ; Inapplicable ; Inapplicable ; Inapplicable ; Inapplicable ; Inapplicable ; Pass      ; Inapplicable ; Inapplicable ;
; SrcB[26]           ; Inapplicable ; Inapplicable ; Inapplicable ; Inapplicable ; Inapplicable ; Pass      ; Inapplicable ; Inapplicable ; Pass      ; Pass      ; Inapplicable ; Inapplicable ; Inapplicable ; Inapplicable ; Pass         ; Inapplicable ; Inapplicable ; Pass         ; Inapplicable ; Inapplicable ; Inapplicable ; Inapplicable ; Inapplicable ; Inapplicable ; Inapplicable ; Inapplicable ; Inapplicable ; Pass      ; Inapplicable ; Inapplicable ;
; SrcA[25]           ; Inapplicable ; Inapplicable ; Inapplicable ; Inapplicable ; Inapplicable ; Pass      ; Inapplicable ; Inapplicable ; Pass      ; Pass      ; Inapplicable ; Inapplicable ; Inapplicable ; Inapplicable ; Pass         ; Inapplicable ; Inapplicable ; Pass         ; Inapplicable ; Inapplicable ; Inapplicable ; Inapplicable ; Inapplicable ; Inapplicable ; Inapplicable ; Inapplicable ; Inapplicable ; Pass      ; Inapplicable ; Inapplicable ;
; SrcB[25]           ; Inapplicable ; Inapplicable ; Inapplicable ; Inapplicable ; Inapplicable ; Pass      ; Inapplicable ; Inapplicable ; Pass      ; Pass      ; Inapplicable ; Inapplicable ; Inapplicable ; Inapplicable ; Pass         ; Inapplicable ; Inapplicable ; Pass         ; Inapplicable ; Inapplicable ; Inapplicable ; Inapplicable ; Inapplicable ; Inapplicable ; Inapplicable ; Inapplicable ; Inapplicable ; Pass      ; Inapplicable ; Inapplicable ;
; SrcA[24]           ; Inapplicable ; Inapplicable ; Inapplicable ; Inapplicable ; Inapplicable ; Pass      ; Inapplicable ; Inapplicable ; Pass      ; Pass      ; Inapplicable ; Inapplicable ; Inapplicable ; Inapplicable ; Pass         ; Inapplicable ; Inapplicable ; Pass         ; Inapplicable ; Inapplicable ; Inapplicable ; Inapplicable ; Inapplicable ; Inapplicable ; Inapplicable ; Inapplicable ; Inapplicable ; Pass      ; Inapplicable ; Inapplicable ;
; SrcB[24]           ; Inapplicable ; Inapplicable ; Inapplicable ; Inapplicable ; Inapplicable ; Pass      ; Inapplicable ; Inapplicable ; Pass      ; Pass      ; Inapplicable ; Inapplicable ; Inapplicable ; Inapplicable ; Pass         ; Inapplicable ; Inapplicable ; Pass         ; Inapplicable ; Inapplicable ; Inapplicable ; Inapplicable ; Inapplicable ; Inapplicable ; Inapplicable ; Inapplicable ; Inapplicable ; Pass      ; Inapplicable ; Inapplicable ;
; SrcA[23]           ; Inapplicable ; Inapplicable ; Inapplicable ; Inapplicable ; Inapplicable ; Pass      ; Inapplicable ; Inapplicable ; Pass      ; Pass      ; Inapplicable ; Inapplicable ; Inapplicable ; Inapplicable ; Pass         ; Inapplicable ; Inapplicable ; Pass         ; Inapplicable ; Inapplicable ; Inapplicable ; Inapplicable ; Inapplicable ; Inapplicable ; Inapplicable ; Inapplicable ; Inapplicable ; Pass      ; Inapplicable ; Inapplicable ;
; SrcB[23]           ; Inapplicable ; Inapplicable ; Inapplicable ; Inapplicable ; Inapplicable ; Pass      ; Inapplicable ; Inapplicable ; Pass      ; Pass      ; Inapplicable ; Inapplicable ; Inapplicable ; Inapplicable ; Pass         ; Inapplicable ; Inapplicable ; Pass         ; Inapplicable ; Inapplicable ; Inapplicable ; Inapplicable ; Inapplicable ; Inapplicable ; Inapplicable ; Inapplicable ; Inapplicable ; Pass      ; Inapplicable ; Inapplicable ;
; SrcA[22]           ; Inapplicable ; Inapplicable ; Inapplicable ; Inapplicable ; Inapplicable ; Pass      ; Inapplicable ; Inapplicable ; Pass      ; Pass      ; Inapplicable ; Inapplicable ; Inapplicable ; Inapplicable ; Pass         ; Inapplicable ; Inapplicable ; Pass         ; Inapplicable ; Inapplicable ; Inapplicable ; Inapplicable ; Inapplicable ; Inapplicable ; Inapplicable ; Inapplicable ; Inapplicable ; Pass      ; Inapplicable ; Inapplicable ;
; SrcB[22]           ; Inapplicable ; Inapplicable ; Inapplicable ; Inapplicable ; Inapplicable ; Pass      ; Inapplicable ; Inapplicable ; Pass      ; Pass      ; Inapplicable ; Inapplicable ; Inapplicable ; Inapplicable ; Pass         ; Inapplicable ; Inapplicable ; Pass         ; Inapplicable ; Inapplicable ; Inapplicable ; Inapplicable ; Inapplicable ; Inapplicable ; Inapplicable ; Inapplicable ; Inapplicable ; Pass      ; Inapplicable ; Inapplicable ;
; SrcA[21]           ; Inapplicable ; Inapplicable ; Inapplicable ; Inapplicable ; Inapplicable ; Pass      ; Inapplicable ; Inapplicable ; Pass      ; Pass      ; Inapplicable ; Inapplicable ; Inapplicable ; Inapplicable ; Pass         ; Inapplicable ; Inapplicable ; Pass         ; Inapplicable ; Inapplicable ; Inapplicable ; Inapplicable ; Inapplicable ; Inapplicable ; Inapplicable ; Inapplicable ; Inapplicable ; Pass      ; Inapplicable ; Inapplicable ;
; SrcB[21]           ; Inapplicable ; Inapplicable ; Inapplicable ; Inapplicable ; Inapplicable ; Pass      ; Inapplicable ; Inapplicable ; Pass      ; Pass      ; Inapplicable ; Inapplicable ; Inapplicable ; Inapplicable ; Pass         ; Inapplicable ; Inapplicable ; Pass         ; Inapplicable ; Inapplicable ; Inapplicable ; Inapplicable ; Inapplicable ; Inapplicable ; Inapplicable ; Inapplicable ; Inapplicable ; Pass      ; Inapplicable ; Inapplicable ;
; SrcA[20]           ; Inapplicable ; Inapplicable ; Inapplicable ; Inapplicable ; Inapplicable ; Pass      ; Inapplicable ; Inapplicable ; Pass      ; Pass      ; Inapplicable ; Inapplicable ; Inapplicable ; Inapplicable ; Pass         ; Inapplicable ; Inapplicable ; Pass         ; Inapplicable ; Inapplicable ; Inapplicable ; Inapplicable ; Inapplicable ; Inapplicable ; Inapplicable ; Inapplicable ; Inapplicable ; Pass      ; Inapplicable ; Inapplicable ;
; SrcB[20]           ; Inapplicable ; Inapplicable ; Inapplicable ; Inapplicable ; Inapplicable ; Pass      ; Inapplicable ; Inapplicable ; Pass      ; Pass      ; Inapplicable ; Inapplicable ; Inapplicable ; Inapplicable ; Pass         ; Inapplicable ; Inapplicable ; Pass         ; Inapplicable ; Inapplicable ; Inapplicable ; Inapplicable ; Inapplicable ; Inapplicable ; Inapplicable ; Inapplicable ; Inapplicable ; Pass      ; Inapplicable ; Inapplicable ;
; SrcA[19]           ; Inapplicable ; Inapplicable ; Inapplicable ; Inapplicable ; Inapplicable ; Pass      ; Inapplicable ; Inapplicable ; Pass      ; Pass      ; Inapplicable ; Inapplicable ; Inapplicable ; Inapplicable ; Pass         ; Inapplicable ; Inapplicable ; Pass         ; Inapplicable ; Inapplicable ; Inapplicable ; Inapplicable ; Inapplicable ; Inapplicable ; Inapplicable ; Inapplicable ; Inapplicable ; Pass      ; Inapplicable ; Inapplicable ;
; SrcB[19]           ; Inapplicable ; Inapplicable ; Inapplicable ; Inapplicable ; Inapplicable ; Pass      ; Inapplicable ; Inapplicable ; Pass      ; Pass      ; Inapplicable ; Inapplicable ; Inapplicable ; Inapplicable ; Pass         ; Inapplicable ; Inapplicable ; Pass         ; Inapplicable ; Inapplicable ; Inapplicable ; Inapplicable ; Inapplicable ; Inapplicable ; Inapplicable ; Inapplicable ; Inapplicable ; Pass      ; Inapplicable ; Inapplicable ;
; SrcA[18]           ; Inapplicable ; Inapplicable ; Inapplicable ; Inapplicable ; Inapplicable ; Pass      ; Inapplicable ; Inapplicable ; Pass      ; Pass      ; Inapplicable ; Inapplicable ; Inapplicable ; Inapplicable ; Pass         ; Inapplicable ; Inapplicable ; Pass         ; Inapplicable ; Inapplicable ; Inapplicable ; Inapplicable ; Inapplicable ; Inapplicable ; Inapplicable ; Inapplicable ; Inapplicable ; Pass      ; Inapplicable ; Inapplicable ;
; SrcB[18]           ; Inapplicable ; Inapplicable ; Inapplicable ; Inapplicable ; Inapplicable ; Pass      ; Inapplicable ; Inapplicable ; Pass      ; Pass      ; Inapplicable ; Inapplicable ; Inapplicable ; Inapplicable ; Pass         ; Inapplicable ; Inapplicable ; Pass         ; Inapplicable ; Inapplicable ; Inapplicable ; Inapplicable ; Inapplicable ; Inapplicable ; Inapplicable ; Inapplicable ; Inapplicable ; Pass      ; Inapplicable ; Inapplicable ;
; SrcA[17]           ; Inapplicable ; Inapplicable ; Inapplicable ; Inapplicable ; Inapplicable ; Pass      ; Inapplicable ; Inapplicable ; Pass      ; Pass      ; Inapplicable ; Inapplicable ; Inapplicable ; Inapplicable ; Pass         ; Inapplicable ; Inapplicable ; Pass         ; Inapplicable ; Inapplicable ; Inapplicable ; Inapplicable ; Inapplicable ; Inapplicable ; Inapplicable ; Inapplicable ; Inapplicable ; Pass      ; Inapplicable ; Inapplicable ;
; SrcB[17]           ; Inapplicable ; Inapplicable ; Inapplicable ; Inapplicable ; Inapplicable ; Pass      ; Inapplicable ; Inapplicable ; Pass      ; Pass      ; Inapplicable ; Inapplicable ; Inapplicable ; Inapplicable ; Pass         ; Inapplicable ; Inapplicable ; Pass         ; Inapplicable ; Inapplicable ; Inapplicable ; Inapplicable ; Inapplicable ; Inapplicable ; Inapplicable ; Inapplicable ; Inapplicable ; Pass      ; Inapplicable ; Inapplicable ;
; SrcA[16]           ; Inapplicable ; Inapplicable ; Inapplicable ; Inapplicable ; Inapplicable ; Pass      ; Inapplicable ; Inapplicable ; Pass      ; Pass      ; Inapplicable ; Inapplicable ; Inapplicable ; Inapplicable ; Pass         ; Inapplicable ; Inapplicable ; Pass         ; Inapplicable ; Inapplicable ; Inapplicable ; Inapplicable ; Inapplicable ; Inapplicable ; Inapplicable ; Inapplicable ; Inapplicable ; Pass      ; Inapplicable ; Inapplicable ;
; SrcB[16]           ; Inapplicable ; Inapplicable ; Inapplicable ; Inapplicable ; Inapplicable ; Pass      ; Inapplicable ; Inapplicable ; Pass      ; Pass      ; Inapplicable ; Inapplicable ; Inapplicable ; Inapplicable ; Pass         ; Inapplicable ; Inapplicable ; Pass         ; Inapplicable ; Inapplicable ; Inapplicable ; Inapplicable ; Inapplicable ; Inapplicable ; Inapplicable ; Inapplicable ; Inapplicable ; Pass      ; Inapplicable ; Inapplicable ;
; SrcA[15]           ; Inapplicable ; Inapplicable ; Inapplicable ; Inapplicable ; Inapplicable ; Pass      ; Inapplicable ; Inapplicable ; Pass      ; Pass      ; Inapplicable ; Inapplicable ; Inapplicable ; Inapplicable ; Pass         ; Inapplicable ; Inapplicable ; Pass         ; Inapplicable ; Inapplicable ; Inapplicable ; Inapplicable ; Inapplicable ; Inapplicable ; Inapplicable ; Inapplicable ; Inapplicable ; Pass      ; Inapplicable ; Inapplicable ;
; SrcB[15]           ; Inapplicable ; Inapplicable ; Inapplicable ; Inapplicable ; Inapplicable ; Pass      ; Inapplicable ; Inapplicable ; Pass      ; Pass      ; Inapplicable ; Inapplicable ; Inapplicable ; Inapplicable ; Pass         ; Inapplicable ; Inapplicable ; Pass         ; Inapplicable ; Inapplicable ; Inapplicable ; Inapplicable ; Inapplicable ; Inapplicable ; Inapplicable ; Inapplicable ; Inapplicable ; Pass      ; Inapplicable ; Inapplicable ;
; SrcA[14]           ; Inapplicable ; Inapplicable ; Inapplicable ; Inapplicable ; Inapplicable ; Pass      ; Inapplicable ; Inapplicable ; Pass      ; Pass      ; Inapplicable ; Inapplicable ; Inapplicable ; Inapplicable ; Pass         ; Inapplicable ; Inapplicable ; Pass         ; Inapplicable ; Inapplicable ; Inapplicable ; Inapplicable ; Inapplicable ; Inapplicable ; Inapplicable ; Inapplicable ; Inapplicable ; Pass      ; Inapplicable ; Inapplicable ;
; SrcB[14]           ; Inapplicable ; Inapplicable ; Inapplicable ; Inapplicable ; Inapplicable ; Pass      ; Inapplicable ; Inapplicable ; Pass      ; Pass      ; Inapplicable ; Inapplicable ; Inapplicable ; Inapplicable ; Pass         ; Inapplicable ; Inapplicable ; Pass         ; Inapplicable ; Inapplicable ; Inapplicable ; Inapplicable ; Inapplicable ; Inapplicable ; Inapplicable ; Inapplicable ; Inapplicable ; Pass      ; Inapplicable ; Inapplicable ;
; SrcA[13]           ; Inapplicable ; Inapplicable ; Inapplicable ; Inapplicable ; Inapplicable ; Pass      ; Inapplicable ; Inapplicable ; Pass      ; Pass      ; Inapplicable ; Inapplicable ; Inapplicable ; Inapplicable ; Pass         ; Inapplicable ; Inapplicable ; Pass         ; Inapplicable ; Inapplicable ; Inapplicable ; Inapplicable ; Inapplicable ; Inapplicable ; Inapplicable ; Inapplicable ; Inapplicable ; Pass      ; Inapplicable ; Inapplicable ;
; SrcB[13]           ; Inapplicable ; Inapplicable ; Inapplicable ; Inapplicable ; Inapplicable ; Pass      ; Inapplicable ; Inapplicable ; Pass      ; Pass      ; Inapplicable ; Inapplicable ; Inapplicable ; Inapplicable ; Pass         ; Inapplicable ; Inapplicable ; Pass         ; Inapplicable ; Inapplicable ; Inapplicable ; Inapplicable ; Inapplicable ; Inapplicable ; Inapplicable ; Inapplicable ; Inapplicable ; Pass      ; Inapplicable ; Inapplicable ;
; SrcA[12]           ; Inapplicable ; Inapplicable ; Inapplicable ; Inapplicable ; Inapplicable ; Pass      ; Inapplicable ; Inapplicable ; Pass      ; Pass      ; Inapplicable ; Inapplicable ; Inapplicable ; Inapplicable ; Pass         ; Inapplicable ; Inapplicable ; Pass         ; Inapplicable ; Inapplicable ; Inapplicable ; Inapplicable ; Inapplicable ; Inapplicable ; Inapplicable ; Inapplicable ; Inapplicable ; Pass      ; Inapplicable ; Inapplicable ;
; SrcB[12]           ; Inapplicable ; Inapplicable ; Inapplicable ; Inapplicable ; Inapplicable ; Pass      ; Inapplicable ; Inapplicable ; Pass      ; Pass      ; Inapplicable ; Inapplicable ; Inapplicable ; Inapplicable ; Pass         ; Inapplicable ; Inapplicable ; Pass         ; Inapplicable ; Inapplicable ; Inapplicable ; Inapplicable ; Inapplicable ; Inapplicable ; Inapplicable ; Inapplicable ; Inapplicable ; Pass      ; Inapplicable ; Inapplicable ;
; SrcA[11]           ; Inapplicable ; Inapplicable ; Inapplicable ; Inapplicable ; Inapplicable ; Pass      ; Inapplicable ; Inapplicable ; Pass      ; Pass      ; Inapplicable ; Inapplicable ; Inapplicable ; Inapplicable ; Pass         ; Inapplicable ; Inapplicable ; Pass         ; Inapplicable ; Inapplicable ; Inapplicable ; Inapplicable ; Inapplicable ; Inapplicable ; Inapplicable ; Inapplicable ; Inapplicable ; Pass      ; Inapplicable ; Inapplicable ;
; SrcB[11]           ; Inapplicable ; Inapplicable ; Inapplicable ; Inapplicable ; Inapplicable ; Pass      ; Inapplicable ; Inapplicable ; Pass      ; Pass      ; Inapplicable ; Inapplicable ; Inapplicable ; Inapplicable ; Pass         ; Inapplicable ; Inapplicable ; Pass         ; Inapplicable ; Inapplicable ; Inapplicable ; Inapplicable ; Inapplicable ; Inapplicable ; Inapplicable ; Inapplicable ; Inapplicable ; Pass      ; Inapplicable ; Inapplicable ;
; SrcA[10]           ; Inapplicable ; Inapplicable ; Inapplicable ; Inapplicable ; Inapplicable ; Pass      ; Inapplicable ; Inapplicable ; Pass      ; Pass      ; Inapplicable ; Inapplicable ; Inapplicable ; Inapplicable ; Pass         ; Inapplicable ; Inapplicable ; Pass         ; Inapplicable ; Inapplicable ; Inapplicable ; Inapplicable ; Inapplicable ; Inapplicable ; Inapplicable ; Inapplicable ; Inapplicable ; Pass      ; Inapplicable ; Inapplicable ;
; SrcB[10]           ; Inapplicable ; Inapplicable ; Inapplicable ; Inapplicable ; Inapplicable ; Pass      ; Inapplicable ; Inapplicable ; Pass      ; Pass      ; Inapplicable ; Inapplicable ; Inapplicable ; Inapplicable ; Pass         ; Inapplicable ; Inapplicable ; Pass         ; Inapplicable ; Inapplicable ; Inapplicable ; Inapplicable ; Inapplicable ; Inapplicable ; Inapplicable ; Inapplicable ; Inapplicable ; Pass      ; Inapplicable ; Inapplicable ;
; SrcA[9]            ; Inapplicable ; Inapplicable ; Inapplicable ; Inapplicable ; Inapplicable ; Pass      ; Inapplicable ; Inapplicable ; Pass      ; Pass      ; Inapplicable ; Inapplicable ; Inapplicable ; Inapplicable ; Pass         ; Inapplicable ; Inapplicable ; Pass         ; Inapplicable ; Inapplicable ; Inapplicable ; Inapplicable ; Inapplicable ; Inapplicable ; Inapplicable ; Inapplicable ; Inapplicable ; Pass      ; Inapplicable ; Inapplicable ;
; SrcB[9]            ; Inapplicable ; Inapplicable ; Inapplicable ; Inapplicable ; Inapplicable ; Pass      ; Inapplicable ; Inapplicable ; Pass      ; Pass      ; Inapplicable ; Inapplicable ; Inapplicable ; Inapplicable ; Pass         ; Inapplicable ; Inapplicable ; Pass         ; Inapplicable ; Inapplicable ; Inapplicable ; Inapplicable ; Inapplicable ; Inapplicable ; Inapplicable ; Inapplicable ; Inapplicable ; Pass      ; Inapplicable ; Inapplicable ;
; SrcA[8]            ; Inapplicable ; Inapplicable ; Inapplicable ; Inapplicable ; Inapplicable ; Pass      ; Inapplicable ; Inapplicable ; Pass      ; Pass      ; Inapplicable ; Inapplicable ; Inapplicable ; Inapplicable ; Pass         ; Inapplicable ; Inapplicable ; Pass         ; Inapplicable ; Inapplicable ; Inapplicable ; Inapplicable ; Inapplicable ; Inapplicable ; Inapplicable ; Inapplicable ; Inapplicable ; Pass      ; Inapplicable ; Inapplicable ;
; SrcB[8]            ; Inapplicable ; Inapplicable ; Inapplicable ; Inapplicable ; Inapplicable ; Pass      ; Inapplicable ; Inapplicable ; Pass      ; Pass      ; Inapplicable ; Inapplicable ; Inapplicable ; Inapplicable ; Pass         ; Inapplicable ; Inapplicable ; Pass         ; Inapplicable ; Inapplicable ; Inapplicable ; Inapplicable ; Inapplicable ; Inapplicable ; Inapplicable ; Inapplicable ; Inapplicable ; Pass      ; Inapplicable ; Inapplicable ;
; SrcA[7]            ; Inapplicable ; Inapplicable ; Inapplicable ; Inapplicable ; Inapplicable ; Pass      ; Inapplicable ; Inapplicable ; Pass      ; Pass      ; Inapplicable ; Inapplicable ; Inapplicable ; Inapplicable ; Pass         ; Inapplicable ; Inapplicable ; Pass         ; Inapplicable ; Inapplicable ; Inapplicable ; Inapplicable ; Inapplicable ; Inapplicable ; Inapplicable ; Inapplicable ; Inapplicable ; Pass      ; Inapplicable ; Inapplicable ;
; SrcB[7]            ; Inapplicable ; Inapplicable ; Inapplicable ; Inapplicable ; Inapplicable ; Pass      ; Inapplicable ; Inapplicable ; Pass      ; Pass      ; Inapplicable ; Inapplicable ; Inapplicable ; Inapplicable ; Pass         ; Inapplicable ; Inapplicable ; Pass         ; Inapplicable ; Inapplicable ; Inapplicable ; Inapplicable ; Inapplicable ; Inapplicable ; Inapplicable ; Inapplicable ; Inapplicable ; Pass      ; Inapplicable ; Inapplicable ;
; SrcA[6]            ; Inapplicable ; Inapplicable ; Inapplicable ; Inapplicable ; Inapplicable ; Pass      ; Inapplicable ; Inapplicable ; Pass      ; Pass      ; Inapplicable ; Inapplicable ; Inapplicable ; Inapplicable ; Pass         ; Inapplicable ; Inapplicable ; Pass         ; Inapplicable ; Inapplicable ; Inapplicable ; Inapplicable ; Inapplicable ; Inapplicable ; Inapplicable ; Inapplicable ; Inapplicable ; Pass      ; Inapplicable ; Inapplicable ;
; SrcB[6]            ; Inapplicable ; Inapplicable ; Inapplicable ; Inapplicable ; Inapplicable ; Pass      ; Inapplicable ; Inapplicable ; Pass      ; Pass      ; Inapplicable ; Inapplicable ; Inapplicable ; Inapplicable ; Pass         ; Inapplicable ; Inapplicable ; Pass         ; Inapplicable ; Inapplicable ; Inapplicable ; Inapplicable ; Inapplicable ; Inapplicable ; Inapplicable ; Inapplicable ; Inapplicable ; Pass      ; Inapplicable ; Inapplicable ;
; SrcA[5]            ; Inapplicable ; Inapplicable ; Inapplicable ; Inapplicable ; Inapplicable ; Pass      ; Inapplicable ; Inapplicable ; Pass      ; Pass      ; Inapplicable ; Inapplicable ; Inapplicable ; Inapplicable ; Pass         ; Inapplicable ; Inapplicable ; Pass         ; Inapplicable ; Inapplicable ; Inapplicable ; Inapplicable ; Inapplicable ; Inapplicable ; Inapplicable ; Inapplicable ; Inapplicable ; Pass      ; Inapplicable ; Inapplicable ;
; SrcB[5]            ; Inapplicable ; Inapplicable ; Inapplicable ; Inapplicable ; Inapplicable ; Pass      ; Inapplicable ; Inapplicable ; Pass      ; Pass      ; Inapplicable ; Inapplicable ; Inapplicable ; Inapplicable ; Pass         ; Inapplicable ; Inapplicable ; Pass         ; Inapplicable ; Inapplicable ; Inapplicable ; Inapplicable ; Inapplicable ; Inapplicable ; Inapplicable ; Inapplicable ; Inapplicable ; Pass      ; Inapplicable ; Inapplicable ;
; SrcA[4]            ; Inapplicable ; Inapplicable ; Inapplicable ; Inapplicable ; Inapplicable ; Pass      ; Inapplicable ; Inapplicable ; Pass      ; Pass      ; Inapplicable ; Inapplicable ; Inapplicable ; Inapplicable ; Pass         ; Inapplicable ; Inapplicable ; Pass         ; Inapplicable ; Inapplicable ; Inapplicable ; Inapplicable ; Inapplicable ; Inapplicable ; Inapplicable ; Inapplicable ; Inapplicable ; Pass      ; Inapplicable ; Inapplicable ;
; SrcB[4]            ; Inapplicable ; Inapplicable ; Inapplicable ; Inapplicable ; Inapplicable ; Pass      ; Inapplicable ; Inapplicable ; Pass      ; Pass      ; Inapplicable ; Inapplicable ; Inapplicable ; Inapplicable ; Pass         ; Inapplicable ; Inapplicable ; Pass         ; Inapplicable ; Inapplicable ; Inapplicable ; Inapplicable ; Inapplicable ; Inapplicable ; Inapplicable ; Inapplicable ; Inapplicable ; Pass      ; Inapplicable ; Inapplicable ;
; SrcA[3]            ; Inapplicable ; Inapplicable ; Inapplicable ; Inapplicable ; Inapplicable ; Pass      ; Inapplicable ; Inapplicable ; Pass      ; Pass      ; Inapplicable ; Inapplicable ; Inapplicable ; Inapplicable ; Pass         ; Inapplicable ; Inapplicable ; Pass         ; Inapplicable ; Inapplicable ; Inapplicable ; Inapplicable ; Inapplicable ; Inapplicable ; Inapplicable ; Inapplicable ; Inapplicable ; Pass      ; Inapplicable ; Inapplicable ;
; SrcB[3]            ; Inapplicable ; Inapplicable ; Inapplicable ; Inapplicable ; Inapplicable ; Pass      ; Inapplicable ; Inapplicable ; Pass      ; Pass      ; Inapplicable ; Inapplicable ; Inapplicable ; Inapplicable ; Pass         ; Inapplicable ; Inapplicable ; Pass         ; Inapplicable ; Inapplicable ; Inapplicable ; Inapplicable ; Inapplicable ; Inapplicable ; Inapplicable ; Inapplicable ; Inapplicable ; Pass      ; Inapplicable ; Inapplicable ;
; SrcA[2]            ; Inapplicable ; Inapplicable ; Inapplicable ; Inapplicable ; Inapplicable ; Pass      ; Inapplicable ; Inapplicable ; Pass      ; Pass      ; Inapplicable ; Inapplicable ; Inapplicable ; Inapplicable ; Pass         ; Inapplicable ; Inapplicable ; Pass         ; Inapplicable ; Inapplicable ; Inapplicable ; Inapplicable ; Inapplicable ; Inapplicable ; Inapplicable ; Inapplicable ; Inapplicable ; Pass      ; Inapplicable ; Inapplicable ;
; SrcB[2]            ; Inapplicable ; Inapplicable ; Inapplicable ; Inapplicable ; Inapplicable ; Pass      ; Inapplicable ; Inapplicable ; Pass      ; Pass      ; Inapplicable ; Inapplicable ; Inapplicable ; Inapplicable ; Pass         ; Inapplicable ; Inapplicable ; Pass         ; Inapplicable ; Inapplicable ; Inapplicable ; Inapplicable ; Inapplicable ; Inapplicable ; Inapplicable ; Inapplicable ; Inapplicable ; Pass      ; Inapplicable ; Inapplicable ;
; SrcA[1]            ; Inapplicable ; Inapplicable ; Inapplicable ; Inapplicable ; Inapplicable ; Pass      ; Inapplicable ; Inapplicable ; Pass      ; Pass      ; Inapplicable ; Inapplicable ; Inapplicable ; Inapplicable ; Pass         ; Inapplicable ; Inapplicable ; Pass         ; Inapplicable ; Inapplicable ; Inapplicable ; Inapplicable ; Inapplicable ; Inapplicable ; Inapplicable ; Inapplicable ; Inapplicable ; Pass      ; Inapplicable ; Inapplicable ;
; SrcB[1]            ; Inapplicable ; Inapplicable ; Inapplicable ; Inapplicable ; Inapplicable ; Pass      ; Inapplicable ; Inapplicable ; Pass      ; Pass      ; Inapplicable ; Inapplicable ; Inapplicable ; Inapplicable ; Pass         ; Inapplicable ; Inapplicable ; Pass         ; Inapplicable ; Inapplicable ; Inapplicable ; Inapplicable ; Inapplicable ; Inapplicable ; Inapplicable ; Inapplicable ; Inapplicable ; Pass      ; Inapplicable ; Inapplicable ;
; SrcA[0]            ; Inapplicable ; Inapplicable ; Inapplicable ; Inapplicable ; Inapplicable ; Pass      ; Inapplicable ; Inapplicable ; Pass      ; Pass      ; Inapplicable ; Inapplicable ; Inapplicable ; Inapplicable ; Pass         ; Inapplicable ; Inapplicable ; Pass         ; Inapplicable ; Inapplicable ; Inapplicable ; Inapplicable ; Inapplicable ; Inapplicable ; Inapplicable ; Inapplicable ; Inapplicable ; Pass      ; Inapplicable ; Inapplicable ;
; SrcB[0]            ; Inapplicable ; Inapplicable ; Inapplicable ; Inapplicable ; Inapplicable ; Pass      ; Inapplicable ; Inapplicable ; Pass      ; Pass      ; Inapplicable ; Inapplicable ; Inapplicable ; Inapplicable ; Pass         ; Inapplicable ; Inapplicable ; Pass         ; Inapplicable ; Inapplicable ; Inapplicable ; Inapplicable ; Inapplicable ; Inapplicable ; Inapplicable ; Inapplicable ; Inapplicable ; Pass      ; Inapplicable ; Inapplicable ;
; ALUControl[1]      ; Inapplicable ; Inapplicable ; Inapplicable ; Inapplicable ; Inapplicable ; Pass      ; Inapplicable ; Inapplicable ; Pass      ; Pass      ; Inapplicable ; Inapplicable ; Inapplicable ; Inapplicable ; Pass         ; Inapplicable ; Inapplicable ; Pass         ; Inapplicable ; Inapplicable ; Inapplicable ; Inapplicable ; Inapplicable ; Inapplicable ; Inapplicable ; Inapplicable ; Inapplicable ; Pass      ; Inapplicable ; Inapplicable ;
; ALUControl[0]      ; Inapplicable ; Inapplicable ; Inapplicable ; Inapplicable ; Inapplicable ; Pass      ; Inapplicable ; Inapplicable ; Pass      ; Pass      ; Inapplicable ; Inapplicable ; Inapplicable ; Inapplicable ; Pass         ; Inapplicable ; Inapplicable ; Pass         ; Inapplicable ; Inapplicable ; Inapplicable ; Inapplicable ; Inapplicable ; Inapplicable ; Inapplicable ; Inapplicable ; Inapplicable ; Pass      ; Inapplicable ; Inapplicable ;
; ALUControl[2]      ; Inapplicable ; Inapplicable ; Inapplicable ; Inapplicable ; Inapplicable ; Pass      ; Inapplicable ; Inapplicable ; Pass      ; Pass      ; Inapplicable ; Inapplicable ; Inapplicable ; Inapplicable ; Pass         ; Inapplicable ; Inapplicable ; Pass         ; Inapplicable ; Inapplicable ; Inapplicable ; Inapplicable ; Inapplicable ; Inapplicable ; Inapplicable ; Inapplicable ; Inapplicable ; Pass      ; Inapplicable ; Inapplicable ;
+--------------------+--------------+--------------+--------------+--------------+--------------+-----------+--------------+--------------+-----------+-----------+--------------+--------------+--------------+--------------+--------------+--------------+--------------+--------------+--------------+--------------+--------------+--------------+--------------+--------------+--------------+--------------+--------------+-----------+--------------+--------------+


+---------------------------------------------------------------------------------------------+
; Fitter Device Options                                                                       ;
+------------------------------------------------------------------+--------------------------+
; Option                                                           ; Setting                  ;
+------------------------------------------------------------------+--------------------------+
; Enable user-supplied start-up clock (CLKUSR)                     ; Off                      ;
; Enable device-wide reset (DEV_CLRn)                              ; Off                      ;
; Enable device-wide output enable (DEV_OE)                        ; Off                      ;
; Enable INIT_DONE output                                          ; Off                      ;
; Configuration scheme                                             ; Active Serial            ;
; Error detection CRC                                              ; Off                      ;
; Enable open drain on CRC_ERROR pin                               ; Off                      ;
; Enable input tri-state on active configuration pins in user mode ; Off                      ;
; Configuration Voltage Level                                      ; Auto                     ;
; Force Configuration Voltage Level                                ; Off                      ;
; nCEO                                                             ; As output driving ground ;
; Data[0]                                                          ; As input tri-stated      ;
; Data[1]/ASDO                                                     ; As input tri-stated      ;
; Data[7..2]                                                       ; Unreserved               ;
; FLASH_nCE/nCSO                                                   ; As input tri-stated      ;
; Other Active Parallel pins                                       ; Unreserved               ;
; DCLK                                                             ; As output driving ground ;
+------------------------------------------------------------------+--------------------------+


+------------------------------------+
; Operating Settings and Conditions  ;
+---------------------------+--------+
; Setting                   ; Value  ;
+---------------------------+--------+
; Nominal Core Voltage      ; 1.20 V ;
; Low Junction Temperature  ; 0 °C   ;
; High Junction Temperature ; 85 °C  ;
+---------------------------+--------+


+-----------------+
; Fitter Messages ;
+-----------------+
Warning (18236): Number of processors has not been specified which may cause overloading on shared machines.  Set the global assignment NUM_PARALLEL_PROCESSORS in your QSF to an appropriate value for best performance.
Info (20030): Parallel compilation is enabled and will use 12 of the 12 processors detected
Info (119004): Automatically selected device EP4CE6F17C6 for design datapath
Info (119005): Fitting design with smaller device may be possible, but smaller device must be specified
Info (21076): High junction temperature operating condition is not set. Assuming a default value of '85'.
Info (21076): Low junction temperature operating condition is not set. Assuming a default value of '0'.
Info (171003): Fitter is performing an Auto Fit compilation, which may decrease Fitter effort to reduce compilation time
Warning (292013): Feature LogicLock is only available with a valid subscription license. You can purchase a software subscription to gain full access to this feature.
Info (176444): Device migration not selected. If you intend to use device migration later, you may need to change the pin assignments as they may be incompatible with other devices
    Info (176445): Device EP4CE10F17C6 is compatible
    Info (176445): Device EP4CE15F17C6 is compatible
    Info (176445): Device EP4CE22F17C6 is compatible
Info (169124): Fitter converted 5 user pins into dedicated programming pins
    Info (169125): Pin ~ALTERA_ASDO_DATA1~ is reserved at location C1
    Info (169125): Pin ~ALTERA_FLASH_nCE_nCSO~ is reserved at location D2
    Info (169125): Pin ~ALTERA_DCLK~ is reserved at location H1
    Info (169125): Pin ~ALTERA_DATA0~ is reserved at location H2
    Info (169125): Pin ~ALTERA_nCEO~ is reserved at location F16
Warning (15714): Some pins have incomplete I/O assignments. Refer to the I/O Assignment Warnings report for details
Critical Warning (169085): No exact pin location assignment(s) for 100 pins of 100 total pins. For the list of pins please refer to the I/O Assignment Warnings table in the fitter report.
Critical Warning (332012): Synopsys Design Constraints File file not found: 'datapath.sdc'. A Synopsys Design Constraints File is required by the Timing Analyzer to get proper timing constraints. Without it, the Compiler will not properly optimize the design.
Info (332144): No user constrained base clocks found in the design
Info (332096): The command derive_clocks did not find any clocks to derive.  No clocks were created or changed.
Warning (332068): No clocks defined in design.
Info (332143): No user constrained clock uncertainty found in the design. Calling "derive_clock_uncertainty"
Info (332154): The derive_clock_uncertainty command did not apply clock uncertainty to any clock-to-clock transfers.
Info (332130): Timing requirements not specified -- quality metrics such as performance may be sacrificed to reduce compilation time.
Info (176233): Starting register packing
Info (176235): Finished register packing
    Extra Info (176219): No registers were packed into other blocks
Info (176214): Statistics of I/O pins that need to be placed that use the same VCCIO and VREF, before I/O pin placement
    Info (176211): Number of I/O pins in group: 100 (unused VREF, 2.5V VCCIO, 67 input, 33 output, 0 bidirectional)
        Info (176212): I/O standards used: 2.5 V.
Info (176215): I/O bank details before I/O pin placement
    Info (176214): Statistics of I/O banks
        Info (176213): I/O bank number 1 does not use VREF pins and has undetermined VCCIO pins. 4 total pin(s) used --  13 pins available
        Info (176213): I/O bank number 2 does not use VREF pins and has undetermined VCCIO pins. 0 total pin(s) used --  19 pins available
        Info (176213): I/O bank number 3 does not use VREF pins and has undetermined VCCIO pins. 0 total pin(s) used --  26 pins available
        Info (176213): I/O bank number 4 does not use VREF pins and has undetermined VCCIO pins. 0 total pin(s) used --  27 pins available
        Info (176213): I/O bank number 5 does not use VREF pins and has undetermined VCCIO pins. 0 total pin(s) used --  25 pins available
        Info (176213): I/O bank number 6 does not use VREF pins and has undetermined VCCIO pins. 1 total pin(s) used --  13 pins available
        Info (176213): I/O bank number 7 does not use VREF pins and has undetermined VCCIO pins. 0 total pin(s) used --  26 pins available
        Info (176213): I/O bank number 8 does not use VREF pins and has undetermined VCCIO pins. 0 total pin(s) used --  26 pins available
Info (171121): Fitter preparation operations ending: elapsed time is 00:00:00
Info (14896): Fitter has disabled Advanced Physical Optimization because it is not supported for the current family.
Info (170189): Fitter placement preparation operations beginning
Info (170190): Fitter placement preparation operations ending: elapsed time is 00:00:00
Info (170191): Fitter placement operations beginning
Info (170137): Fitter placement was successful
Info (170192): Fitter placement operations ending: elapsed time is 00:00:02
Info (170193): Fitter routing operations beginning
Info (170195): Router estimated average interconnect usage is 2% of the available device resources
    Info (170196): Router estimated peak interconnect usage is 4% of the available device resources in the region that extends from location X11_Y0 to location X22_Y11
Info (170199): The Fitter performed an Auto Fit compilation.  Optimizations were skipped to reduce compilation time.
    Info (170201): Optimizations that may affect the design's routability were skipped
    Info (170200): Optimizations that may affect the design's timing were skipped
Info (170194): Fitter routing operations ending: elapsed time is 00:00:00
Info (11888): Total time spent on timing analysis during the Fitter is 0.31 seconds.
Info (334003): Started post-fitting delay annotation
Info (334004): Delay annotation completed successfully
Info (334003): Started post-fitting delay annotation
Info (334004): Delay annotation completed successfully
Info (11218): Fitter post-fit operations ending: elapsed time is 00:00:02
Info (144001): Generated suppressed messages file E:/datapath/output_files/datapath.fit.smsg
Info: Quartus Prime Fitter was successful. 0 errors, 6 warnings
    Info: Peak virtual memory: 6125 megabytes
    Info: Processing ended: Fri Aug 29 11:56:44 2025
    Info: Elapsed time: 00:00:09
    Info: Total CPU time (on all processors): 00:00:12


+----------------------------+
; Fitter Suppressed Messages ;
+----------------------------+
The suppressed messages can be found in E:/datapath/output_files/datapath.fit.smsg.


