Timing Analyzer report for Dong_ho_the_ky
Sat Aug 16 17:13:34 2025
Quartus Prime Version 24.1std.0 Build 1077 03/04/2025 SC Lite Edition


---------------------
; Table of Contents ;
---------------------
  1. Legal Notice
  2. Timing Analyzer Summary
  3. Parallel Compilation
  4. Clocks
  5. Slow 1200mV 85C Model Fmax Summary
  6. Timing Closure Recommendations
  7. Slow 1200mV 85C Model Setup Summary
  8. Slow 1200mV 85C Model Hold Summary
  9. Slow 1200mV 85C Model Recovery Summary
 10. Slow 1200mV 85C Model Removal Summary
 11. Slow 1200mV 85C Model Minimum Pulse Width Summary
 12. Slow 1200mV 85C Model Setup: 'mode'
 13. Slow 1200mV 85C Model Setup: 'clk'
 14. Slow 1200mV 85C Model Hold: 'mode'
 15. Slow 1200mV 85C Model Hold: 'clk'
 16. Slow 1200mV 85C Model Metastability Summary
 17. Slow 1200mV 0C Model Fmax Summary
 18. Slow 1200mV 0C Model Setup Summary
 19. Slow 1200mV 0C Model Hold Summary
 20. Slow 1200mV 0C Model Recovery Summary
 21. Slow 1200mV 0C Model Removal Summary
 22. Slow 1200mV 0C Model Minimum Pulse Width Summary
 23. Slow 1200mV 0C Model Setup: 'mode'
 24. Slow 1200mV 0C Model Setup: 'clk'
 25. Slow 1200mV 0C Model Hold: 'mode'
 26. Slow 1200mV 0C Model Hold: 'clk'
 27. Slow 1200mV 0C Model Metastability Summary
 28. Fast 1200mV 0C Model Setup Summary
 29. Fast 1200mV 0C Model Hold Summary
 30. Fast 1200mV 0C Model Recovery Summary
 31. Fast 1200mV 0C Model Removal Summary
 32. Fast 1200mV 0C Model Minimum Pulse Width Summary
 33. Fast 1200mV 0C Model Setup: 'mode'
 34. Fast 1200mV 0C Model Setup: 'clk'
 35. Fast 1200mV 0C Model Hold: 'mode'
 36. Fast 1200mV 0C Model Hold: 'clk'
 37. Fast 1200mV 0C Model Metastability Summary
 38. Multicorner Timing Analysis Summary
 39. Board Trace Model Assignments
 40. Input Transition Times
 41. Signal Integrity Metrics (Slow 1200mv 0c Model)
 42. Signal Integrity Metrics (Slow 1200mv 85c Model)
 43. Signal Integrity Metrics (Fast 1200mv 0c Model)
 44. Setup Transfers
 45. Hold Transfers
 46. Report TCCS
 47. Report RSKM
 48. Unconstrained Paths Summary
 49. Clock Status Summary
 50. Unconstrained Input Ports
 51. Unconstrained Output Ports
 52. Unconstrained Input Ports
 53. Unconstrained Output Ports
 54. Timing Analyzer Messages



----------------
; Legal Notice ;
----------------
Copyright (C) 2025  Altera Corporation. All rights reserved.
Your use of Altera Corporation's design tools, logic functions 
and other software and tools, and any partner logic 
functions, and any output files from any of the foregoing 
(including device programming or simulation files), and any 
associated documentation or information are expressly subject 
to the terms and conditions of the Altera Program License 
Subscription Agreement, the Altera Quartus Prime License Agreement,
the Altera IP License Agreement, or other applicable license
agreement, including, without limitation, that your use is for
the sole purpose of programming logic devices manufactured by
Altera and sold by Altera or its authorized distributors.  Please
refer to the Altera Software License Subscription Agreements 
on the Quartus Prime software download page.



+---------------------------------------------------------------------------------+
; Timing Analyzer Summary                                                         ;
+-----------------------+---------------------------------------------------------+
; Quartus Prime Version ; Version 24.1std.0 Build 1077 03/04/2025 SC Lite Edition ;
; Timing Analyzer       ; Legacy Timing Analyzer                                  ;
; Revision Name         ; Dong_ho_the_ky                                          ;
; Device Family         ; Cyclone IV E                                            ;
; Device Name           ; EP4CE115F29C7                                           ;
; Timing Models         ; Final                                                   ;
; Delay Model           ; Combined                                                ;
; Rise/Fall Delays      ; Enabled                                                 ;
+-----------------------+---------------------------------------------------------+


+------------------------------------------+
; Parallel Compilation                     ;
+----------------------------+-------------+
; Processors                 ; Number      ;
+----------------------------+-------------+
; Number detected on machine ; 16          ;
; Maximum allowed            ; 12          ;
;                            ;             ;
; Average used               ; 1.14        ;
; Maximum used               ; 12          ;
;                            ;             ;
; Usage by Processor         ; % Time Used ;
;     Processor 1            ; 100.0%      ;
;     Processor 2            ;   3.3%      ;
;     Processor 3            ;   2.6%      ;
;     Processor 4            ;   1.9%      ;
;     Processors 5-12        ;   0.7%      ;
+----------------------------+-------------+


+----------------------------------------------------------------------------------------------------------------------------------------------------------------------------------+
; Clocks                                                                                                                                                                           ;
+------------+------+--------+------------+-------+-------+------------+-----------+-------------+-------+--------+-----------+------------+----------+--------+--------+----------+
; Clock Name ; Type ; Period ; Frequency  ; Rise  ; Fall  ; Duty Cycle ; Divide by ; Multiply by ; Phase ; Offset ; Edge List ; Edge Shift ; Inverted ; Master ; Source ; Targets  ;
+------------+------+--------+------------+-------+-------+------------+-----------+-------------+-------+--------+-----------+------------+----------+--------+--------+----------+
; clk        ; Base ; 1.000  ; 1000.0 MHz ; 0.000 ; 0.500 ;            ;           ;             ;       ;        ;           ;            ;          ;        ;        ; { clk }  ;
; mode       ; Base ; 1.000  ; 1000.0 MHz ; 0.000 ; 0.500 ;            ;           ;             ;       ;        ;           ;            ;          ;        ;        ; { mode } ;
+------------+------+--------+------------+-------+-------+------------+-----------+-------------+-------+--------+-----------+------------+----------+--------+--------+----------+


+-----------------------------------------------------------------------------------------------------------+
; Slow 1200mV 85C Model Fmax Summary                                                                        ;
+------------+-----------------+------------+---------------------------------------------------------------+
; Fmax       ; Restricted Fmax ; Clock Name ; Note                                                          ;
+------------+-----------------+------------+---------------------------------------------------------------+
; 175.1 MHz  ; 175.1 MHz       ; mode       ;                                                               ;
; 262.88 MHz ; 250.0 MHz       ; clk        ; limit due to minimum period restriction (max I/O toggle rate) ;
+------------+-----------------+------------+---------------------------------------------------------------+
This panel reports FMAX for every clock in the design, regardless of the user-specified clock periods.  FMAX is only computed for paths where the source and destination registers or ports are driven by the same clock.  Paths of different clocks, including generated clocks, are ignored.  For paths between a clock and its inversion, FMAX is computed as if the rising and falling edges are scaled along with FMAX, such that the duty cycle (in terms of a percentage) is maintained. Altera recommends that you always use clock constraints and other slack reports for sign-off analysis.


----------------------------------
; Timing Closure Recommendations ;
----------------------------------
HTML report is unavailable in plain text report export.


+-------------------------------------+
; Slow 1200mV 85C Model Setup Summary ;
+-------+--------+--------------------+
; Clock ; Slack  ; End Point TNS      ;
+-------+--------+--------------------+
; mode  ; -4.711 ; -108.354           ;
; clk   ; -2.804 ; -89.375            ;
+-------+--------+--------------------+


+------------------------------------+
; Slow 1200mV 85C Model Hold Summary ;
+-------+--------+-------------------+
; Clock ; Slack  ; End Point TNS     ;
+-------+--------+-------------------+
; mode  ; -0.627 ; -3.135            ;
; clk   ; 0.204  ; 0.000             ;
+-------+--------+-------------------+


------------------------------------------
; Slow 1200mV 85C Model Recovery Summary ;
------------------------------------------
No paths to report.


-----------------------------------------
; Slow 1200mV 85C Model Removal Summary ;
-----------------------------------------
No paths to report.


+---------------------------------------------------+
; Slow 1200mV 85C Model Minimum Pulse Width Summary ;
+-------+--------+----------------------------------+
; Clock ; Slack  ; End Point TNS                    ;
+-------+--------+----------------------------------+
; clk   ; -3.000 ; -64.680                          ;
; mode  ; -3.000 ; -51.830                          ;
+-------+--------+----------------------------------+


+-----------------------------------------------------------------------------------------------------------------------------------------------------------------------+
; Slow 1200mV 85C Model Setup: 'mode'                                                                                                                                   ;
+--------+-------------------------------------------+--------------------------------------------+--------------+-------------+--------------+------------+------------+
; Slack  ; From Node                                 ; To Node                                    ; Launch Clock ; Latch Clock ; Relationship ; Clock Skew ; Data Delay ;
+--------+-------------------------------------------+--------------------------------------------+--------------+-------------+--------------+------------+------------+
; -4.711 ; cnt_year:cnt_year_t|year[5]               ; cnt_year:cnt_year_t|year[0]                ; mode         ; mode        ; 1.000        ; -0.079     ; 5.630      ;
; -4.693 ; cnt_year:cnt_year_t|year[5]               ; cnt_year:cnt_year_t|year[3]                ; mode         ; mode        ; 1.000        ; -0.078     ; 5.613      ;
; -4.661 ; cnt_year:cnt_year_t|year[4]               ; cnt_year:cnt_year_t|year[0]                ; mode         ; mode        ; 1.000        ; -0.078     ; 5.581      ;
; -4.644 ; cnt_year:cnt_year_t|year[4]               ; cnt_year:cnt_year_t|year[3]                ; mode         ; mode        ; 1.000        ; -0.077     ; 5.565      ;
; -4.565 ; cnt_year:cnt_year_t|year[5]               ; cnt_year:cnt_year_t|year[4]                ; mode         ; mode        ; 1.000        ; -0.079     ; 5.484      ;
; -4.516 ; cnt_year:cnt_year_t|year[4]               ; cnt_year:cnt_year_t|year[4]                ; mode         ; mode        ; 1.000        ; -0.078     ; 5.436      ;
; -4.511 ; cnt_year:cnt_year_t|year[0]               ; cnt_year:cnt_year_t|year[0]                ; mode         ; mode        ; 1.000        ; -0.078     ; 5.431      ;
; -4.476 ; cnt_year:cnt_year_t|year[0]               ; cnt_year:cnt_year_t|year[3]                ; mode         ; mode        ; 1.000        ; -0.077     ; 5.397      ;
; -4.375 ; cnt_year:cnt_year_t|year[6]               ; cnt_year:cnt_year_t|year[0]                ; mode         ; mode        ; 1.000        ; -0.079     ; 5.294      ;
; -4.367 ; cnt_60s:cnt_60s_t|second[0]               ; cnt_60s:cnt_60s_t|inc_m                    ; mode         ; mode        ; 1.000        ; -3.879     ; 1.486      ;
; -4.348 ; cnt_year:cnt_year_t|year[0]               ; cnt_year:cnt_year_t|year[4]                ; mode         ; mode        ; 1.000        ; -0.078     ; 5.268      ;
; -4.336 ; cnt_60s:cnt_60s_t|second[5]               ; cnt_60s:cnt_60s_t|inc_m                    ; mode         ; mode        ; 1.000        ; -3.879     ; 1.455      ;
; -4.313 ; cnt_year:cnt_year_t|year[6]               ; cnt_year:cnt_year_t|year[3]                ; mode         ; mode        ; 1.000        ; -0.078     ; 5.233      ;
; -4.269 ; cnt_year:cnt_year_t|year[1]               ; cnt_year:cnt_year_t|year[4]                ; mode         ; mode        ; 1.000        ; -0.078     ; 5.189      ;
; -4.248 ; cnt_12m:cnt_12m_t|month[3]                ; cnt_12m:cnt_12m_t|month[2]                 ; mode         ; mode        ; 1.000        ; -0.078     ; 5.168      ;
; -4.248 ; cnt_12m:cnt_12m_t|month[3]                ; cnt_12m:cnt_12m_t|month[1]                 ; mode         ; mode        ; 1.000        ; -0.078     ; 5.168      ;
; -4.248 ; cnt_12m:cnt_12m_t|month[3]                ; cnt_12m:cnt_12m_t|month[3]                 ; mode         ; mode        ; 1.000        ; -0.078     ; 5.168      ;
; -4.233 ; cnt_60s:cnt_60s_t|second[4]               ; cnt_60s:cnt_60s_t|inc_m                    ; mode         ; mode        ; 1.000        ; -3.879     ; 1.352      ;
; -4.210 ; cnt_year:cnt_year_t|year[3]               ; cnt_year:cnt_year_t|year[4]                ; mode         ; mode        ; 1.000        ; -0.079     ; 5.129      ;
; -4.185 ; cnt_year:cnt_year_t|year[6]               ; cnt_year:cnt_year_t|year[4]                ; mode         ; mode        ; 1.000        ; -0.079     ; 5.104      ;
; -4.124 ; cnt_12m:cnt_12m_t|month[2]                ; cnt_12m:cnt_12m_t|month[2]                 ; mode         ; mode        ; 1.000        ; -0.078     ; 5.044      ;
; -4.124 ; cnt_12m:cnt_12m_t|month[2]                ; cnt_12m:cnt_12m_t|month[1]                 ; mode         ; mode        ; 1.000        ; -0.078     ; 5.044      ;
; -4.124 ; cnt_12m:cnt_12m_t|month[2]                ; cnt_12m:cnt_12m_t|month[3]                 ; mode         ; mode        ; 1.000        ; -0.078     ; 5.044      ;
; -4.081 ; cnt_year:cnt_year_t|year[1]               ; cnt_year:cnt_year_t|year[3]                ; mode         ; mode        ; 1.000        ; -0.077     ; 5.002      ;
; -4.072 ; cnt_year:cnt_year_t|year[2]               ; cnt_year:cnt_year_t|year[4]                ; mode         ; mode        ; 1.000        ; -0.078     ; 4.992      ;
; -4.069 ; cnt_60s:cnt_60s_t|second[3]               ; cnt_60s:cnt_60s_t|inc_m                    ; mode         ; mode        ; 1.000        ; -3.879     ; 1.188      ;
; -4.049 ; cnt_year:cnt_year_t|year[2]               ; cnt_year:cnt_year_t|year[3]                ; mode         ; mode        ; 1.000        ; -0.077     ; 4.970      ;
; -3.997 ; cnt_60s:cnt_60s_t|second[2]               ; cnt_60s:cnt_60s_t|inc_m                    ; mode         ; mode        ; 1.000        ; -3.879     ; 1.116      ;
; -3.955 ; cnt_12m:cnt_12m_t|month[0]                ; cnt_12m:cnt_12m_t|month[2]                 ; mode         ; mode        ; 1.000        ; -0.077     ; 4.876      ;
; -3.955 ; cnt_12m:cnt_12m_t|month[0]                ; cnt_12m:cnt_12m_t|month[1]                 ; mode         ; mode        ; 1.000        ; -0.077     ; 4.876      ;
; -3.955 ; cnt_12m:cnt_12m_t|month[0]                ; cnt_12m:cnt_12m_t|month[3]                 ; mode         ; mode        ; 1.000        ; -0.077     ; 4.876      ;
; -3.951 ; cnt_60s:cnt_60s_t|second[1]               ; cnt_60s:cnt_60s_t|inc_m                    ; mode         ; mode        ; 1.000        ; -3.879     ; 1.070      ;
; -3.942 ; cnt_12m:cnt_12m_t|month[1]                ; cnt_12m:cnt_12m_t|month[2]                 ; mode         ; mode        ; 1.000        ; -0.078     ; 4.862      ;
; -3.942 ; cnt_12m:cnt_12m_t|month[1]                ; cnt_12m:cnt_12m_t|month[1]                 ; mode         ; mode        ; 1.000        ; -0.078     ; 4.862      ;
; -3.942 ; cnt_12m:cnt_12m_t|month[1]                ; cnt_12m:cnt_12m_t|month[3]                 ; mode         ; mode        ; 1.000        ; -0.078     ; 4.862      ;
; -3.888 ; cnt_60s:cnt_60s_t|second[0]               ; cnt_60s:cnt_60s_t|second[4]                ; mode         ; mode        ; 1.000        ; -0.078     ; 4.808      ;
; -3.885 ; cnt_60s:cnt_60s_t|second[0]               ; cnt_60s:cnt_60s_t|second[5]                ; mode         ; mode        ; 1.000        ; -0.078     ; 4.805      ;
; -3.884 ; cnt_60s:cnt_60s_t|second[0]               ; cnt_60s:cnt_60s_t|second[2]                ; mode         ; mode        ; 1.000        ; -0.078     ; 4.804      ;
; -3.867 ; cnt_60s:cnt_60s_t|second[0]               ; cnt_60s:cnt_60s_t|second[3]                ; mode         ; mode        ; 1.000        ; -0.078     ; 4.787      ;
; -3.858 ; cnt_year:cnt_year_t|year[1]               ; cnt_year:cnt_year_t|year[0]                ; mode         ; mode        ; 1.000        ; -0.078     ; 4.778      ;
; -3.857 ; cnt_60s:cnt_60s_t|second[5]               ; cnt_60s:cnt_60s_t|second[4]                ; mode         ; mode        ; 1.000        ; -0.078     ; 4.777      ;
; -3.854 ; cnt_60s:cnt_60s_t|second[5]               ; cnt_60s:cnt_60s_t|second[5]                ; mode         ; mode        ; 1.000        ; -0.078     ; 4.774      ;
; -3.853 ; cnt_60s:cnt_60s_t|second[5]               ; cnt_60s:cnt_60s_t|second[2]                ; mode         ; mode        ; 1.000        ; -0.078     ; 4.773      ;
; -3.843 ; cnt_60s:cnt_60s_t|second[5]               ; cnt_60s:cnt_60s_t|second[3]                ; mode         ; mode        ; 1.000        ; -0.078     ; 4.763      ;
; -3.764 ; cnt_60s:cnt_60s_t|second[4]               ; cnt_60s:cnt_60s_t|second[4]                ; mode         ; mode        ; 1.000        ; -0.078     ; 4.684      ;
; -3.762 ; cnt_60s:cnt_60s_t|second[4]               ; cnt_60s:cnt_60s_t|second[5]                ; mode         ; mode        ; 1.000        ; -0.078     ; 4.682      ;
; -3.761 ; cnt_60s:cnt_60s_t|second[4]               ; cnt_60s:cnt_60s_t|second[2]                ; mode         ; mode        ; 1.000        ; -0.078     ; 4.681      ;
; -3.752 ; cnt_60s:cnt_60s_t|second[4]               ; cnt_60s:cnt_60s_t|second[3]                ; mode         ; mode        ; 1.000        ; -0.078     ; 4.672      ;
; -3.722 ; day_top:day_top_t|cnt_day:cnt_day1|day[0] ; day_top:day_top_t|cnt_day:cnt_day1|day[0]  ; mode         ; mode        ; 1.000        ; -0.079     ; 4.641      ;
; -3.700 ; cnt_year:cnt_year_t|year[3]               ; cnt_year:cnt_year_t|year[0]                ; mode         ; mode        ; 1.000        ; -0.079     ; 4.619      ;
; -3.668 ; cnt_year:cnt_year_t|year[2]               ; cnt_year:cnt_year_t|year[0]                ; mode         ; mode        ; 1.000        ; -0.078     ; 4.588      ;
; -3.658 ; cnt_year:cnt_year_t|year[3]               ; cnt_year:cnt_year_t|year[3]                ; mode         ; mode        ; 1.000        ; -0.078     ; 4.578      ;
; -3.634 ; cnt_12m:cnt_12m_t|month[0]                ; cnt_12m:cnt_12m_t|month[0]                 ; mode         ; mode        ; 1.000        ; -0.078     ; 4.554      ;
; -3.634 ; cnt_60s:cnt_60s_t|second[3]               ; cnt_60s:cnt_60s_t|second[4]                ; mode         ; mode        ; 1.000        ; -0.078     ; 4.554      ;
; -3.632 ; cnt_60s:cnt_60s_t|second[3]               ; cnt_60s:cnt_60s_t|second[5]                ; mode         ; mode        ; 1.000        ; -0.078     ; 4.552      ;
; -3.631 ; cnt_60s:cnt_60s_t|second[3]               ; cnt_60s:cnt_60s_t|second[2]                ; mode         ; mode        ; 1.000        ; -0.078     ; 4.551      ;
; -3.622 ; cnt_60s:cnt_60s_t|second[3]               ; cnt_60s:cnt_60s_t|second[3]                ; mode         ; mode        ; 1.000        ; -0.078     ; 4.542      ;
; -3.562 ; day_top:day_top_t|cnt_day:cnt_day1|day[3] ; day_top:day_top_t|cnt_day:cnt_day1|day[0]  ; mode         ; mode        ; 1.000        ; -0.079     ; 4.481      ;
; -3.504 ; cnt_60p:cnt_60p_t|minute[4]               ; cnt_60p:cnt_60p_t|inc_h                    ; mode         ; mode        ; 1.000        ; -3.025     ; 1.477      ;
; -3.481 ; cnt_60p:cnt_60p_t|minute[5]               ; cnt_60p:cnt_60p_t|inc_h                    ; mode         ; mode        ; 1.000        ; -3.025     ; 1.454      ;
; -3.466 ; cnt_12m:cnt_12m_t|month[1]                ; cnt_12m:cnt_12m_t|inc_y                    ; mode         ; mode        ; 1.000        ; -3.113     ; 1.351      ;
; -3.453 ; day_top:day_top_t|cnt_day:cnt_day1|day[4] ; day_top:day_top_t|cnt_day:cnt_day1|day[0]  ; mode         ; mode        ; 1.000        ; -0.079     ; 4.372      ;
; -3.419 ; cnt_12m:cnt_12m_t|month[0]                ; cnt_12m:cnt_12m_t|inc_y                    ; mode         ; mode        ; 1.000        ; -3.112     ; 1.305      ;
; -3.401 ; cnt_60p:cnt_60p_t|minute[0]               ; cnt_60p:cnt_60p_t|inc_h                    ; mode         ; mode        ; 1.000        ; -3.025     ; 1.374      ;
; -3.380 ; cnt_12m:cnt_12m_t|month[2]                ; cnt_12m:cnt_12m_t|inc_y                    ; mode         ; mode        ; 1.000        ; -3.113     ; 1.265      ;
; -3.370 ; day_top:day_top_t|cnt_day:cnt_day1|day[2] ; day_top:day_top_t|cnt_day:cnt_day1|day[0]  ; mode         ; mode        ; 1.000        ; -0.079     ; 4.289      ;
; -3.343 ; cnt_24h:cnt_24h_t|hour[3]                 ; cnt_24h:cnt_24h_t|inc_d                    ; mode         ; mode        ; 1.000        ; -2.708     ; 1.633      ;
; -3.336 ; cnt_60p:cnt_60p_t|minute[2]               ; cnt_60p:cnt_60p_t|inc_h                    ; mode         ; mode        ; 1.000        ; -3.023     ; 1.311      ;
; -3.302 ; cnt_12m:cnt_12m_t|month[3]                ; cnt_12m:cnt_12m_t|inc_y                    ; mode         ; mode        ; 1.000        ; -3.113     ; 1.187      ;
; -3.203 ; cnt_60p:cnt_60p_t|minute[3]               ; cnt_60p:cnt_60p_t|inc_h                    ; mode         ; mode        ; 1.000        ; -3.025     ; 1.176      ;
; -3.175 ; cnt_24h:cnt_24h_t|hour[2]                 ; cnt_24h:cnt_24h_t|inc_d                    ; mode         ; mode        ; 1.000        ; -2.708     ; 1.465      ;
; -3.159 ; day_top:day_top_t|cnt_day:cnt_day1|day[1] ; day_top:day_top_t|cnt_day:cnt_day1|day[0]  ; mode         ; mode        ; 1.000        ; -0.079     ; 4.078      ;
; -3.124 ; cnt_60p:cnt_60p_t|minute[1]               ; cnt_60p:cnt_60p_t|inc_h                    ; mode         ; mode        ; 1.000        ; -3.025     ; 1.097      ;
; -3.087 ; cnt_24h:cnt_24h_t|hour[0]                 ; cnt_24h:cnt_24h_t|inc_d                    ; mode         ; mode        ; 1.000        ; -2.708     ; 1.377      ;
; -2.990 ; day_top:day_top_t|cnt_day:cnt_day1|day[4] ; day_top:day_top_t|cnt_day:cnt_day1|inc_mon ; mode         ; mode        ; 1.000        ; -2.455     ; 1.533      ;
; -2.981 ; day_top:day_top_t|cnt_day:cnt_day1|day[2] ; day_top:day_top_t|cnt_day:cnt_day1|inc_mon ; mode         ; mode        ; 1.000        ; -2.455     ; 1.524      ;
; -2.936 ; cnt_24h:cnt_24h_t|hour[4]                 ; cnt_24h:cnt_24h_t|hour[3]                  ; mode         ; mode        ; 1.000        ; -0.079     ; 3.855      ;
; -2.898 ; cnt_24h:cnt_24h_t|hour[4]                 ; cnt_24h:cnt_24h_t|inc_d                    ; mode         ; mode        ; 1.000        ; -2.708     ; 1.188      ;
; -2.847 ; day_top:day_top_t|cnt_day:cnt_day1|day[0] ; day_top:day_top_t|cnt_day:cnt_day1|inc_mon ; mode         ; mode        ; 1.000        ; -2.455     ; 1.390      ;
; -2.838 ; cnt_24h:cnt_24h_t|hour[1]                 ; cnt_24h:cnt_24h_t|inc_d                    ; mode         ; mode        ; 1.000        ; -2.708     ; 1.128      ;
; -2.834 ; day_top:day_top_t|cnt_day:cnt_day1|day[3] ; day_top:day_top_t|cnt_day:cnt_day1|inc_mon ; mode         ; mode        ; 1.000        ; -2.455     ; 1.377      ;
; -2.811 ; cnt_24h:cnt_24h_t|hour[3]                 ; cnt_24h:cnt_24h_t|hour[3]                  ; mode         ; mode        ; 1.000        ; -0.079     ; 3.730      ;
; -2.709 ; cnt_60s:cnt_60s_t|second[1]               ; cnt_60s:cnt_60s_t|second[4]                ; mode         ; mode        ; 1.000        ; -0.078     ; 3.629      ;
; -2.707 ; cnt_60s:cnt_60s_t|second[1]               ; cnt_60s:cnt_60s_t|second[5]                ; mode         ; mode        ; 1.000        ; -0.078     ; 3.627      ;
; -2.706 ; cnt_60s:cnt_60s_t|second[1]               ; cnt_60s:cnt_60s_t|second[2]                ; mode         ; mode        ; 1.000        ; -0.078     ; 3.626      ;
; -2.697 ; cnt_60s:cnt_60s_t|second[1]               ; cnt_60s:cnt_60s_t|second[3]                ; mode         ; mode        ; 1.000        ; -0.078     ; 3.617      ;
; -2.630 ; cnt_24h:cnt_24h_t|hour[2]                 ; cnt_24h:cnt_24h_t|hour[3]                  ; mode         ; mode        ; 1.000        ; -0.079     ; 3.549      ;
; -2.593 ; cnt_24h:cnt_24h_t|hour[0]                 ; cnt_24h:cnt_24h_t|hour[3]                  ; mode         ; mode        ; 1.000        ; -0.079     ; 3.512      ;
; -2.545 ; day_top:day_top_t|cnt_day:cnt_day1|day[1] ; day_top:day_top_t|cnt_day:cnt_day1|inc_mon ; mode         ; mode        ; 1.000        ; -2.455     ; 1.088      ;
; -2.443 ; cnt_60p:cnt_60p_t|minute[1]               ; cnt_60p:cnt_60p_t|minute[4]                ; mode         ; mode        ; 1.000        ; -0.078     ; 3.363      ;
; -2.380 ; cnt_60s:cnt_60s_t|second[2]               ; cnt_60s:cnt_60s_t|second[5]                ; mode         ; mode        ; 1.000        ; -0.078     ; 3.300      ;
; -2.335 ; cnt_60p:cnt_60p_t|minute[4]               ; cnt_60p:cnt_60p_t|minute[2]                ; mode         ; mode        ; 1.000        ; -0.080     ; 3.253      ;
; -2.326 ; cnt_60p:cnt_60p_t|minute[1]               ; cnt_60p:cnt_60p_t|minute[2]                ; mode         ; mode        ; 1.000        ; -0.080     ; 3.244      ;
; -2.323 ; cnt_60p:cnt_60p_t|minute[3]               ; cnt_60p:cnt_60p_t|minute[4]                ; mode         ; mode        ; 1.000        ; -0.078     ; 3.243      ;
; -2.323 ; cnt_60p:cnt_60p_t|minute[0]               ; cnt_60p:cnt_60p_t|minute[4]                ; mode         ; mode        ; 1.000        ; -0.078     ; 3.243      ;
; -2.265 ; cnt_60s:cnt_60s_t|second[2]               ; cnt_60s:cnt_60s_t|second[4]                ; mode         ; mode        ; 1.000        ; -0.078     ; 3.185      ;
; -2.262 ; cnt_60s:cnt_60s_t|second[2]               ; cnt_60s:cnt_60s_t|second[2]                ; mode         ; mode        ; 1.000        ; -0.078     ; 3.182      ;
; -2.253 ; cnt_60s:cnt_60s_t|second[2]               ; cnt_60s:cnt_60s_t|second[3]                ; mode         ; mode        ; 1.000        ; -0.078     ; 3.173      ;
; -2.243 ; cnt_60p:cnt_60p_t|minute[0]               ; cnt_60p:cnt_60p_t|minute[2]                ; mode         ; mode        ; 1.000        ; -0.080     ; 3.161      ;
; -2.217 ; cnt_60p:cnt_60p_t|minute[0]               ; cnt_60p:cnt_60p_t|minute[1]                ; mode         ; mode        ; 1.000        ; -0.078     ; 3.137      ;
+--------+-------------------------------------------+--------------------------------------------+--------------+-------------+--------------+------------+------------+


+----------------------------------------------------------------------------------------------------------------------------------------------+
; Slow 1200mV 85C Model Setup: 'clk'                                                                                                           ;
+--------+-------------------------------+-------------------------------+--------------+-------------+--------------+------------+------------+
; Slack  ; From Node                     ; To Node                       ; Launch Clock ; Latch Clock ; Relationship ; Clock Skew ; Data Delay ;
+--------+-------------------------------+-------------------------------+--------------+-------------+--------------+------------+------------+
; -2.804 ; clk_div:clk_div_t|cnt_1s[21]  ; clk_div:clk_div_t|cnt_1s[22]  ; clk          ; clk         ; 1.000        ; -0.510     ; 3.292      ;
; -2.764 ; clk_div:clk_div_t|cnt_1s[21]  ; clk_div:clk_div_t|cnt_1s[6]   ; clk          ; clk         ; 1.000        ; -0.504     ; 3.258      ;
; -2.764 ; clk_div:clk_div_t|cnt_1s[21]  ; clk_div:clk_div_t|cnt_1s[11]  ; clk          ; clk         ; 1.000        ; -0.504     ; 3.258      ;
; -2.760 ; clk_div:clk_div_t|cnt_1s[1]   ; clk_div:clk_div_t|cnt_1s[22]  ; clk          ; clk         ; 1.000        ; -0.086     ; 3.672      ;
; -2.720 ; clk_div:clk_div_t|cnt_1s[1]   ; clk_div:clk_div_t|cnt_1s[6]   ; clk          ; clk         ; 1.000        ; -0.080     ; 3.638      ;
; -2.720 ; clk_div:clk_div_t|cnt_1s[1]   ; clk_div:clk_div_t|cnt_1s[11]  ; clk          ; clk         ; 1.000        ; -0.080     ; 3.638      ;
; -2.716 ; clk_div:clk_div_t|cnt_1s[1]   ; clk_div:clk_div_t|cnt_1s[20]  ; clk          ; clk         ; 1.000        ; -0.086     ; 3.628      ;
; -2.671 ; clk_div:clk_div_t|cnt_1s[0]   ; clk_div:clk_div_t|cnt_1s[22]  ; clk          ; clk         ; 1.000        ; -0.086     ; 3.583      ;
; -2.666 ; clk_div:clk_div_t|cnt_1s[21]  ; clk_div:clk_div_t|cnt_1s[14]  ; clk          ; clk         ; 1.000        ; -0.510     ; 3.154      ;
; -2.662 ; clk_div:clk_div_t|cnt_1s[21]  ; clk_div:clk_div_t|cnt_1s[13]  ; clk          ; clk         ; 1.000        ; -0.510     ; 3.150      ;
; -2.651 ; clk_div:clk_div_t|cnt_1s[0]   ; clk_div:clk_div_t|cnt_1s[20]  ; clk          ; clk         ; 1.000        ; -0.086     ; 3.563      ;
; -2.631 ; clk_div:clk_div_t|cnt_1s[0]   ; clk_div:clk_div_t|cnt_1s[6]   ; clk          ; clk         ; 1.000        ; -0.080     ; 3.549      ;
; -2.631 ; clk_div:clk_div_t|cnt_1s[0]   ; clk_div:clk_div_t|cnt_1s[11]  ; clk          ; clk         ; 1.000        ; -0.080     ; 3.549      ;
; -2.628 ; clk_div:clk_div_t|cnt_1s[0]   ; clk_div:clk_div_t|cnt_1s[19]  ; clk          ; clk         ; 1.000        ; -0.086     ; 3.540      ;
; -2.622 ; clk_div:clk_div_t|cnt_1s[1]   ; clk_div:clk_div_t|cnt_1s[14]  ; clk          ; clk         ; 1.000        ; -0.086     ; 3.534      ;
; -2.618 ; clk_div:clk_div_t|cnt_1s[1]   ; clk_div:clk_div_t|cnt_1s[13]  ; clk          ; clk         ; 1.000        ; -0.086     ; 3.530      ;
; -2.590 ; clk_div:clk_div_t|cnt_1s[1]   ; clk_div:clk_div_t|cnt_1s[18]  ; clk          ; clk         ; 1.000        ; -0.086     ; 3.502      ;
; -2.588 ; clk_div:clk_div_t|cnt_1s[3]   ; clk_div:clk_div_t|cnt_1s[20]  ; clk          ; clk         ; 1.000        ; -0.086     ; 3.500      ;
; -2.574 ; clk_div:clk_div_t|cnt_1s[1]   ; clk_div:clk_div_t|cnt_1s[19]  ; clk          ; clk         ; 1.000        ; -0.086     ; 3.486      ;
; -2.558 ; clk_div:clk_div_t|cnt_1s[1]   ; clk_div:clk_div_t|cnt_5hz[18] ; clk          ; clk         ; 1.000        ; -0.084     ; 3.472      ;
; -2.550 ; clk_div:clk_div_t|cnt_1s[0]   ; clk_div:clk_div_t|cnt_5hz[18] ; clk          ; clk         ; 1.000        ; -0.084     ; 3.464      ;
; -2.533 ; clk_div:clk_div_t|cnt_1s[0]   ; clk_div:clk_div_t|cnt_1s[14]  ; clk          ; clk         ; 1.000        ; -0.086     ; 3.445      ;
; -2.529 ; clk_div:clk_div_t|cnt_1s[0]   ; clk_div:clk_div_t|cnt_1s[13]  ; clk          ; clk         ; 1.000        ; -0.086     ; 3.441      ;
; -2.525 ; clk_div:clk_div_t|cnt_1s[0]   ; clk_div:clk_div_t|cnt_1s[18]  ; clk          ; clk         ; 1.000        ; -0.086     ; 3.437      ;
; -2.524 ; clk_div:clk_div_t|cnt_1s[21]  ; clk_div:clk_div_t|cnt_1s[20]  ; clk          ; clk         ; 1.000        ; -0.510     ; 3.012      ;
; -2.502 ; clk_div:clk_div_t|cnt_1s[2]   ; clk_div:clk_div_t|cnt_1s[20]  ; clk          ; clk         ; 1.000        ; -0.086     ; 3.414      ;
; -2.496 ; clk_div:clk_div_t|cnt_1s[23]  ; clk_div:clk_div_t|cnt_1s[22]  ; clk          ; clk         ; 1.000        ; -0.079     ; 3.415      ;
; -2.493 ; clk_div:clk_div_t|cnt_1s[22]  ; clk_div:clk_div_t|cnt_1s[22]  ; clk          ; clk         ; 1.000        ; -0.079     ; 3.412      ;
; -2.480 ; clk_div:clk_div_t|cnt_5hz[22] ; clk_div:clk_div_t|cnt_5hz[9]  ; clk          ; clk         ; 1.000        ; -0.503     ; 2.975      ;
; -2.479 ; clk_div:clk_div_t|cnt_5hz[22] ; clk_div:clk_div_t|cnt_5hz[8]  ; clk          ; clk         ; 1.000        ; -0.503     ; 2.974      ;
; -2.479 ; clk_div:clk_div_t|cnt_1s[24]  ; clk_div:clk_div_t|cnt_1s[22]  ; clk          ; clk         ; 1.000        ; -0.511     ; 2.966      ;
; -2.469 ; clk_div:clk_div_t|cnt_1s[2]   ; clk_div:clk_div_t|cnt_1s[19]  ; clk          ; clk         ; 1.000        ; -0.086     ; 3.381      ;
; -2.462 ; clk_div:clk_div_t|cnt_1s[3]   ; clk_div:clk_div_t|cnt_1s[18]  ; clk          ; clk         ; 1.000        ; -0.086     ; 3.374      ;
; -2.459 ; clk_div:clk_div_t|cnt_1s[1]   ; clk_div:clk_div_t|cnt_1s[16]  ; clk          ; clk         ; 1.000        ; -0.086     ; 3.371      ;
; -2.456 ; clk_div:clk_div_t|cnt_1s[5]   ; clk_div:clk_div_t|cnt_1s[20]  ; clk          ; clk         ; 1.000        ; -0.086     ; 3.368      ;
; -2.453 ; clk_div:clk_div_t|cnt_1s[22]  ; clk_div:clk_div_t|cnt_1s[6]   ; clk          ; clk         ; 1.000        ; -0.073     ; 3.378      ;
; -2.453 ; clk_div:clk_div_t|cnt_1s[22]  ; clk_div:clk_div_t|cnt_1s[11]  ; clk          ; clk         ; 1.000        ; -0.073     ; 3.378      ;
; -2.452 ; clk_div:clk_div_t|cnt_1s[23]  ; clk_div:clk_div_t|cnt_1s[6]   ; clk          ; clk         ; 1.000        ; -0.073     ; 3.377      ;
; -2.452 ; clk_div:clk_div_t|cnt_1s[23]  ; clk_div:clk_div_t|cnt_1s[11]  ; clk          ; clk         ; 1.000        ; -0.073     ; 3.377      ;
; -2.446 ; clk_div:clk_div_t|cnt_1s[3]   ; clk_div:clk_div_t|cnt_1s[19]  ; clk          ; clk         ; 1.000        ; -0.086     ; 3.358      ;
; -2.439 ; clk_div:clk_div_t|cnt_1s[24]  ; clk_div:clk_div_t|cnt_1s[6]   ; clk          ; clk         ; 1.000        ; -0.505     ; 2.932      ;
; -2.439 ; clk_div:clk_div_t|cnt_1s[24]  ; clk_div:clk_div_t|cnt_1s[11]  ; clk          ; clk         ; 1.000        ; -0.505     ; 2.932      ;
; -2.438 ; clk_div:clk_div_t|cnt_5hz[11] ; clk_div:clk_div_t|cnt_5hz[18] ; clk          ; clk         ; 1.000        ; -0.509     ; 2.927      ;
; -2.426 ; clk_div:clk_div_t|cnt_1s[1]   ; clk_div:clk_div_t|cnt_1s[24]  ; clk          ; clk         ; 1.000        ; 0.328      ; 3.752      ;
; -2.408 ; clk_div:clk_div_t|cnt_1s[1]   ; clk_div:clk_div_t|cnt_5hz[22] ; clk          ; clk         ; 1.000        ; 0.329      ; 3.735      ;
; -2.406 ; clk_div:clk_div_t|cnt_1s[11]  ; clk_div:clk_div_t|cnt_1s[22]  ; clk          ; clk         ; 1.000        ; -0.086     ; 3.318      ;
; -2.400 ; clk_div:clk_div_t|cnt_1s[0]   ; clk_div:clk_div_t|cnt_5hz[22] ; clk          ; clk         ; 1.000        ; 0.329      ; 3.727      ;
; -2.394 ; clk_div:clk_div_t|cnt_1s[0]   ; clk_div:clk_div_t|cnt_1s[16]  ; clk          ; clk         ; 1.000        ; -0.086     ; 3.306      ;
; -2.391 ; clk_div:clk_div_t|cnt_1s[3]   ; clk_div:clk_div_t|cnt_1s[22]  ; clk          ; clk         ; 1.000        ; -0.086     ; 3.303      ;
; -2.389 ; clk_div:clk_div_t|cnt_1s[21]  ; clk_div:clk_div_t|cnt_1s[19]  ; clk          ; clk         ; 1.000        ; -0.510     ; 2.877      ;
; -2.388 ; clk_div:clk_div_t|cnt_1s[21]  ; clk_div:clk_div_t|cnt_1s[12]  ; clk          ; clk         ; 1.000        ; -0.510     ; 2.876      ;
; -2.387 ; clk_div:clk_div_t|cnt_1s[21]  ; clk_div:clk_div_t|cnt_1s[16]  ; clk          ; clk         ; 1.000        ; -0.510     ; 2.875      ;
; -2.384 ; clk_div:clk_div_t|cnt_1s[21]  ; clk_div:clk_div_t|cnt_1s[18]  ; clk          ; clk         ; 1.000        ; -0.510     ; 2.872      ;
; -2.376 ; clk_div:clk_div_t|cnt_1s[2]   ; clk_div:clk_div_t|cnt_1s[18]  ; clk          ; clk         ; 1.000        ; -0.086     ; 3.288      ;
; -2.371 ; clk_div:clk_div_t|cnt_1s[21]  ; clk_div:clk_div_t|cnt_1s[24]  ; clk          ; clk         ; 1.000        ; -0.096     ; 3.273      ;
; -2.366 ; clk_div:clk_div_t|cnt_1s[11]  ; clk_div:clk_div_t|cnt_1s[6]   ; clk          ; clk         ; 1.000        ; -0.080     ; 3.284      ;
; -2.366 ; clk_div:clk_div_t|cnt_1s[11]  ; clk_div:clk_div_t|cnt_1s[11]  ; clk          ; clk         ; 1.000        ; -0.080     ; 3.284      ;
; -2.361 ; clk_div:clk_div_t|cnt_1s[0]   ; clk_div:clk_div_t|cnt_1s[24]  ; clk          ; clk         ; 1.000        ; 0.328      ; 3.687      ;
; -2.355 ; clk_div:clk_div_t|cnt_1s[4]   ; clk_div:clk_div_t|cnt_1s[20]  ; clk          ; clk         ; 1.000        ; -0.086     ; 3.267      ;
; -2.355 ; clk_div:clk_div_t|cnt_1s[22]  ; clk_div:clk_div_t|cnt_1s[14]  ; clk          ; clk         ; 1.000        ; -0.079     ; 3.274      ;
; -2.351 ; clk_div:clk_div_t|cnt_1s[22]  ; clk_div:clk_div_t|cnt_1s[13]  ; clk          ; clk         ; 1.000        ; -0.079     ; 3.270      ;
; -2.348 ; clk_div:clk_div_t|cnt_1s[1]   ; clk_div:clk_div_t|cnt_5hz[9]  ; clk          ; clk         ; 1.000        ; -0.078     ; 3.268      ;
; -2.347 ; clk_div:clk_div_t|cnt_1s[1]   ; clk_div:clk_div_t|cnt_5hz[8]  ; clk          ; clk         ; 1.000        ; -0.078     ; 3.267      ;
; -2.344 ; clk_div:clk_div_t|cnt_1s[1]   ; clk_div:clk_div_t|cnt_1s[12]  ; clk          ; clk         ; 1.000        ; -0.086     ; 3.256      ;
; -2.341 ; clk_div:clk_div_t|cnt_1s[24]  ; clk_div:clk_div_t|cnt_1s[14]  ; clk          ; clk         ; 1.000        ; -0.511     ; 2.828      ;
; -2.340 ; clk_div:clk_div_t|cnt_1s[0]   ; clk_div:clk_div_t|cnt_1s[21]  ; clk          ; clk         ; 1.000        ; 0.328      ; 3.666      ;
; -2.337 ; clk_div:clk_div_t|cnt_1s[24]  ; clk_div:clk_div_t|cnt_1s[13]  ; clk          ; clk         ; 1.000        ; -0.511     ; 2.824      ;
; -2.331 ; clk_div:clk_div_t|cnt_1s[3]   ; clk_div:clk_div_t|cnt_1s[16]  ; clk          ; clk         ; 1.000        ; -0.086     ; 3.243      ;
; -2.330 ; clk_div:clk_div_t|cnt_1s[5]   ; clk_div:clk_div_t|cnt_1s[18]  ; clk          ; clk         ; 1.000        ; -0.086     ; 3.242      ;
; -2.329 ; clk_div:clk_div_t|cnt_1s[1]   ; clk_div:clk_div_t|cnt_5hz[20] ; clk          ; clk         ; 1.000        ; -0.084     ; 3.243      ;
; -2.327 ; clk_div:clk_div_t|cnt_1s[4]   ; clk_div:clk_div_t|cnt_1s[19]  ; clk          ; clk         ; 1.000        ; -0.086     ; 3.239      ;
; -2.321 ; clk_div:clk_div_t|cnt_1s[0]   ; clk_div:clk_div_t|cnt_5hz[20] ; clk          ; clk         ; 1.000        ; -0.084     ; 3.235      ;
; -2.314 ; clk_div:clk_div_t|cnt_1s[5]   ; clk_div:clk_div_t|cnt_1s[19]  ; clk          ; clk         ; 1.000        ; -0.086     ; 3.226      ;
; -2.313 ; clk_div:clk_div_t|cnt_1s[0]   ; clk_div:clk_div_t|cnt_5hz[21] ; clk          ; clk         ; 1.000        ; -0.084     ; 3.227      ;
; -2.310 ; clk_div:clk_div_t|cnt_1s[1]   ; clk_div:clk_div_t|cnt_5hz[21] ; clk          ; clk         ; 1.000        ; -0.084     ; 3.224      ;
; -2.309 ; clk_div:clk_div_t|cnt_1s[7]   ; clk_div:clk_div_t|cnt_1s[20]  ; clk          ; clk         ; 1.000        ; -0.086     ; 3.221      ;
; -2.307 ; clk_div:clk_div_t|cnt_1s[23]  ; clk_div:clk_div_t|cnt_1s[14]  ; clk          ; clk         ; 1.000        ; -0.079     ; 3.226      ;
; -2.305 ; clk_div:clk_div_t|cnt_1s[2]   ; clk_div:clk_div_t|cnt_1s[22]  ; clk          ; clk         ; 1.000        ; -0.086     ; 3.217      ;
; -2.304 ; clk_div:clk_div_t|cnt_1s[23]  ; clk_div:clk_div_t|cnt_1s[13]  ; clk          ; clk         ; 1.000        ; -0.079     ; 3.223      ;
; -2.298 ; clk_div:clk_div_t|cnt_1s[3]   ; clk_div:clk_div_t|cnt_1s[24]  ; clk          ; clk         ; 1.000        ; 0.328      ; 3.624      ;
; -2.290 ; clk_div:clk_div_t|cnt_1s[1]   ; clk_div:clk_div_t|cnt_1s[21]  ; clk          ; clk         ; 1.000        ; 0.328      ; 3.616      ;
; -2.288 ; clk_div:clk_div_t|cnt_5hz[11] ; clk_div:clk_div_t|cnt_5hz[22] ; clk          ; clk         ; 1.000        ; -0.096     ; 3.190      ;
; -2.282 ; clk_div:clk_div_t|cnt_1s[1]   ; clk_div:clk_div_t|cnt_5hz[19] ; clk          ; clk         ; 1.000        ; 0.329      ; 3.609      ;
; -2.278 ; clk_div:clk_div_t|cnt_1s[0]   ; clk_div:clk_div_t|cnt_5hz[19] ; clk          ; clk         ; 1.000        ; 0.329      ; 3.605      ;
; -2.268 ; clk_div:clk_div_t|cnt_1s[11]  ; clk_div:clk_div_t|cnt_1s[14]  ; clk          ; clk         ; 1.000        ; -0.086     ; 3.180      ;
; -2.264 ; clk_div:clk_div_t|cnt_1s[11]  ; clk_div:clk_div_t|cnt_1s[13]  ; clk          ; clk         ; 1.000        ; -0.086     ; 3.176      ;
; -2.260 ; clk_div:clk_div_t|cnt_5hz[20] ; clk_div:clk_div_t|cnt_5hz[9]  ; clk          ; clk         ; 1.000        ; -0.073     ; 3.185      ;
; -2.259 ; clk_div:clk_div_t|cnt_1s[5]   ; clk_div:clk_div_t|cnt_1s[22]  ; clk          ; clk         ; 1.000        ; -0.086     ; 3.171      ;
; -2.259 ; clk_div:clk_div_t|cnt_5hz[20] ; clk_div:clk_div_t|cnt_5hz[8]  ; clk          ; clk         ; 1.000        ; -0.073     ; 3.184      ;
; -2.257 ; clk_div:clk_div_t|cnt_5hz[6]  ; clk_div:clk_div_t|cnt_5hz[18] ; clk          ; clk         ; 1.000        ; -0.515     ; 2.740      ;
; -2.256 ; clk_div:clk_div_t|cnt_1s[18]  ; clk_div:clk_div_t|cnt_1s[22]  ; clk          ; clk         ; 1.000        ; -0.079     ; 3.175      ;
; -2.255 ; clk_div:clk_div_t|cnt_1s[0]   ; clk_div:clk_div_t|cnt_1s[12]  ; clk          ; clk         ; 1.000        ; -0.086     ; 3.167      ;
; -2.248 ; clk_div:clk_div_t|cnt_5hz[18] ; clk_div:clk_div_t|cnt_5hz[9]  ; clk          ; clk         ; 1.000        ; -0.073     ; 3.173      ;
; -2.247 ; clk_div:clk_div_t|cnt_5hz[18] ; clk_div:clk_div_t|cnt_5hz[8]  ; clk          ; clk         ; 1.000        ; -0.073     ; 3.172      ;
; -2.247 ; clk_div:clk_div_t|cnt_1s[16]  ; clk_div:clk_div_t|cnt_1s[22]  ; clk          ; clk         ; 1.000        ; -0.079     ; 3.166      ;
; -2.246 ; clk_div:clk_div_t|cnt_1s[20]  ; clk_div:clk_div_t|cnt_1s[22]  ; clk          ; clk         ; 1.000        ; -0.079     ; 3.165      ;
; -2.245 ; clk_div:clk_div_t|cnt_1s[2]   ; clk_div:clk_div_t|cnt_1s[16]  ; clk          ; clk         ; 1.000        ; -0.086     ; 3.157      ;
; -2.243 ; clk_div:clk_div_t|cnt_5hz[10] ; clk_div:clk_div_t|cnt_5hz[8]  ; clk          ; clk         ; 1.000        ; -0.079     ; 3.162      ;
; -2.243 ; clk_div:clk_div_t|cnt_5hz[10] ; clk_div:clk_div_t|cnt_5hz[9]  ; clk          ; clk         ; 1.000        ; -0.079     ; 3.162      ;
; -2.229 ; clk_div:clk_div_t|cnt_1s[4]   ; clk_div:clk_div_t|cnt_1s[18]  ; clk          ; clk         ; 1.000        ; -0.086     ; 3.141      ;
+--------+-------------------------------+-------------------------------+--------------+-------------+--------------+------------+------------+


+-----------------------------------------------------------------------------------------------------------------------------------------------------------------------+
; Slow 1200mV 85C Model Hold: 'mode'                                                                                                                                    ;
+--------+-------------------------------------------+--------------------------------------------+--------------+-------------+--------------+------------+------------+
; Slack  ; From Node                                 ; To Node                                    ; Launch Clock ; Latch Clock ; Relationship ; Clock Skew ; Data Delay ;
+--------+-------------------------------------------+--------------------------------------------+--------------+-------------+--------------+------------+------------+
; -0.627 ; mode                                      ; cnt_24h:cnt_24h_t|hour[4]                  ; mode         ; mode        ; 0.000        ; 6.633      ; 6.192      ;
; -0.627 ; mode                                      ; cnt_24h:cnt_24h_t|hour[0]                  ; mode         ; mode        ; 0.000        ; 6.633      ; 6.192      ;
; -0.627 ; mode                                      ; cnt_24h:cnt_24h_t|hour[1]                  ; mode         ; mode        ; 0.000        ; 6.633      ; 6.192      ;
; -0.627 ; mode                                      ; cnt_24h:cnt_24h_t|hour[2]                  ; mode         ; mode        ; 0.000        ; 6.633      ; 6.192      ;
; -0.627 ; mode                                      ; cnt_24h:cnt_24h_t|hour[3]                  ; mode         ; mode        ; 0.000        ; 6.633      ; 6.192      ;
; 0.076  ; mode                                      ; cnt_12m:cnt_12m_t|month[2]                 ; mode         ; mode        ; 0.000        ; 6.450      ; 6.712      ;
; 0.076  ; mode                                      ; cnt_12m:cnt_12m_t|month[3]                 ; mode         ; mode        ; 0.000        ; 6.450      ; 6.712      ;
; 0.117  ; mode                                      ; cnt_12m:cnt_12m_t|month[1]                 ; mode         ; mode        ; 0.000        ; 6.450      ; 6.753      ;
; 0.127  ; mode                                      ; cnt_24h:cnt_24h_t|hour[4]                  ; mode         ; mode        ; -0.500       ; 6.633      ; 6.466      ;
; 0.127  ; mode                                      ; cnt_24h:cnt_24h_t|hour[0]                  ; mode         ; mode        ; -0.500       ; 6.633      ; 6.466      ;
; 0.127  ; mode                                      ; cnt_24h:cnt_24h_t|hour[1]                  ; mode         ; mode        ; -0.500       ; 6.633      ; 6.466      ;
; 0.127  ; mode                                      ; cnt_24h:cnt_24h_t|hour[2]                  ; mode         ; mode        ; -0.500       ; 6.633      ; 6.466      ;
; 0.127  ; mode                                      ; cnt_24h:cnt_24h_t|hour[3]                  ; mode         ; mode        ; -0.500       ; 6.633      ; 6.466      ;
; 0.404  ; day_top:day_top_t|cnt_day:cnt_day1|day[0] ; day_top:day_top_t|cnt_day:cnt_day1|day[0]  ; mode         ; mode        ; 0.000        ; 0.079      ; 0.669      ;
; 0.485  ; mode                                      ; cnt_60p:cnt_60p_t|minute[2]                ; mode         ; mode        ; 0.000        ; 6.504      ; 7.175      ;
; 0.608  ; mode                                      ; cnt_year:cnt_year_t|year[0]                ; mode         ; mode        ; 0.000        ; 6.551      ; 7.345      ;
; 0.608  ; mode                                      ; cnt_year:cnt_year_t|year[1]                ; mode         ; mode        ; 0.000        ; 6.551      ; 7.345      ;
; 0.608  ; mode                                      ; cnt_year:cnt_year_t|year[2]                ; mode         ; mode        ; 0.000        ; 6.551      ; 7.345      ;
; 0.608  ; mode                                      ; cnt_year:cnt_year_t|year[4]                ; mode         ; mode        ; 0.000        ; 6.551      ; 7.345      ;
; 0.616  ; mode                                      ; cnt_60s:cnt_60s_t|second[3]                ; mode         ; mode        ; 0.000        ; 7.385      ; 8.187      ;
; 0.616  ; mode                                      ; cnt_60s:cnt_60s_t|second[2]                ; mode         ; mode        ; 0.000        ; 7.385      ; 8.187      ;
; 0.617  ; mode                                      ; cnt_60s:cnt_60s_t|second[5]                ; mode         ; mode        ; 0.000        ; 7.385      ; 8.188      ;
; 0.619  ; mode                                      ; cnt_60s:cnt_60s_t|second[4]                ; mode         ; mode        ; 0.000        ; 7.385      ; 8.190      ;
; 0.646  ; mode                                      ; cnt_year:cnt_year_t|year[3]                ; mode         ; mode        ; 0.000        ; 6.552      ; 7.384      ;
; 0.646  ; mode                                      ; cnt_year:cnt_year_t|year[5]                ; mode         ; mode        ; 0.000        ; 6.552      ; 7.384      ;
; 0.646  ; mode                                      ; cnt_year:cnt_year_t|year[6]                ; mode         ; mode        ; 0.000        ; 6.552      ; 7.384      ;
; 0.680  ; mode                                      ; cnt_60s:cnt_60s_t|inc_m                    ; mode         ; mode        ; 0.000        ; 3.559      ; 4.425      ;
; 0.686  ; mode                                      ; cnt_60p:cnt_60p_t|minute[3]                ; mode         ; mode        ; 0.000        ; 6.506      ; 7.378      ;
; 0.686  ; mode                                      ; cnt_60p:cnt_60p_t|minute[4]                ; mode         ; mode        ; 0.000        ; 6.506      ; 7.378      ;
; 0.686  ; mode                                      ; cnt_60p:cnt_60p_t|minute[5]                ; mode         ; mode        ; 0.000        ; 6.506      ; 7.378      ;
; 0.737  ; mode                                      ; cnt_60p:cnt_60p_t|minute[0]                ; mode         ; mode        ; 0.000        ; 6.506      ; 7.429      ;
; 0.737  ; mode                                      ; cnt_60p:cnt_60p_t|minute[1]                ; mode         ; mode        ; 0.000        ; 6.506      ; 7.429      ;
; 0.747  ; mode                                      ; cnt_12m:cnt_12m_t|month[2]                 ; mode         ; mode        ; -0.500       ; 6.450      ; 6.903      ;
; 0.747  ; mode                                      ; cnt_12m:cnt_12m_t|month[3]                 ; mode         ; mode        ; -0.500       ; 6.450      ; 6.903      ;
; 0.799  ; mode                                      ; cnt_12m:cnt_12m_t|month[1]                 ; mode         ; mode        ; -0.500       ; 6.450      ; 6.955      ;
; 0.810  ; mode                                      ; day_top:day_top_t|cnt_day:cnt_day1|day[0]  ; mode         ; mode        ; 0.000        ; 6.321      ; 7.317      ;
; 0.822  ; mode                                      ; day_top:day_top_t|cnt_day:cnt_day1|inc_mon ; mode         ; mode        ; 0.000        ; 3.940      ; 4.948      ;
; 0.828  ; mode                                      ; cnt_60s:cnt_60s_t|second[0]                ; mode         ; mode        ; 0.000        ; 7.385      ; 8.399      ;
; 0.828  ; mode                                      ; cnt_60s:cnt_60s_t|second[1]                ; mode         ; mode        ; 0.000        ; 7.385      ; 8.399      ;
; 0.831  ; mode                                      ; day_top:day_top_t|cnt_day:cnt_day1|day[4]  ; mode         ; mode        ; 0.000        ; 6.321      ; 7.338      ;
; 0.833  ; mode                                      ; day_top:day_top_t|cnt_day:cnt_day1|day[1]  ; mode         ; mode        ; 0.000        ; 6.321      ; 7.340      ;
; 0.833  ; mode                                      ; day_top:day_top_t|cnt_day:cnt_day1|day[2]  ; mode         ; mode        ; 0.000        ; 6.321      ; 7.340      ;
; 0.835  ; mode                                      ; day_top:day_top_t|cnt_day:cnt_day1|day[3]  ; mode         ; mode        ; 0.000        ; 6.321      ; 7.342      ;
; 0.843  ; cnt_12m:cnt_12m_t|month[3]                ; cnt_12m:cnt_12m_t|month[3]                 ; mode         ; mode        ; 0.000        ; 0.078      ; 1.107      ;
; 0.863  ; cnt_12m:cnt_12m_t|month[2]                ; cnt_12m:cnt_12m_t|month[2]                 ; mode         ; mode        ; 0.000        ; 0.078      ; 1.127      ;
; 0.893  ; mode                                      ; cnt_12m:cnt_12m_t|inc_y                    ; mode         ; mode        ; 0.000        ; 3.390      ; 4.469      ;
; 0.932  ; mode                                      ; cnt_24h:cnt_24h_t|inc_d                    ; mode         ; mode        ; 0.000        ; 3.997      ; 5.115      ;
; 0.939  ; day_top:day_top_t|cnt_day:cnt_day1|day[4] ; day_top:day_top_t|cnt_day:cnt_day1|day[4]  ; mode         ; mode        ; 0.000        ; 0.078      ; 1.203      ;
; 0.965  ; mode                                      ; cnt_12m:cnt_12m_t|month[0]                 ; mode         ; mode        ; 0.000        ; 6.449      ; 7.600      ;
; 0.981  ; mode                                      ; cnt_60p:cnt_60p_t|inc_h                    ; mode         ; mode        ; 0.000        ; 3.539      ; 4.706      ;
; 1.013  ; mode                                      ; cnt_60p:cnt_60p_t|minute[2]                ; mode         ; mode        ; -0.500       ; 6.504      ; 7.223      ;
; 1.015  ; cnt_60p:cnt_60p_t|minute[5]               ; cnt_60p:cnt_60p_t|minute[5]                ; mode         ; mode        ; 0.000        ; 0.078      ; 1.279      ;
; 1.038  ; cnt_60p:cnt_60p_t|minute[2]               ; cnt_60p:cnt_60p_t|minute[2]                ; mode         ; mode        ; 0.000        ; 0.078      ; 1.302      ;
; 1.058  ; cnt_12m:cnt_12m_t|month[1]                ; cnt_12m:cnt_12m_t|month[1]                 ; mode         ; mode        ; 0.000        ; 0.078      ; 1.322      ;
; 1.081  ; cnt_year:cnt_year_t|year[6]               ; cnt_year:cnt_year_t|year[6]                ; mode         ; mode        ; 0.000        ; 0.078      ; 1.345      ;
; 1.139  ; cnt_year:cnt_year_t|year[1]               ; cnt_year:cnt_year_t|year[1]                ; mode         ; mode        ; 0.000        ; 0.078      ; 1.403      ;
; 1.140  ; day_top:day_top_t|cnt_day:cnt_day1|day[3] ; day_top:day_top_t|cnt_day:cnt_day1|day[3]  ; mode         ; mode        ; 0.000        ; 0.078      ; 1.404      ;
; 1.145  ; day_top:day_top_t|cnt_day:cnt_day1|day[1] ; day_top:day_top_t|cnt_day:cnt_day1|day[1]  ; mode         ; mode        ; 0.000        ; 0.078      ; 1.409      ;
; 1.149  ; day_top:day_top_t|cnt_day:cnt_day1|day[2] ; day_top:day_top_t|cnt_day:cnt_day1|day[2]  ; mode         ; mode        ; 0.000        ; 0.078      ; 1.413      ;
; 1.166  ; mode                                      ; cnt_60p:cnt_60p_t|minute[5]                ; mode         ; mode        ; -0.500       ; 6.506      ; 7.378      ;
; 1.167  ; mode                                      ; cnt_60p:cnt_60p_t|minute[3]                ; mode         ; mode        ; -0.500       ; 6.506      ; 7.379      ;
; 1.170  ; mode                                      ; cnt_60p:cnt_60p_t|minute[4]                ; mode         ; mode        ; -0.500       ; 6.506      ; 7.382      ;
; 1.185  ; mode                                      ; cnt_year:cnt_year_t|year[0]                ; mode         ; mode        ; -0.500       ; 6.551      ; 7.442      ;
; 1.185  ; mode                                      ; cnt_year:cnt_year_t|year[1]                ; mode         ; mode        ; -0.500       ; 6.551      ; 7.442      ;
; 1.185  ; mode                                      ; cnt_year:cnt_year_t|year[2]                ; mode         ; mode        ; -0.500       ; 6.551      ; 7.442      ;
; 1.185  ; mode                                      ; cnt_year:cnt_year_t|year[4]                ; mode         ; mode        ; -0.500       ; 6.551      ; 7.442      ;
; 1.191  ; mode                                      ; cnt_60s:cnt_60s_t|second[2]                ; mode         ; mode        ; -0.500       ; 7.385      ; 8.282      ;
; 1.193  ; cnt_12m:cnt_12m_t|month[2]                ; cnt_12m:cnt_12m_t|month[3]                 ; mode         ; mode        ; 0.000        ; 0.078      ; 1.457      ;
; 1.193  ; cnt_24h:cnt_24h_t|hour[0]                 ; cnt_24h:cnt_24h_t|hour[0]                  ; mode         ; mode        ; 0.000        ; 0.079      ; 1.458      ;
; 1.194  ; mode                                      ; cnt_year:cnt_year_t|year[3]                ; mode         ; mode        ; -0.500       ; 6.552      ; 7.452      ;
; 1.194  ; mode                                      ; cnt_year:cnt_year_t|year[5]                ; mode         ; mode        ; -0.500       ; 6.552      ; 7.452      ;
; 1.194  ; mode                                      ; cnt_year:cnt_year_t|year[6]                ; mode         ; mode        ; -0.500       ; 6.552      ; 7.452      ;
; 1.199  ; cnt_year:cnt_year_t|year[3]               ; cnt_year:cnt_year_t|year[3]                ; mode         ; mode        ; 0.000        ; 0.078      ; 1.463      ;
; 1.202  ; cnt_12m:cnt_12m_t|month[0]                ; cnt_12m:cnt_12m_t|month[1]                 ; mode         ; mode        ; 0.000        ; 0.079      ; 1.467      ;
; 1.202  ; cnt_24h:cnt_24h_t|hour[2]                 ; cnt_24h:cnt_24h_t|hour[2]                  ; mode         ; mode        ; 0.000        ; 0.079      ; 1.467      ;
; 1.207  ; cnt_60p:cnt_60p_t|minute[1]               ; cnt_60p:cnt_60p_t|minute[5]                ; mode         ; mode        ; 0.000        ; 0.078      ; 1.471      ;
; 1.208  ; cnt_60p:cnt_60p_t|minute[1]               ; cnt_60p:cnt_60p_t|minute[3]                ; mode         ; mode        ; 0.000        ; 0.078      ; 1.472      ;
; 1.226  ; mode                                      ; cnt_60s:cnt_60s_t|second[4]                ; mode         ; mode        ; -0.500       ; 7.385      ; 8.317      ;
; 1.227  ; mode                                      ; cnt_60s:cnt_60s_t|second[5]                ; mode         ; mode        ; -0.500       ; 7.385      ; 8.318      ;
; 1.228  ; mode                                      ; cnt_60s:cnt_60s_t|inc_m                    ; mode         ; mode        ; -0.500       ; 3.559      ; 4.493      ;
; 1.230  ; mode                                      ; cnt_60s:cnt_60s_t|second[3]                ; mode         ; mode        ; -0.500       ; 7.385      ; 8.321      ;
; 1.231  ; cnt_60p:cnt_60p_t|minute[1]               ; cnt_60p:cnt_60p_t|minute[4]                ; mode         ; mode        ; 0.000        ; 0.078      ; 1.495      ;
; 1.237  ; cnt_60p:cnt_60p_t|minute[1]               ; cnt_60p:cnt_60p_t|minute[1]                ; mode         ; mode        ; 0.000        ; 0.078      ; 1.501      ;
; 1.241  ; cnt_24h:cnt_24h_t|hour[1]                 ; cnt_24h:cnt_24h_t|hour[1]                  ; mode         ; mode        ; 0.000        ; 0.079      ; 1.506      ;
; 1.246  ; cnt_year:cnt_year_t|year[5]               ; cnt_year:cnt_year_t|year[6]                ; mode         ; mode        ; 0.000        ; 0.078      ; 1.510      ;
; 1.251  ; cnt_year:cnt_year_t|year[5]               ; cnt_year:cnt_year_t|year[5]                ; mode         ; mode        ; 0.000        ; 0.078      ; 1.515      ;
; 1.281  ; mode                                      ; day_top:day_top_t|cnt_day:cnt_day1|inc_mon ; mode         ; mode        ; -0.500       ; 3.940      ; 4.927      ;
; 1.291  ; cnt_24h:cnt_24h_t|hour[1]                 ; cnt_24h:cnt_24h_t|hour[4]                  ; mode         ; mode        ; 0.000        ; 0.079      ; 1.556      ;
; 1.291  ; cnt_year:cnt_year_t|year[2]               ; cnt_year:cnt_year_t|year[2]                ; mode         ; mode        ; 0.000        ; 0.078      ; 1.555      ;
; 1.292  ; cnt_60p:cnt_60p_t|minute[0]               ; cnt_60p:cnt_60p_t|minute[0]                ; mode         ; mode        ; 0.000        ; 0.078      ; 1.556      ;
; 1.299  ; mode                                      ; cnt_60p:cnt_60p_t|minute[0]                ; mode         ; mode        ; -0.500       ; 6.506      ; 7.511      ;
; 1.299  ; mode                                      ; cnt_60p:cnt_60p_t|minute[1]                ; mode         ; mode        ; -0.500       ; 6.506      ; 7.511      ;
; 1.300  ; cnt_year:cnt_year_t|year[2]               ; cnt_year:cnt_year_t|year[1]                ; mode         ; mode        ; 0.000        ; 0.078      ; 1.564      ;
; 1.304  ; cnt_year:cnt_year_t|year[5]               ; cnt_year:cnt_year_t|year[3]                ; mode         ; mode        ; 0.000        ; 0.078      ; 1.568      ;
; 1.317  ; cnt_12m:cnt_12m_t|month[0]                ; cnt_12m:cnt_12m_t|month[2]                 ; mode         ; mode        ; 0.000        ; 0.079      ; 1.582      ;
; 1.326  ; cnt_year:cnt_year_t|year[3]               ; cnt_year:cnt_year_t|year[6]                ; mode         ; mode        ; 0.000        ; 0.078      ; 1.590      ;
; 1.328  ; cnt_12m:cnt_12m_t|month[0]                ; cnt_12m:cnt_12m_t|month[3]                 ; mode         ; mode        ; 0.000        ; 0.079      ; 1.593      ;
; 1.330  ; cnt_year:cnt_year_t|year[6]               ; cnt_year:cnt_year_t|year[5]                ; mode         ; mode        ; 0.000        ; 0.078      ; 1.594      ;
; 1.331  ; cnt_year:cnt_year_t|year[3]               ; cnt_year:cnt_year_t|year[5]                ; mode         ; mode        ; 0.000        ; 0.078      ; 1.595      ;
; 1.343  ; mode                                      ; cnt_12m:cnt_12m_t|inc_y                    ; mode         ; mode        ; -0.500       ; 3.390      ; 4.439      ;
+--------+-------------------------------------------+--------------------------------------------+--------------+-------------+--------------+------------+------------+


+---------------------------------------------------------------------------------------------------------------------------------------------+
; Slow 1200mV 85C Model Hold: 'clk'                                                                                                           ;
+-------+-------------------------------+-------------------------------+--------------+-------------+--------------+------------+------------+
; Slack ; From Node                     ; To Node                       ; Launch Clock ; Latch Clock ; Relationship ; Clock Skew ; Data Delay ;
+-------+-------------------------------+-------------------------------+--------------+-------------+--------------+------------+------------+
; 0.204 ; clk_div:clk_div_t|cnt_5hz[7]  ; clk_div:clk_div_t|clk_5hz     ; clk          ; clk         ; 0.000        ; 1.739      ; 2.129      ;
; 0.219 ; clk_div:clk_div_t|cnt_1s[2]   ; clk_div:clk_div_t|clk_1s      ; clk          ; clk         ; 0.000        ; 1.648      ; 2.053      ;
; 0.265 ; clk_div:clk_div_t|cnt_5hz[3]  ; clk_div:clk_div_t|clk_5hz     ; clk          ; clk         ; 0.000        ; 1.739      ; 2.190      ;
; 0.306 ; clk_div:clk_div_t|cnt_5hz[2]  ; clk_div:clk_div_t|clk_5hz     ; clk          ; clk         ; 0.000        ; 1.739      ; 2.231      ;
; 0.309 ; clk_div:clk_div_t|cnt_5hz[4]  ; clk_div:clk_div_t|clk_5hz     ; clk          ; clk         ; 0.000        ; 1.739      ; 2.234      ;
; 0.320 ; clk_div:clk_div_t|cnt_5hz[8]  ; clk_div:clk_div_t|clk_5hz     ; clk          ; clk         ; 0.000        ; 1.739      ; 2.245      ;
; 0.326 ; clk_div:clk_div_t|cnt_5hz[5]  ; clk_div:clk_div_t|clk_5hz     ; clk          ; clk         ; 0.000        ; 1.739      ; 2.251      ;
; 0.432 ; clk_div:clk_div_t|cnt_1s[6]   ; clk_div:clk_div_t|clk_1s      ; clk          ; clk         ; 0.000        ; 1.648      ; 2.266      ;
; 0.440 ; clk_div:clk_div_t|clk_5hz     ; clk_div:clk_div_t|clk_5hz     ; clk          ; clk         ; 0.000        ; 0.043      ; 0.669      ;
; 0.440 ; clk_div:clk_div_t|clk_1s      ; clk_div:clk_div_t|clk_1s      ; clk          ; clk         ; 0.000        ; 0.043      ; 0.669      ;
; 0.469 ; clk_div:clk_div_t|cnt_1s[3]   ; clk_div:clk_div_t|clk_1s      ; clk          ; clk         ; 0.000        ; 1.648      ; 2.303      ;
; 0.476 ; clk_div:clk_div_t|cnt_5hz[6]  ; clk_div:clk_div_t|clk_5hz     ; clk          ; clk         ; 0.000        ; 1.326      ; 1.988      ;
; 0.478 ; clk_div:clk_div_t|cnt_5hz[16] ; clk_div:clk_div_t|clk_5hz     ; clk          ; clk         ; 0.000        ; 1.745      ; 2.409      ;
; 0.498 ; clk_div:clk_div_t|cnt_1s[4]   ; clk_div:clk_div_t|clk_1s      ; clk          ; clk         ; 0.000        ; 1.648      ; 2.332      ;
; 0.598 ; clk_div:clk_div_t|cnt_5hz[15] ; clk_div:clk_div_t|clk_5hz     ; clk          ; clk         ; 0.000        ; 1.745      ; 2.529      ;
; 0.601 ; clk_div:clk_div_t|cnt_5hz[13] ; clk_div:clk_div_t|clk_5hz     ; clk          ; clk         ; 0.000        ; 1.745      ; 2.532      ;
; 0.603 ; clk_div:clk_div_t|cnt_1s[19]  ; clk_div:clk_div_t|clk_1s      ; clk          ; clk         ; 0.000        ; 1.654      ; 2.443      ;
; 0.625 ; clk_div:clk_div_t|cnt_1s[10]  ; clk_div:clk_div_t|clk_1s      ; clk          ; clk         ; 0.000        ; 1.648      ; 2.459      ;
; 0.640 ; clk_div:clk_div_t|cnt_1s[9]   ; clk_div:clk_div_t|cnt_1s[9]   ; clk          ; clk         ; 0.000        ; 0.080      ; 0.906      ;
; 0.641 ; clk_div:clk_div_t|cnt_1s[7]   ; clk_div:clk_div_t|cnt_1s[7]   ; clk          ; clk         ; 0.000        ; 0.080      ; 0.907      ;
; 0.643 ; clk_div:clk_div_t|cnt_5hz[2]  ; clk_div:clk_div_t|cnt_5hz[2]  ; clk          ; clk         ; 0.000        ; 0.079      ; 0.908      ;
; 0.644 ; clk_div:clk_div_t|cnt_5hz[15] ; clk_div:clk_div_t|cnt_5hz[15] ; clk          ; clk         ; 0.000        ; 0.079      ; 0.909      ;
; 0.645 ; clk_div:clk_div_t|cnt_1s[10]  ; clk_div:clk_div_t|cnt_1s[10]  ; clk          ; clk         ; 0.000        ; 0.080      ; 0.911      ;
; 0.645 ; clk_div:clk_div_t|cnt_5hz[16] ; clk_div:clk_div_t|cnt_5hz[16] ; clk          ; clk         ; 0.000        ; 0.079      ; 0.910      ;
; 0.645 ; clk_div:clk_div_t|cnt_5hz[4]  ; clk_div:clk_div_t|cnt_5hz[4]  ; clk          ; clk         ; 0.000        ; 0.079      ; 0.910      ;
; 0.645 ; clk_div:clk_div_t|cnt_5hz[21] ; clk_div:clk_div_t|clk_5hz     ; clk          ; clk         ; 0.000        ; 1.745      ; 2.576      ;
; 0.646 ; clk_div:clk_div_t|cnt_1s[8]   ; clk_div:clk_div_t|cnt_1s[8]   ; clk          ; clk         ; 0.000        ; 0.080      ; 0.912      ;
; 0.646 ; clk_div:clk_div_t|cnt_5hz[13] ; clk_div:clk_div_t|cnt_5hz[13] ; clk          ; clk         ; 0.000        ; 0.079      ; 0.911      ;
; 0.647 ; clk_div:clk_div_t|cnt_1s[4]   ; clk_div:clk_div_t|cnt_1s[4]   ; clk          ; clk         ; 0.000        ; 0.080      ; 0.913      ;
; 0.647 ; clk_div:clk_div_t|cnt_1s[12]  ; clk_div:clk_div_t|clk_1s      ; clk          ; clk         ; 0.000        ; 1.654      ; 2.487      ;
; 0.648 ; clk_div:clk_div_t|cnt_5hz[5]  ; clk_div:clk_div_t|cnt_5hz[5]  ; clk          ; clk         ; 0.000        ; 0.079      ; 0.913      ;
; 0.655 ; clk_div:clk_div_t|cnt_1s[1]   ; clk_div:clk_div_t|cnt_1s[1]   ; clk          ; clk         ; 0.000        ; 0.080      ; 0.921      ;
; 0.656 ; clk_div:clk_div_t|cnt_1s[15]  ; clk_div:clk_div_t|cnt_1s[15]  ; clk          ; clk         ; 0.000        ; 0.079      ; 0.921      ;
; 0.657 ; clk_div:clk_div_t|cnt_1s[23]  ; clk_div:clk_div_t|cnt_1s[23]  ; clk          ; clk         ; 0.000        ; 0.079      ; 0.922      ;
; 0.657 ; clk_div:clk_div_t|cnt_1s[17]  ; clk_div:clk_div_t|cnt_1s[17]  ; clk          ; clk         ; 0.000        ; 0.079      ; 0.922      ;
; 0.657 ; clk_div:clk_div_t|cnt_1s[2]   ; clk_div:clk_div_t|cnt_1s[2]   ; clk          ; clk         ; 0.000        ; 0.080      ; 0.923      ;
; 0.658 ; clk_div:clk_div_t|cnt_1s[5]   ; clk_div:clk_div_t|cnt_1s[5]   ; clk          ; clk         ; 0.000        ; 0.080      ; 0.924      ;
; 0.658 ; clk_div:clk_div_t|cnt_1s[3]   ; clk_div:clk_div_t|cnt_1s[3]   ; clk          ; clk         ; 0.000        ; 0.080      ; 0.924      ;
; 0.658 ; clk_div:clk_div_t|cnt_5hz[12] ; clk_div:clk_div_t|cnt_5hz[12] ; clk          ; clk         ; 0.000        ; 0.079      ; 0.923      ;
; 0.658 ; clk_div:clk_div_t|cnt_5hz[10] ; clk_div:clk_div_t|cnt_5hz[10] ; clk          ; clk         ; 0.000        ; 0.079      ; 0.923      ;
; 0.659 ; clk_div:clk_div_t|cnt_5hz[17] ; clk_div:clk_div_t|cnt_5hz[17] ; clk          ; clk         ; 0.000        ; 0.079      ; 0.924      ;
; 0.660 ; clk_div:clk_div_t|cnt_5hz[20] ; clk_div:clk_div_t|cnt_5hz[20] ; clk          ; clk         ; 0.000        ; 0.079      ; 0.925      ;
; 0.663 ; clk_div:clk_div_t|cnt_5hz[21] ; clk_div:clk_div_t|cnt_5hz[21] ; clk          ; clk         ; 0.000        ; 0.079      ; 0.928      ;
; 0.671 ; clk_div:clk_div_t|cnt_1s[5]   ; clk_div:clk_div_t|clk_1s      ; clk          ; clk         ; 0.000        ; 1.648      ; 2.505      ;
; 0.674 ; clk_div:clk_div_t|cnt_5hz[3]  ; clk_div:clk_div_t|cnt_5hz[6]  ; clk          ; clk         ; 0.000        ; 0.509      ; 1.369      ;
; 0.684 ; clk_div:clk_div_t|cnt_5hz[12] ; clk_div:clk_div_t|clk_5hz     ; clk          ; clk         ; 0.000        ; 1.745      ; 2.615      ;
; 0.706 ; clk_div:clk_div_t|cnt_1s[0]   ; clk_div:clk_div_t|cnt_1s[0]   ; clk          ; clk         ; 0.000        ; 0.080      ; 0.972      ;
; 0.715 ; clk_div:clk_div_t|cnt_5hz[2]  ; clk_div:clk_div_t|cnt_5hz[6]  ; clk          ; clk         ; 0.000        ; 0.509      ; 1.410      ;
; 0.718 ; clk_div:clk_div_t|cnt_5hz[4]  ; clk_div:clk_div_t|cnt_5hz[6]  ; clk          ; clk         ; 0.000        ; 0.509      ; 1.413      ;
; 0.733 ; clk_div:clk_div_t|cnt_1s[14]  ; clk_div:clk_div_t|clk_1s      ; clk          ; clk         ; 0.000        ; 1.654      ; 2.573      ;
; 0.736 ; clk_div:clk_div_t|cnt_1s[13]  ; clk_div:clk_div_t|clk_1s      ; clk          ; clk         ; 0.000        ; 1.654      ; 2.576      ;
; 0.737 ; clk_div:clk_div_t|cnt_1s[15]  ; clk_div:clk_div_t|clk_1s      ; clk          ; clk         ; 0.000        ; 1.654      ; 2.577      ;
; 0.747 ; clk_div:clk_div_t|cnt_1s[9]   ; clk_div:clk_div_t|clk_1s      ; clk          ; clk         ; 0.000        ; 1.648      ; 2.581      ;
; 0.755 ; clk_div:clk_div_t|cnt_5hz[17] ; clk_div:clk_div_t|clk_5hz     ; clk          ; clk         ; 0.000        ; 1.745      ; 2.686      ;
; 0.791 ; clk_div:clk_div_t|cnt_1s[18]  ; clk_div:clk_div_t|clk_1s      ; clk          ; clk         ; 0.000        ; 1.654      ; 2.631      ;
; 0.793 ; clk_div:clk_div_t|cnt_1s[16]  ; clk_div:clk_div_t|clk_1s      ; clk          ; clk         ; 0.000        ; 1.654      ; 2.633      ;
; 0.804 ; clk_div:clk_div_t|cnt_5hz[7]  ; clk_div:clk_div_t|cnt_5hz[6]  ; clk          ; clk         ; 0.000        ; 0.509      ; 1.499      ;
; 0.811 ; clk_div:clk_div_t|cnt_5hz[3]  ; clk_div:clk_div_t|cnt_5hz[3]  ; clk          ; clk         ; 0.000        ; 0.079      ; 1.076      ;
; 0.821 ; clk_div:clk_div_t|cnt_5hz[7]  ; clk_div:clk_div_t|cnt_5hz[7]  ; clk          ; clk         ; 0.000        ; 0.079      ; 1.086      ;
; 0.823 ; clk_div:clk_div_t|cnt_5hz[14] ; clk_div:clk_div_t|clk_5hz     ; clk          ; clk         ; 0.000        ; 1.332      ; 2.341      ;
; 0.849 ; clk_div:clk_div_t|cnt_1s[17]  ; clk_div:clk_div_t|clk_1s      ; clk          ; clk         ; 0.000        ; 1.654      ; 2.689      ;
; 0.857 ; clk_div:clk_div_t|cnt_1s[20]  ; clk_div:clk_div_t|clk_1s      ; clk          ; clk         ; 0.000        ; 1.654      ; 2.697      ;
; 0.886 ; clk_div:clk_div_t|cnt_5hz[5]  ; clk_div:clk_div_t|cnt_5hz[6]  ; clk          ; clk         ; 0.000        ; 0.509      ; 1.581      ;
; 0.899 ; clk_div:clk_div_t|cnt_5hz[21] ; clk_div:clk_div_t|cnt_5hz[22] ; clk          ; clk         ; 0.000        ; 0.509      ; 1.594      ;
; 0.912 ; clk_div:clk_div_t|cnt_5hz[8]  ; clk_div:clk_div_t|cnt_5hz[6]  ; clk          ; clk         ; 0.000        ; 0.509      ; 1.607      ;
; 0.920 ; clk_div:clk_div_t|cnt_1s[8]   ; clk_div:clk_div_t|clk_1s      ; clk          ; clk         ; 0.000        ; 1.648      ; 2.754      ;
; 0.928 ; clk_div:clk_div_t|cnt_1s[7]   ; clk_div:clk_div_t|clk_1s      ; clk          ; clk         ; 0.000        ; 1.648      ; 2.762      ;
; 0.958 ; clk_div:clk_div_t|cnt_1s[9]   ; clk_div:clk_div_t|cnt_1s[10]  ; clk          ; clk         ; 0.000        ; 0.080      ; 1.224      ;
; 0.959 ; clk_div:clk_div_t|cnt_1s[7]   ; clk_div:clk_div_t|cnt_1s[8]   ; clk          ; clk         ; 0.000        ; 0.080      ; 1.225      ;
; 0.961 ; clk_div:clk_div_t|cnt_5hz[2]  ; clk_div:clk_div_t|cnt_5hz[3]  ; clk          ; clk         ; 0.000        ; 0.079      ; 1.226      ;
; 0.962 ; clk_div:clk_div_t|cnt_5hz[4]  ; clk_div:clk_div_t|cnt_5hz[5]  ; clk          ; clk         ; 0.000        ; 0.079      ; 1.227      ;
; 0.962 ; clk_div:clk_div_t|cnt_5hz[16] ; clk_div:clk_div_t|cnt_5hz[17] ; clk          ; clk         ; 0.000        ; 0.079      ; 1.227      ;
; 0.968 ; clk_div:clk_div_t|cnt_5hz[7]  ; clk_div:clk_div_t|cnt_5hz[9]  ; clk          ; clk         ; 0.000        ; 0.079      ; 1.233      ;
; 0.971 ; clk_div:clk_div_t|cnt_5hz[15] ; clk_div:clk_div_t|cnt_5hz[16] ; clk          ; clk         ; 0.000        ; 0.079      ; 1.236      ;
; 0.973 ; clk_div:clk_div_t|cnt_1s[1]   ; clk_div:clk_div_t|cnt_1s[2]   ; clk          ; clk         ; 0.000        ; 0.080      ; 1.239      ;
; 0.973 ; clk_div:clk_div_t|cnt_1s[8]   ; clk_div:clk_div_t|cnt_1s[9]   ; clk          ; clk         ; 0.000        ; 0.080      ; 1.239      ;
; 0.974 ; clk_div:clk_div_t|cnt_1s[4]   ; clk_div:clk_div_t|cnt_1s[5]   ; clk          ; clk         ; 0.000        ; 0.080      ; 1.240      ;
; 0.975 ; clk_div:clk_div_t|cnt_5hz[12] ; clk_div:clk_div_t|cnt_5hz[13] ; clk          ; clk         ; 0.000        ; 0.079      ; 1.240      ;
; 0.975 ; clk_div:clk_div_t|cnt_1s[3]   ; clk_div:clk_div_t|cnt_1s[4]   ; clk          ; clk         ; 0.000        ; 0.080      ; 1.241      ;
; 0.975 ; clk_div:clk_div_t|cnt_1s[6]   ; clk_div:clk_div_t|cnt_1s[7]   ; clk          ; clk         ; 0.000        ; 0.080      ; 1.241      ;
; 0.976 ; clk_div:clk_div_t|cnt_5hz[15] ; clk_div:clk_div_t|cnt_5hz[17] ; clk          ; clk         ; 0.000        ; 0.079      ; 1.241      ;
; 0.977 ; clk_div:clk_div_t|cnt_5hz[20] ; clk_div:clk_div_t|cnt_5hz[21] ; clk          ; clk         ; 0.000        ; 0.079      ; 1.242      ;
; 0.977 ; clk_div:clk_div_t|cnt_5hz[6]  ; clk_div:clk_div_t|cnt_5hz[6]  ; clk          ; clk         ; 0.000        ; 0.096      ; 1.259      ;
; 0.978 ; clk_div:clk_div_t|cnt_5hz[13] ; clk_div:clk_div_t|cnt_5hz[15] ; clk          ; clk         ; 0.000        ; 0.079      ; 1.243      ;
; 0.978 ; clk_div:clk_div_t|cnt_1s[8]   ; clk_div:clk_div_t|cnt_1s[10]  ; clk          ; clk         ; 0.000        ; 0.080      ; 1.244      ;
; 0.980 ; clk_div:clk_div_t|cnt_5hz[5]  ; clk_div:clk_div_t|cnt_5hz[7]  ; clk          ; clk         ; 0.000        ; 0.079      ; 1.245      ;
; 0.980 ; clk_div:clk_div_t|cnt_1s[6]   ; clk_div:clk_div_t|cnt_1s[8]   ; clk          ; clk         ; 0.000        ; 0.080      ; 1.246      ;
; 0.984 ; clk_div:clk_div_t|cnt_1s[2]   ; clk_div:clk_div_t|cnt_1s[3]   ; clk          ; clk         ; 0.000        ; 0.080      ; 1.250      ;
; 0.986 ; clk_div:clk_div_t|cnt_1s[22]  ; clk_div:clk_div_t|cnt_1s[23]  ; clk          ; clk         ; 0.000        ; 0.079      ; 1.251      ;
; 0.987 ; clk_div:clk_div_t|cnt_5hz[22] ; clk_div:clk_div_t|cnt_5hz[22] ; clk          ; clk         ; 0.000        ; 0.096      ; 1.269      ;
; 0.989 ; clk_div:clk_div_t|cnt_1s[2]   ; clk_div:clk_div_t|cnt_1s[4]   ; clk          ; clk         ; 0.000        ; 0.080      ; 1.255      ;
; 0.991 ; clk_div:clk_div_t|cnt_5hz[8]  ; clk_div:clk_div_t|cnt_5hz[8]  ; clk          ; clk         ; 0.000        ; 0.079      ; 1.256      ;
; 0.991 ; clk_div:clk_div_t|cnt_5hz[9]  ; clk_div:clk_div_t|cnt_5hz[10] ; clk          ; clk         ; 0.000        ; 0.079      ; 1.256      ;
; 1.005 ; clk_div:clk_div_t|cnt_1s[22]  ; clk_div:clk_div_t|cnt_1s[22]  ; clk          ; clk         ; 0.000        ; 0.079      ; 1.270      ;
; 1.005 ; clk_div:clk_div_t|cnt_5hz[18] ; clk_div:clk_div_t|cnt_5hz[18] ; clk          ; clk         ; 0.000        ; 0.079      ; 1.270      ;
; 1.007 ; clk_div:clk_div_t|cnt_5hz[20] ; clk_div:clk_div_t|cnt_5hz[22] ; clk          ; clk         ; 0.000        ; 0.509      ; 1.702      ;
; 1.010 ; clk_div:clk_div_t|cnt_1s[0]   ; clk_div:clk_div_t|cnt_1s[1]   ; clk          ; clk         ; 0.000        ; 0.080      ; 1.276      ;
; 1.015 ; clk_div:clk_div_t|cnt_5hz[11] ; clk_div:clk_div_t|clk_5hz     ; clk          ; clk         ; 0.000        ; 1.333      ; 2.534      ;
; 1.015 ; clk_div:clk_div_t|cnt_1s[0]   ; clk_div:clk_div_t|cnt_1s[2]   ; clk          ; clk         ; 0.000        ; 0.080      ; 1.281      ;
; 1.016 ; clk_div:clk_div_t|cnt_5hz[18] ; clk_div:clk_div_t|cnt_5hz[19] ; clk          ; clk         ; 0.000        ; 0.509      ; 1.711      ;
+-------+-------------------------------+-------------------------------+--------------+-------------+--------------+------------+------------+


-----------------------------------------------
; Slow 1200mV 85C Model Metastability Summary ;
-----------------------------------------------
No synchronizer chains to report.


+-----------------------------------------------------------------------------------------------------------+
; Slow 1200mV 0C Model Fmax Summary                                                                         ;
+------------+-----------------+------------+---------------------------------------------------------------+
; Fmax       ; Restricted Fmax ; Clock Name ; Note                                                          ;
+------------+-----------------+------------+---------------------------------------------------------------+
; 189.86 MHz ; 189.86 MHz      ; mode       ;                                                               ;
; 287.27 MHz ; 250.0 MHz       ; clk        ; limit due to minimum period restriction (max I/O toggle rate) ;
+------------+-----------------+------------+---------------------------------------------------------------+
This panel reports FMAX for every clock in the design, regardless of the user-specified clock periods.  FMAX is only computed for paths where the source and destination registers or ports are driven by the same clock.  Paths of different clocks, including generated clocks, are ignored.  For paths between a clock and its inversion, FMAX is computed as if the rising and falling edges are scaled along with FMAX, such that the duty cycle (in terms of a percentage) is maintained. Altera recommends that you always use clock constraints and other slack reports for sign-off analysis.


+------------------------------------+
; Slow 1200mV 0C Model Setup Summary ;
+-------+--------+-------------------+
; Clock ; Slack  ; End Point TNS     ;
+-------+--------+-------------------+
; mode  ; -4.267 ; -95.819           ;
; clk   ; -2.481 ; -75.756           ;
+-------+--------+-------------------+


+-----------------------------------+
; Slow 1200mV 0C Model Hold Summary ;
+-------+--------+------------------+
; Clock ; Slack  ; End Point TNS    ;
+-------+--------+------------------+
; mode  ; -0.622 ; -3.110           ;
; clk   ; 0.147  ; 0.000            ;
+-------+--------+------------------+


-----------------------------------------
; Slow 1200mV 0C Model Recovery Summary ;
-----------------------------------------
No paths to report.


----------------------------------------
; Slow 1200mV 0C Model Removal Summary ;
----------------------------------------
No paths to report.


+--------------------------------------------------+
; Slow 1200mV 0C Model Minimum Pulse Width Summary ;
+-------+--------+---------------------------------+
; Clock ; Slack  ; End Point TNS                   ;
+-------+--------+---------------------------------+
; clk   ; -3.000 ; -64.680                         ;
; mode  ; -3.000 ; -51.830                         ;
+-------+--------+---------------------------------+


+-----------------------------------------------------------------------------------------------------------------------------------------------------------------------+
; Slow 1200mV 0C Model Setup: 'mode'                                                                                                                                    ;
+--------+-------------------------------------------+--------------------------------------------+--------------+-------------+--------------+------------+------------+
; Slack  ; From Node                                 ; To Node                                    ; Launch Clock ; Latch Clock ; Relationship ; Clock Skew ; Data Delay ;
+--------+-------------------------------------------+--------------------------------------------+--------------+-------------+--------------+------------+------------+
; -4.267 ; cnt_year:cnt_year_t|year[5]               ; cnt_year:cnt_year_t|year[0]                ; mode         ; mode        ; 1.000        ; -0.070     ; 5.196      ;
; -4.244 ; cnt_year:cnt_year_t|year[5]               ; cnt_year:cnt_year_t|year[3]                ; mode         ; mode        ; 1.000        ; -0.069     ; 5.174      ;
; -4.226 ; cnt_year:cnt_year_t|year[4]               ; cnt_year:cnt_year_t|year[0]                ; mode         ; mode        ; 1.000        ; -0.069     ; 5.156      ;
; -4.196 ; cnt_year:cnt_year_t|year[4]               ; cnt_year:cnt_year_t|year[3]                ; mode         ; mode        ; 1.000        ; -0.068     ; 5.127      ;
; -4.152 ; cnt_year:cnt_year_t|year[5]               ; cnt_year:cnt_year_t|year[4]                ; mode         ; mode        ; 1.000        ; -0.070     ; 5.081      ;
; -4.104 ; cnt_year:cnt_year_t|year[4]               ; cnt_year:cnt_year_t|year[4]                ; mode         ; mode        ; 1.000        ; -0.069     ; 5.034      ;
; -4.097 ; cnt_year:cnt_year_t|year[0]               ; cnt_year:cnt_year_t|year[0]                ; mode         ; mode        ; 1.000        ; -0.069     ; 5.027      ;
; -4.040 ; cnt_year:cnt_year_t|year[0]               ; cnt_year:cnt_year_t|year[3]                ; mode         ; mode        ; 1.000        ; -0.068     ; 4.971      ;
; -3.971 ; cnt_year:cnt_year_t|year[6]               ; cnt_year:cnt_year_t|year[0]                ; mode         ; mode        ; 1.000        ; -0.070     ; 4.900      ;
; -3.948 ; cnt_year:cnt_year_t|year[0]               ; cnt_year:cnt_year_t|year[4]                ; mode         ; mode        ; 1.000        ; -0.069     ; 4.878      ;
; -3.891 ; cnt_year:cnt_year_t|year[6]               ; cnt_year:cnt_year_t|year[3]                ; mode         ; mode        ; 1.000        ; -0.069     ; 4.821      ;
; -3.886 ; cnt_60s:cnt_60s_t|second[0]               ; cnt_60s:cnt_60s_t|inc_m                    ; mode         ; mode        ; 1.000        ; -3.551     ; 1.334      ;
; -3.858 ; cnt_60s:cnt_60s_t|second[5]               ; cnt_60s:cnt_60s_t|inc_m                    ; mode         ; mode        ; 1.000        ; -3.551     ; 1.306      ;
; -3.844 ; cnt_year:cnt_year_t|year[1]               ; cnt_year:cnt_year_t|year[4]                ; mode         ; mode        ; 1.000        ; -0.069     ; 4.774      ;
; -3.839 ; cnt_12m:cnt_12m_t|month[3]                ; cnt_12m:cnt_12m_t|month[2]                 ; mode         ; mode        ; 1.000        ; -0.069     ; 4.769      ;
; -3.839 ; cnt_12m:cnt_12m_t|month[3]                ; cnt_12m:cnt_12m_t|month[1]                 ; mode         ; mode        ; 1.000        ; -0.069     ; 4.769      ;
; -3.839 ; cnt_12m:cnt_12m_t|month[3]                ; cnt_12m:cnt_12m_t|month[3]                 ; mode         ; mode        ; 1.000        ; -0.069     ; 4.769      ;
; -3.817 ; cnt_year:cnt_year_t|year[3]               ; cnt_year:cnt_year_t|year[4]                ; mode         ; mode        ; 1.000        ; -0.070     ; 4.746      ;
; -3.799 ; cnt_year:cnt_year_t|year[6]               ; cnt_year:cnt_year_t|year[4]                ; mode         ; mode        ; 1.000        ; -0.070     ; 4.728      ;
; -3.772 ; cnt_60s:cnt_60s_t|second[4]               ; cnt_60s:cnt_60s_t|inc_m                    ; mode         ; mode        ; 1.000        ; -3.551     ; 1.220      ;
; -3.733 ; cnt_12m:cnt_12m_t|month[2]                ; cnt_12m:cnt_12m_t|month[2]                 ; mode         ; mode        ; 1.000        ; -0.069     ; 4.663      ;
; -3.733 ; cnt_12m:cnt_12m_t|month[2]                ; cnt_12m:cnt_12m_t|month[1]                 ; mode         ; mode        ; 1.000        ; -0.069     ; 4.663      ;
; -3.733 ; cnt_12m:cnt_12m_t|month[2]                ; cnt_12m:cnt_12m_t|month[3]                 ; mode         ; mode        ; 1.000        ; -0.069     ; 4.663      ;
; -3.681 ; cnt_year:cnt_year_t|year[1]               ; cnt_year:cnt_year_t|year[3]                ; mode         ; mode        ; 1.000        ; -0.068     ; 4.612      ;
; -3.671 ; cnt_year:cnt_year_t|year[2]               ; cnt_year:cnt_year_t|year[4]                ; mode         ; mode        ; 1.000        ; -0.069     ; 4.601      ;
; -3.663 ; cnt_year:cnt_year_t|year[2]               ; cnt_year:cnt_year_t|year[3]                ; mode         ; mode        ; 1.000        ; -0.068     ; 4.594      ;
; -3.622 ; cnt_60s:cnt_60s_t|second[3]               ; cnt_60s:cnt_60s_t|inc_m                    ; mode         ; mode        ; 1.000        ; -3.551     ; 1.070      ;
; -3.573 ; cnt_12m:cnt_12m_t|month[0]                ; cnt_12m:cnt_12m_t|month[2]                 ; mode         ; mode        ; 1.000        ; -0.068     ; 4.504      ;
; -3.573 ; cnt_12m:cnt_12m_t|month[0]                ; cnt_12m:cnt_12m_t|month[1]                 ; mode         ; mode        ; 1.000        ; -0.068     ; 4.504      ;
; -3.573 ; cnt_12m:cnt_12m_t|month[0]                ; cnt_12m:cnt_12m_t|month[3]                 ; mode         ; mode        ; 1.000        ; -0.068     ; 4.504      ;
; -3.571 ; cnt_12m:cnt_12m_t|month[1]                ; cnt_12m:cnt_12m_t|month[2]                 ; mode         ; mode        ; 1.000        ; -0.069     ; 4.501      ;
; -3.571 ; cnt_12m:cnt_12m_t|month[1]                ; cnt_12m:cnt_12m_t|month[1]                 ; mode         ; mode        ; 1.000        ; -0.069     ; 4.501      ;
; -3.571 ; cnt_12m:cnt_12m_t|month[1]                ; cnt_12m:cnt_12m_t|month[3]                 ; mode         ; mode        ; 1.000        ; -0.069     ; 4.501      ;
; -3.556 ; cnt_60s:cnt_60s_t|second[2]               ; cnt_60s:cnt_60s_t|inc_m                    ; mode         ; mode        ; 1.000        ; -3.551     ; 1.004      ;
; -3.510 ; cnt_60s:cnt_60s_t|second[1]               ; cnt_60s:cnt_60s_t|inc_m                    ; mode         ; mode        ; 1.000        ; -3.551     ; 0.958      ;
; -3.504 ; cnt_60s:cnt_60s_t|second[0]               ; cnt_60s:cnt_60s_t|second[4]                ; mode         ; mode        ; 1.000        ; -0.069     ; 4.434      ;
; -3.502 ; cnt_60s:cnt_60s_t|second[0]               ; cnt_60s:cnt_60s_t|second[5]                ; mode         ; mode        ; 1.000        ; -0.069     ; 4.432      ;
; -3.501 ; cnt_60s:cnt_60s_t|second[0]               ; cnt_60s:cnt_60s_t|second[2]                ; mode         ; mode        ; 1.000        ; -0.069     ; 4.431      ;
; -3.497 ; cnt_60s:cnt_60s_t|second[0]               ; cnt_60s:cnt_60s_t|second[3]                ; mode         ; mode        ; 1.000        ; -0.069     ; 4.427      ;
; -3.497 ; cnt_year:cnt_year_t|year[1]               ; cnt_year:cnt_year_t|year[0]                ; mode         ; mode        ; 1.000        ; -0.069     ; 4.427      ;
; -3.491 ; cnt_60s:cnt_60s_t|second[5]               ; cnt_60s:cnt_60s_t|second[4]                ; mode         ; mode        ; 1.000        ; -0.069     ; 4.421      ;
; -3.489 ; cnt_60s:cnt_60s_t|second[5]               ; cnt_60s:cnt_60s_t|second[5]                ; mode         ; mode        ; 1.000        ; -0.069     ; 4.419      ;
; -3.488 ; cnt_60s:cnt_60s_t|second[5]               ; cnt_60s:cnt_60s_t|second[2]                ; mode         ; mode        ; 1.000        ; -0.069     ; 4.418      ;
; -3.484 ; cnt_60s:cnt_60s_t|second[5]               ; cnt_60s:cnt_60s_t|second[3]                ; mode         ; mode        ; 1.000        ; -0.069     ; 4.414      ;
; -3.410 ; cnt_60s:cnt_60s_t|second[4]               ; cnt_60s:cnt_60s_t|second[4]                ; mode         ; mode        ; 1.000        ; -0.069     ; 4.340      ;
; -3.408 ; cnt_60s:cnt_60s_t|second[4]               ; cnt_60s:cnt_60s_t|second[5]                ; mode         ; mode        ; 1.000        ; -0.069     ; 4.338      ;
; -3.407 ; cnt_60s:cnt_60s_t|second[4]               ; cnt_60s:cnt_60s_t|second[2]                ; mode         ; mode        ; 1.000        ; -0.069     ; 4.337      ;
; -3.403 ; cnt_60s:cnt_60s_t|second[4]               ; cnt_60s:cnt_60s_t|second[3]                ; mode         ; mode        ; 1.000        ; -0.069     ; 4.333      ;
; -3.369 ; day_top:day_top_t|cnt_day:cnt_day1|day[0] ; day_top:day_top_t|cnt_day:cnt_day1|day[0]  ; mode         ; mode        ; 1.000        ; -0.070     ; 4.298      ;
; -3.354 ; cnt_year:cnt_year_t|year[3]               ; cnt_year:cnt_year_t|year[0]                ; mode         ; mode        ; 1.000        ; -0.070     ; 4.283      ;
; -3.334 ; cnt_year:cnt_year_t|year[2]               ; cnt_year:cnt_year_t|year[0]                ; mode         ; mode        ; 1.000        ; -0.069     ; 4.264      ;
; -3.315 ; cnt_year:cnt_year_t|year[3]               ; cnt_year:cnt_year_t|year[3]                ; mode         ; mode        ; 1.000        ; -0.069     ; 4.245      ;
; -3.291 ; cnt_60s:cnt_60s_t|second[3]               ; cnt_60s:cnt_60s_t|second[4]                ; mode         ; mode        ; 1.000        ; -0.069     ; 4.221      ;
; -3.289 ; cnt_60s:cnt_60s_t|second[3]               ; cnt_60s:cnt_60s_t|second[5]                ; mode         ; mode        ; 1.000        ; -0.069     ; 4.219      ;
; -3.288 ; cnt_60s:cnt_60s_t|second[3]               ; cnt_60s:cnt_60s_t|second[2]                ; mode         ; mode        ; 1.000        ; -0.069     ; 4.218      ;
; -3.284 ; cnt_60s:cnt_60s_t|second[3]               ; cnt_60s:cnt_60s_t|second[3]                ; mode         ; mode        ; 1.000        ; -0.069     ; 4.214      ;
; -3.275 ; cnt_12m:cnt_12m_t|month[0]                ; cnt_12m:cnt_12m_t|month[0]                 ; mode         ; mode        ; 1.000        ; -0.069     ; 4.205      ;
; -3.199 ; day_top:day_top_t|cnt_day:cnt_day1|day[3] ; day_top:day_top_t|cnt_day:cnt_day1|day[0]  ; mode         ; mode        ; 1.000        ; -0.071     ; 4.127      ;
; -3.103 ; day_top:day_top_t|cnt_day:cnt_day1|day[4] ; day_top:day_top_t|cnt_day:cnt_day1|day[0]  ; mode         ; mode        ; 1.000        ; -0.071     ; 4.031      ;
; -3.057 ; cnt_12m:cnt_12m_t|month[1]                ; cnt_12m:cnt_12m_t|inc_y                    ; mode         ; mode        ; 1.000        ; -2.821     ; 1.235      ;
; -3.054 ; cnt_60p:cnt_60p_t|minute[4]               ; cnt_60p:cnt_60p_t|inc_h                    ; mode         ; mode        ; 1.000        ; -2.728     ; 1.325      ;
; -3.035 ; day_top:day_top_t|cnt_day:cnt_day1|day[2] ; day_top:day_top_t|cnt_day:cnt_day1|day[0]  ; mode         ; mode        ; 1.000        ; -0.071     ; 3.963      ;
; -3.033 ; cnt_60p:cnt_60p_t|minute[5]               ; cnt_60p:cnt_60p_t|inc_h                    ; mode         ; mode        ; 1.000        ; -2.728     ; 1.304      ;
; -2.984 ; cnt_12m:cnt_12m_t|month[0]                ; cnt_12m:cnt_12m_t|inc_y                    ; mode         ; mode        ; 1.000        ; -2.820     ; 1.163      ;
; -2.967 ; cnt_60p:cnt_60p_t|minute[0]               ; cnt_60p:cnt_60p_t|inc_h                    ; mode         ; mode        ; 1.000        ; -2.728     ; 1.238      ;
; -2.952 ; cnt_12m:cnt_12m_t|month[2]                ; cnt_12m:cnt_12m_t|inc_y                    ; mode         ; mode        ; 1.000        ; -2.821     ; 1.130      ;
; -2.932 ; cnt_60p:cnt_60p_t|minute[2]               ; cnt_60p:cnt_60p_t|inc_h                    ; mode         ; mode        ; 1.000        ; -2.726     ; 1.205      ;
; -2.907 ; cnt_24h:cnt_24h_t|hour[3]                 ; cnt_24h:cnt_24h_t|inc_d                    ; mode         ; mode        ; 1.000        ; -2.432     ; 1.474      ;
; -2.891 ; cnt_12m:cnt_12m_t|month[3]                ; cnt_12m:cnt_12m_t|inc_y                    ; mode         ; mode        ; 1.000        ; -2.821     ; 1.069      ;
; -2.880 ; day_top:day_top_t|cnt_day:cnt_day1|day[1] ; day_top:day_top_t|cnt_day:cnt_day1|day[0]  ; mode         ; mode        ; 1.000        ; -0.071     ; 3.808      ;
; -2.787 ; cnt_60p:cnt_60p_t|minute[3]               ; cnt_60p:cnt_60p_t|inc_h                    ; mode         ; mode        ; 1.000        ; -2.728     ; 1.058      ;
; -2.749 ; cnt_24h:cnt_24h_t|hour[2]                 ; cnt_24h:cnt_24h_t|inc_d                    ; mode         ; mode        ; 1.000        ; -2.432     ; 1.316      ;
; -2.712 ; cnt_60p:cnt_60p_t|minute[1]               ; cnt_60p:cnt_60p_t|inc_h                    ; mode         ; mode        ; 1.000        ; -2.728     ; 0.983      ;
; -2.674 ; cnt_24h:cnt_24h_t|hour[0]                 ; cnt_24h:cnt_24h_t|inc_d                    ; mode         ; mode        ; 1.000        ; -2.432     ; 1.241      ;
; -2.593 ; cnt_24h:cnt_24h_t|hour[4]                 ; cnt_24h:cnt_24h_t|hour[3]                  ; mode         ; mode        ; 1.000        ; -0.070     ; 3.522      ;
; -2.570 ; day_top:day_top_t|cnt_day:cnt_day1|day[4] ; day_top:day_top_t|cnt_day:cnt_day1|inc_mon ; mode         ; mode        ; 1.000        ; -2.191     ; 1.378      ;
; -2.560 ; day_top:day_top_t|cnt_day:cnt_day1|day[2] ; day_top:day_top_t|cnt_day:cnt_day1|inc_mon ; mode         ; mode        ; 1.000        ; -2.191     ; 1.368      ;
; -2.503 ; cnt_24h:cnt_24h_t|hour[4]                 ; cnt_24h:cnt_24h_t|inc_d                    ; mode         ; mode        ; 1.000        ; -2.432     ; 1.070      ;
; -2.452 ; day_top:day_top_t|cnt_day:cnt_day1|day[0] ; day_top:day_top_t|cnt_day:cnt_day1|inc_mon ; mode         ; mode        ; 1.000        ; -2.190     ; 1.261      ;
; -2.444 ; cnt_60s:cnt_60s_t|second[1]               ; cnt_60s:cnt_60s_t|second[4]                ; mode         ; mode        ; 1.000        ; -0.069     ; 3.374      ;
; -2.443 ; cnt_24h:cnt_24h_t|hour[1]                 ; cnt_24h:cnt_24h_t|inc_d                    ; mode         ; mode        ; 1.000        ; -2.432     ; 1.010      ;
; -2.442 ; cnt_60s:cnt_60s_t|second[1]               ; cnt_60s:cnt_60s_t|second[5]                ; mode         ; mode        ; 1.000        ; -0.069     ; 3.372      ;
; -2.441 ; cnt_60s:cnt_60s_t|second[1]               ; cnt_60s:cnt_60s_t|second[2]                ; mode         ; mode        ; 1.000        ; -0.069     ; 3.371      ;
; -2.440 ; cnt_24h:cnt_24h_t|hour[3]                 ; cnt_24h:cnt_24h_t|hour[3]                  ; mode         ; mode        ; 1.000        ; -0.070     ; 3.369      ;
; -2.437 ; cnt_60s:cnt_60s_t|second[1]               ; cnt_60s:cnt_60s_t|second[3]                ; mode         ; mode        ; 1.000        ; -0.069     ; 3.367      ;
; -2.436 ; day_top:day_top_t|cnt_day:cnt_day1|day[3] ; day_top:day_top_t|cnt_day:cnt_day1|inc_mon ; mode         ; mode        ; 1.000        ; -2.191     ; 1.244      ;
; -2.356 ; cnt_24h:cnt_24h_t|hour[2]                 ; cnt_24h:cnt_24h_t|hour[3]                  ; mode         ; mode        ; 1.000        ; -0.070     ; 3.285      ;
; -2.237 ; cnt_24h:cnt_24h_t|hour[0]                 ; cnt_24h:cnt_24h_t|hour[3]                  ; mode         ; mode        ; 1.000        ; -0.070     ; 3.166      ;
; -2.166 ; day_top:day_top_t|cnt_day:cnt_day1|day[1] ; day_top:day_top_t|cnt_day:cnt_day1|inc_mon ; mode         ; mode        ; 1.000        ; -2.191     ; 0.974      ;
; -2.116 ; cnt_60p:cnt_60p_t|minute[1]               ; cnt_60p:cnt_60p_t|minute[4]                ; mode         ; mode        ; 1.000        ; -0.069     ; 3.046      ;
; -2.110 ; cnt_60s:cnt_60s_t|second[2]               ; cnt_60s:cnt_60s_t|second[5]                ; mode         ; mode        ; 1.000        ; -0.069     ; 3.040      ;
; -2.038 ; cnt_60p:cnt_60p_t|minute[1]               ; cnt_60p:cnt_60p_t|minute[2]                ; mode         ; mode        ; 1.000        ; -0.071     ; 2.966      ;
; -2.018 ; cnt_60p:cnt_60p_t|minute[0]               ; cnt_60p:cnt_60p_t|minute[4]                ; mode         ; mode        ; 1.000        ; -0.069     ; 2.948      ;
; -2.016 ; cnt_60p:cnt_60p_t|minute[3]               ; cnt_60p:cnt_60p_t|minute[4]                ; mode         ; mode        ; 1.000        ; -0.069     ; 2.946      ;
; -1.993 ; cnt_60p:cnt_60p_t|minute[4]               ; cnt_60p:cnt_60p_t|minute[2]                ; mode         ; mode        ; 1.000        ; -0.071     ; 2.921      ;
; -1.991 ; cnt_60s:cnt_60s_t|second[2]               ; cnt_60s:cnt_60s_t|second[4]                ; mode         ; mode        ; 1.000        ; -0.069     ; 2.921      ;
; -1.988 ; cnt_60s:cnt_60s_t|second[2]               ; cnt_60s:cnt_60s_t|second[2]                ; mode         ; mode        ; 1.000        ; -0.069     ; 2.918      ;
; -1.984 ; cnt_60s:cnt_60s_t|second[2]               ; cnt_60s:cnt_60s_t|second[3]                ; mode         ; mode        ; 1.000        ; -0.069     ; 2.914      ;
; -1.965 ; cnt_60p:cnt_60p_t|minute[0]               ; cnt_60p:cnt_60p_t|minute[2]                ; mode         ; mode        ; 1.000        ; -0.071     ; 2.893      ;
; -1.962 ; cnt_60p:cnt_60p_t|minute[0]               ; cnt_60p:cnt_60p_t|minute[1]                ; mode         ; mode        ; 1.000        ; -0.069     ; 2.892      ;
+--------+-------------------------------------------+--------------------------------------------+--------------+-------------+--------------+------------+------------+


+----------------------------------------------------------------------------------------------------------------------------------------------+
; Slow 1200mV 0C Model Setup: 'clk'                                                                                                            ;
+--------+-------------------------------+-------------------------------+--------------+-------------+--------------+------------+------------+
; Slack  ; From Node                     ; To Node                       ; Launch Clock ; Latch Clock ; Relationship ; Clock Skew ; Data Delay ;
+--------+-------------------------------+-------------------------------+--------------+-------------+--------------+------------+------------+
; -2.481 ; clk_div:clk_div_t|cnt_1s[1]   ; clk_div:clk_div_t|cnt_1s[22]  ; clk          ; clk         ; 1.000        ; -0.077     ; 3.403      ;
; -2.442 ; clk_div:clk_div_t|cnt_1s[1]   ; clk_div:clk_div_t|cnt_1s[6]   ; clk          ; clk         ; 1.000        ; -0.070     ; 3.371      ;
; -2.442 ; clk_div:clk_div_t|cnt_1s[1]   ; clk_div:clk_div_t|cnt_1s[11]  ; clk          ; clk         ; 1.000        ; -0.070     ; 3.371      ;
; -2.435 ; clk_div:clk_div_t|cnt_1s[21]  ; clk_div:clk_div_t|cnt_1s[22]  ; clk          ; clk         ; 1.000        ; -0.466     ; 2.968      ;
; -2.396 ; clk_div:clk_div_t|cnt_1s[21]  ; clk_div:clk_div_t|cnt_1s[6]   ; clk          ; clk         ; 1.000        ; -0.459     ; 2.936      ;
; -2.396 ; clk_div:clk_div_t|cnt_1s[21]  ; clk_div:clk_div_t|cnt_1s[11]  ; clk          ; clk         ; 1.000        ; -0.459     ; 2.936      ;
; -2.385 ; clk_div:clk_div_t|cnt_1s[0]   ; clk_div:clk_div_t|cnt_1s[22]  ; clk          ; clk         ; 1.000        ; -0.077     ; 3.307      ;
; -2.346 ; clk_div:clk_div_t|cnt_1s[0]   ; clk_div:clk_div_t|cnt_1s[6]   ; clk          ; clk         ; 1.000        ; -0.070     ; 3.275      ;
; -2.346 ; clk_div:clk_div_t|cnt_1s[0]   ; clk_div:clk_div_t|cnt_1s[11]  ; clk          ; clk         ; 1.000        ; -0.070     ; 3.275      ;
; -2.305 ; clk_div:clk_div_t|cnt_1s[21]  ; clk_div:clk_div_t|cnt_1s[14]  ; clk          ; clk         ; 1.000        ; -0.466     ; 2.838      ;
; -2.301 ; clk_div:clk_div_t|cnt_1s[21]  ; clk_div:clk_div_t|cnt_1s[13]  ; clk          ; clk         ; 1.000        ; -0.466     ; 2.834      ;
; -2.301 ; clk_div:clk_div_t|cnt_1s[1]   ; clk_div:clk_div_t|cnt_1s[20]  ; clk          ; clk         ; 1.000        ; -0.077     ; 3.223      ;
; -2.295 ; clk_div:clk_div_t|cnt_1s[1]   ; clk_div:clk_div_t|cnt_1s[14]  ; clk          ; clk         ; 1.000        ; -0.077     ; 3.217      ;
; -2.292 ; clk_div:clk_div_t|cnt_1s[1]   ; clk_div:clk_div_t|cnt_1s[13]  ; clk          ; clk         ; 1.000        ; -0.077     ; 3.214      ;
; -2.274 ; clk_div:clk_div_t|cnt_1s[0]   ; clk_div:clk_div_t|cnt_1s[19]  ; clk          ; clk         ; 1.000        ; -0.077     ; 3.196      ;
; -2.245 ; clk_div:clk_div_t|cnt_1s[0]   ; clk_div:clk_div_t|cnt_1s[20]  ; clk          ; clk         ; 1.000        ; -0.077     ; 3.167      ;
; -2.232 ; clk_div:clk_div_t|cnt_1s[1]   ; clk_div:clk_div_t|cnt_1s[18]  ; clk          ; clk         ; 1.000        ; -0.077     ; 3.154      ;
; -2.218 ; clk_div:clk_div_t|cnt_1s[1]   ; clk_div:clk_div_t|cnt_5hz[18] ; clk          ; clk         ; 1.000        ; -0.075     ; 3.142      ;
; -2.210 ; clk_div:clk_div_t|cnt_1s[23]  ; clk_div:clk_div_t|cnt_1s[22]  ; clk          ; clk         ; 1.000        ; -0.071     ; 3.138      ;
; -2.206 ; clk_div:clk_div_t|cnt_1s[0]   ; clk_div:clk_div_t|cnt_5hz[18] ; clk          ; clk         ; 1.000        ; -0.075     ; 3.130      ;
; -2.199 ; clk_div:clk_div_t|cnt_1s[0]   ; clk_div:clk_div_t|cnt_1s[14]  ; clk          ; clk         ; 1.000        ; -0.077     ; 3.121      ;
; -2.196 ; clk_div:clk_div_t|cnt_1s[0]   ; clk_div:clk_div_t|cnt_1s[13]  ; clk          ; clk         ; 1.000        ; -0.077     ; 3.118      ;
; -2.191 ; clk_div:clk_div_t|cnt_1s[24]  ; clk_div:clk_div_t|cnt_1s[22]  ; clk          ; clk         ; 1.000        ; -0.467     ; 2.723      ;
; -2.189 ; clk_div:clk_div_t|cnt_1s[3]   ; clk_div:clk_div_t|cnt_1s[20]  ; clk          ; clk         ; 1.000        ; -0.077     ; 3.111      ;
; -2.176 ; clk_div:clk_div_t|cnt_1s[0]   ; clk_div:clk_div_t|cnt_1s[18]  ; clk          ; clk         ; 1.000        ; -0.077     ; 3.098      ;
; -2.175 ; clk_div:clk_div_t|cnt_1s[21]  ; clk_div:clk_div_t|cnt_1s[20]  ; clk          ; clk         ; 1.000        ; -0.466     ; 2.708      ;
; -2.172 ; clk_div:clk_div_t|cnt_1s[1]   ; clk_div:clk_div_t|cnt_1s[19]  ; clk          ; clk         ; 1.000        ; -0.077     ; 3.094      ;
; -2.171 ; clk_div:clk_div_t|cnt_1s[23]  ; clk_div:clk_div_t|cnt_1s[6]   ; clk          ; clk         ; 1.000        ; -0.064     ; 3.106      ;
; -2.171 ; clk_div:clk_div_t|cnt_1s[23]  ; clk_div:clk_div_t|cnt_1s[11]  ; clk          ; clk         ; 1.000        ; -0.064     ; 3.106      ;
; -2.152 ; clk_div:clk_div_t|cnt_1s[24]  ; clk_div:clk_div_t|cnt_1s[6]   ; clk          ; clk         ; 1.000        ; -0.460     ; 2.691      ;
; -2.152 ; clk_div:clk_div_t|cnt_1s[24]  ; clk_div:clk_div_t|cnt_1s[11]  ; clk          ; clk         ; 1.000        ; -0.460     ; 2.691      ;
; -2.140 ; clk_div:clk_div_t|cnt_5hz[22] ; clk_div:clk_div_t|cnt_5hz[9]  ; clk          ; clk         ; 1.000        ; -0.460     ; 2.679      ;
; -2.139 ; clk_div:clk_div_t|cnt_5hz[22] ; clk_div:clk_div_t|cnt_5hz[8]  ; clk          ; clk         ; 1.000        ; -0.460     ; 2.678      ;
; -2.135 ; clk_div:clk_div_t|cnt_1s[2]   ; clk_div:clk_div_t|cnt_1s[19]  ; clk          ; clk         ; 1.000        ; -0.077     ; 3.057      ;
; -2.132 ; clk_div:clk_div_t|cnt_1s[22]  ; clk_div:clk_div_t|cnt_1s[22]  ; clk          ; clk         ; 1.000        ; -0.071     ; 3.060      ;
; -2.131 ; clk_div:clk_div_t|cnt_5hz[11] ; clk_div:clk_div_t|cnt_5hz[18] ; clk          ; clk         ; 1.000        ; -0.465     ; 2.665      ;
; -2.120 ; clk_div:clk_div_t|cnt_1s[3]   ; clk_div:clk_div_t|cnt_1s[18]  ; clk          ; clk         ; 1.000        ; -0.077     ; 3.042      ;
; -2.118 ; clk_div:clk_div_t|cnt_1s[1]   ; clk_div:clk_div_t|cnt_1s[24]  ; clk          ; clk         ; 1.000        ; 0.304      ; 3.421      ;
; -2.117 ; clk_div:clk_div_t|cnt_1s[1]   ; clk_div:clk_div_t|cnt_1s[16]  ; clk          ; clk         ; 1.000        ; -0.077     ; 3.039      ;
; -2.115 ; clk_div:clk_div_t|cnt_1s[2]   ; clk_div:clk_div_t|cnt_1s[20]  ; clk          ; clk         ; 1.000        ; -0.077     ; 3.037      ;
; -2.100 ; clk_div:clk_div_t|cnt_1s[22]  ; clk_div:clk_div_t|cnt_1s[6]   ; clk          ; clk         ; 1.000        ; -0.064     ; 3.035      ;
; -2.100 ; clk_div:clk_div_t|cnt_1s[22]  ; clk_div:clk_div_t|cnt_1s[11]  ; clk          ; clk         ; 1.000        ; -0.064     ; 3.035      ;
; -2.073 ; clk_div:clk_div_t|cnt_1s[5]   ; clk_div:clk_div_t|cnt_1s[20]  ; clk          ; clk         ; 1.000        ; -0.077     ; 2.995      ;
; -2.072 ; clk_div:clk_div_t|cnt_1s[21]  ; clk_div:clk_div_t|cnt_1s[24]  ; clk          ; clk         ; 1.000        ; -0.085     ; 2.986      ;
; -2.068 ; clk_div:clk_div_t|cnt_1s[1]   ; clk_div:clk_div_t|cnt_5hz[22] ; clk          ; clk         ; 1.000        ; 0.305      ; 3.372      ;
; -2.061 ; clk_div:clk_div_t|cnt_1s[21]  ; clk_div:clk_div_t|cnt_1s[19]  ; clk          ; clk         ; 1.000        ; -0.466     ; 2.594      ;
; -2.061 ; clk_div:clk_div_t|cnt_1s[0]   ; clk_div:clk_div_t|cnt_1s[16]  ; clk          ; clk         ; 1.000        ; -0.077     ; 2.983      ;
; -2.060 ; clk_div:clk_div_t|cnt_1s[21]  ; clk_div:clk_div_t|cnt_1s[12]  ; clk          ; clk         ; 1.000        ; -0.466     ; 2.593      ;
; -2.060 ; clk_div:clk_div_t|cnt_1s[3]   ; clk_div:clk_div_t|cnt_1s[19]  ; clk          ; clk         ; 1.000        ; -0.077     ; 2.982      ;
; -2.059 ; clk_div:clk_div_t|cnt_1s[11]  ; clk_div:clk_div_t|cnt_1s[22]  ; clk          ; clk         ; 1.000        ; -0.077     ; 2.981      ;
; -2.059 ; clk_div:clk_div_t|cnt_1s[21]  ; clk_div:clk_div_t|cnt_1s[16]  ; clk          ; clk         ; 1.000        ; -0.466     ; 2.592      ;
; -2.056 ; clk_div:clk_div_t|cnt_1s[21]  ; clk_div:clk_div_t|cnt_1s[18]  ; clk          ; clk         ; 1.000        ; -0.466     ; 2.589      ;
; -2.056 ; clk_div:clk_div_t|cnt_1s[0]   ; clk_div:clk_div_t|cnt_5hz[22] ; clk          ; clk         ; 1.000        ; 0.305      ; 3.360      ;
; -2.046 ; clk_div:clk_div_t|cnt_1s[2]   ; clk_div:clk_div_t|cnt_1s[18]  ; clk          ; clk         ; 1.000        ; -0.077     ; 2.968      ;
; -2.043 ; clk_div:clk_div_t|cnt_1s[1]   ; clk_div:clk_div_t|cnt_1s[12]  ; clk          ; clk         ; 1.000        ; -0.077     ; 2.965      ;
; -2.029 ; clk_div:clk_div_t|cnt_1s[3]   ; clk_div:clk_div_t|cnt_1s[22]  ; clk          ; clk         ; 1.000        ; -0.077     ; 2.951      ;
; -2.024 ; clk_div:clk_div_t|cnt_1s[23]  ; clk_div:clk_div_t|cnt_1s[14]  ; clk          ; clk         ; 1.000        ; -0.071     ; 2.952      ;
; -2.022 ; clk_div:clk_div_t|cnt_1s[0]   ; clk_div:clk_div_t|cnt_1s[24]  ; clk          ; clk         ; 1.000        ; 0.304      ; 3.325      ;
; -2.021 ; clk_div:clk_div_t|cnt_1s[11]  ; clk_div:clk_div_t|cnt_1s[6]   ; clk          ; clk         ; 1.000        ; -0.070     ; 2.950      ;
; -2.021 ; clk_div:clk_div_t|cnt_1s[11]  ; clk_div:clk_div_t|cnt_1s[11]  ; clk          ; clk         ; 1.000        ; -0.070     ; 2.950      ;
; -2.021 ; clk_div:clk_div_t|cnt_1s[23]  ; clk_div:clk_div_t|cnt_1s[13]  ; clk          ; clk         ; 1.000        ; -0.071     ; 2.949      ;
; -2.014 ; clk_div:clk_div_t|cnt_1s[22]  ; clk_div:clk_div_t|cnt_1s[14]  ; clk          ; clk         ; 1.000        ; -0.071     ; 2.942      ;
; -2.012 ; clk_div:clk_div_t|cnt_1s[24]  ; clk_div:clk_div_t|cnt_1s[14]  ; clk          ; clk         ; 1.000        ; -0.467     ; 2.544      ;
; -2.010 ; clk_div:clk_div_t|cnt_1s[22]  ; clk_div:clk_div_t|cnt_1s[13]  ; clk          ; clk         ; 1.000        ; -0.071     ; 2.938      ;
; -2.010 ; clk_div:clk_div_t|cnt_1s[4]   ; clk_div:clk_div_t|cnt_1s[19]  ; clk          ; clk         ; 1.000        ; -0.077     ; 2.932      ;
; -2.008 ; clk_div:clk_div_t|cnt_1s[24]  ; clk_div:clk_div_t|cnt_1s[13]  ; clk          ; clk         ; 1.000        ; -0.467     ; 2.540      ;
; -2.005 ; clk_div:clk_div_t|cnt_1s[3]   ; clk_div:clk_div_t|cnt_1s[16]  ; clk          ; clk         ; 1.000        ; -0.077     ; 2.927      ;
; -2.004 ; clk_div:clk_div_t|cnt_1s[5]   ; clk_div:clk_div_t|cnt_1s[18]  ; clk          ; clk         ; 1.000        ; -0.077     ; 2.926      ;
; -2.000 ; clk_div:clk_div_t|cnt_1s[1]   ; clk_div:clk_div_t|cnt_5hz[20] ; clk          ; clk         ; 1.000        ; -0.075     ; 2.924      ;
; -2.000 ; clk_div:clk_div_t|cnt_1s[1]   ; clk_div:clk_div_t|cnt_5hz[9]  ; clk          ; clk         ; 1.000        ; -0.069     ; 2.930      ;
; -1.999 ; clk_div:clk_div_t|cnt_1s[1]   ; clk_div:clk_div_t|cnt_5hz[8]  ; clk          ; clk         ; 1.000        ; -0.069     ; 2.929      ;
; -1.988 ; clk_div:clk_div_t|cnt_1s[0]   ; clk_div:clk_div_t|cnt_5hz[20] ; clk          ; clk         ; 1.000        ; -0.075     ; 2.912      ;
; -1.984 ; clk_div:clk_div_t|cnt_1s[4]   ; clk_div:clk_div_t|cnt_1s[20]  ; clk          ; clk         ; 1.000        ; -0.077     ; 2.906      ;
; -1.981 ; clk_div:clk_div_t|cnt_5hz[11] ; clk_div:clk_div_t|cnt_5hz[22] ; clk          ; clk         ; 1.000        ; -0.085     ; 2.895      ;
; -1.971 ; clk_div:clk_div_t|cnt_1s[1]   ; clk_div:clk_div_t|cnt_5hz[21] ; clk          ; clk         ; 1.000        ; -0.075     ; 2.895      ;
; -1.966 ; clk_div:clk_div_t|cnt_5hz[20] ; clk_div:clk_div_t|cnt_5hz[9]  ; clk          ; clk         ; 1.000        ; -0.064     ; 2.901      ;
; -1.965 ; clk_div:clk_div_t|cnt_5hz[20] ; clk_div:clk_div_t|cnt_5hz[8]  ; clk          ; clk         ; 1.000        ; -0.064     ; 2.900      ;
; -1.962 ; clk_div:clk_div_t|cnt_1s[0]   ; clk_div:clk_div_t|cnt_1s[21]  ; clk          ; clk         ; 1.000        ; 0.303      ; 3.264      ;
; -1.959 ; clk_div:clk_div_t|cnt_1s[0]   ; clk_div:clk_div_t|cnt_5hz[21] ; clk          ; clk         ; 1.000        ; -0.075     ; 2.883      ;
; -1.956 ; clk_div:clk_div_t|cnt_1s[7]   ; clk_div:clk_div_t|cnt_1s[22]  ; clk          ; clk         ; 1.000        ; -0.077     ; 2.878      ;
; -1.955 ; clk_div:clk_div_t|cnt_1s[2]   ; clk_div:clk_div_t|cnt_1s[22]  ; clk          ; clk         ; 1.000        ; -0.077     ; 2.877      ;
; -1.952 ; clk_div:clk_div_t|cnt_5hz[18] ; clk_div:clk_div_t|cnt_5hz[9]  ; clk          ; clk         ; 1.000        ; -0.064     ; 2.887      ;
; -1.951 ; clk_div:clk_div_t|cnt_5hz[18] ; clk_div:clk_div_t|cnt_5hz[8]  ; clk          ; clk         ; 1.000        ; -0.064     ; 2.886      ;
; -1.949 ; clk_div:clk_div_t|cnt_5hz[10] ; clk_div:clk_div_t|cnt_5hz[9]  ; clk          ; clk         ; 1.000        ; -0.071     ; 2.877      ;
; -1.949 ; clk_div:clk_div_t|cnt_1s[8]   ; clk_div:clk_div_t|cnt_1s[22]  ; clk          ; clk         ; 1.000        ; -0.077     ; 2.871      ;
; -1.948 ; clk_div:clk_div_t|cnt_5hz[10] ; clk_div:clk_div_t|cnt_5hz[8]  ; clk          ; clk         ; 1.000        ; -0.071     ; 2.876      ;
; -1.948 ; clk_div:clk_div_t|cnt_1s[3]   ; clk_div:clk_div_t|cnt_1s[24]  ; clk          ; clk         ; 1.000        ; 0.304      ; 3.251      ;
; -1.947 ; clk_div:clk_div_t|cnt_1s[0]   ; clk_div:clk_div_t|cnt_1s[12]  ; clk          ; clk         ; 1.000        ; -0.077     ; 2.869      ;
; -1.944 ; clk_div:clk_div_t|cnt_1s[7]   ; clk_div:clk_div_t|cnt_1s[20]  ; clk          ; clk         ; 1.000        ; -0.077     ; 2.866      ;
; -1.944 ; clk_div:clk_div_t|cnt_1s[5]   ; clk_div:clk_div_t|cnt_1s[19]  ; clk          ; clk         ; 1.000        ; -0.077     ; 2.866      ;
; -1.942 ; clk_div:clk_div_t|cnt_1s[1]   ; clk_div:clk_div_t|cnt_5hz[19] ; clk          ; clk         ; 1.000        ; 0.305      ; 3.246      ;
; -1.936 ; clk_div:clk_div_t|cnt_1s[23]  ; clk_div:clk_div_t|cnt_1s[20]  ; clk          ; clk         ; 1.000        ; -0.071     ; 2.864      ;
; -1.935 ; clk_div:clk_div_t|cnt_1s[11]  ; clk_div:clk_div_t|cnt_1s[14]  ; clk          ; clk         ; 1.000        ; -0.077     ; 2.857      ;
; -1.931 ; clk_div:clk_div_t|cnt_1s[11]  ; clk_div:clk_div_t|cnt_1s[13]  ; clk          ; clk         ; 1.000        ; -0.077     ; 2.853      ;
; -1.931 ; clk_div:clk_div_t|cnt_1s[2]   ; clk_div:clk_div_t|cnt_1s[16]  ; clk          ; clk         ; 1.000        ; -0.077     ; 2.853      ;
; -1.930 ; clk_div:clk_div_t|cnt_1s[0]   ; clk_div:clk_div_t|cnt_5hz[19] ; clk          ; clk         ; 1.000        ; 0.305      ; 3.234      ;
; -1.917 ; clk_div:clk_div_t|cnt_1s[7]   ; clk_div:clk_div_t|cnt_1s[6]   ; clk          ; clk         ; 1.000        ; -0.070     ; 2.846      ;
; -1.917 ; clk_div:clk_div_t|cnt_1s[7]   ; clk_div:clk_div_t|cnt_1s[11]  ; clk          ; clk         ; 1.000        ; -0.070     ; 2.846      ;
; -1.917 ; clk_div:clk_div_t|cnt_1s[18]  ; clk_div:clk_div_t|cnt_1s[22]  ; clk          ; clk         ; 1.000        ; -0.070     ; 2.846      ;
; -1.917 ; clk_div:clk_div_t|cnt_1s[24]  ; clk_div:clk_div_t|cnt_1s[20]  ; clk          ; clk         ; 1.000        ; -0.467     ; 2.449      ;
+--------+-------------------------------+-------------------------------+--------------+-------------+--------------+------------+------------+


+-----------------------------------------------------------------------------------------------------------------------------------------------------------------------+
; Slow 1200mV 0C Model Hold: 'mode'                                                                                                                                     ;
+--------+-------------------------------------------+--------------------------------------------+--------------+-------------+--------------+------------+------------+
; Slack  ; From Node                                 ; To Node                                    ; Launch Clock ; Latch Clock ; Relationship ; Clock Skew ; Data Delay ;
+--------+-------------------------------------------+--------------------------------------------+--------------+-------------+--------------+------------+------------+
; -0.622 ; mode                                      ; cnt_24h:cnt_24h_t|hour[4]                  ; mode         ; mode        ; 0.000        ; 6.121      ; 5.670      ;
; -0.622 ; mode                                      ; cnt_24h:cnt_24h_t|hour[0]                  ; mode         ; mode        ; 0.000        ; 6.121      ; 5.670      ;
; -0.622 ; mode                                      ; cnt_24h:cnt_24h_t|hour[1]                  ; mode         ; mode        ; 0.000        ; 6.121      ; 5.670      ;
; -0.622 ; mode                                      ; cnt_24h:cnt_24h_t|hour[2]                  ; mode         ; mode        ; 0.000        ; 6.121      ; 5.670      ;
; -0.622 ; mode                                      ; cnt_24h:cnt_24h_t|hour[3]                  ; mode         ; mode        ; 0.000        ; 6.121      ; 5.670      ;
; 0.123  ; mode                                      ; cnt_24h:cnt_24h_t|hour[4]                  ; mode         ; mode        ; -0.500       ; 6.121      ; 5.935      ;
; 0.123  ; mode                                      ; cnt_24h:cnt_24h_t|hour[0]                  ; mode         ; mode        ; -0.500       ; 6.121      ; 5.935      ;
; 0.123  ; mode                                      ; cnt_24h:cnt_24h_t|hour[1]                  ; mode         ; mode        ; -0.500       ; 6.121      ; 5.935      ;
; 0.123  ; mode                                      ; cnt_24h:cnt_24h_t|hour[2]                  ; mode         ; mode        ; -0.500       ; 6.121      ; 5.935      ;
; 0.123  ; mode                                      ; cnt_24h:cnt_24h_t|hour[3]                  ; mode         ; mode        ; -0.500       ; 6.121      ; 5.935      ;
; 0.133  ; mode                                      ; cnt_12m:cnt_12m_t|month[3]                 ; mode         ; mode        ; 0.000        ; 5.949      ; 6.253      ;
; 0.134  ; mode                                      ; cnt_12m:cnt_12m_t|month[2]                 ; mode         ; mode        ; 0.000        ; 5.949      ; 6.254      ;
; 0.170  ; mode                                      ; cnt_12m:cnt_12m_t|month[1]                 ; mode         ; mode        ; 0.000        ; 5.949      ; 6.290      ;
; 0.356  ; day_top:day_top_t|cnt_day:cnt_day1|day[0] ; day_top:day_top_t|cnt_day:cnt_day1|day[0]  ; mode         ; mode        ; 0.000        ; 0.070      ; 0.597      ;
; 0.463  ; mode                                      ; cnt_60p:cnt_60p_t|minute[2]                ; mode         ; mode        ; 0.000        ; 5.998      ; 6.632      ;
; 0.521  ; mode                                      ; cnt_60s:cnt_60s_t|second[3]                ; mode         ; mode        ; 0.000        ; 6.827      ; 7.519      ;
; 0.521  ; mode                                      ; cnt_60s:cnt_60s_t|second[2]                ; mode         ; mode        ; 0.000        ; 6.827      ; 7.519      ;
; 0.522  ; mode                                      ; cnt_60s:cnt_60s_t|second[5]                ; mode         ; mode        ; 0.000        ; 6.827      ; 7.520      ;
; 0.525  ; mode                                      ; cnt_60s:cnt_60s_t|second[4]                ; mode         ; mode        ; 0.000        ; 6.827      ; 7.523      ;
; 0.568  ; mode                                      ; cnt_12m:cnt_12m_t|month[2]                 ; mode         ; mode        ; -0.500       ; 5.949      ; 6.208      ;
; 0.568  ; mode                                      ; cnt_12m:cnt_12m_t|month[3]                 ; mode         ; mode        ; -0.500       ; 5.949      ; 6.208      ;
; 0.597  ; mode                                      ; cnt_year:cnt_year_t|year[0]                ; mode         ; mode        ; 0.000        ; 6.032      ; 6.800      ;
; 0.597  ; mode                                      ; cnt_year:cnt_year_t|year[1]                ; mode         ; mode        ; 0.000        ; 6.032      ; 6.800      ;
; 0.597  ; mode                                      ; cnt_year:cnt_year_t|year[2]                ; mode         ; mode        ; 0.000        ; 6.032      ; 6.800      ;
; 0.597  ; mode                                      ; cnt_year:cnt_year_t|year[4]                ; mode         ; mode        ; 0.000        ; 6.032      ; 6.800      ;
; 0.598  ; mode                                      ; cnt_12m:cnt_12m_t|month[1]                 ; mode         ; mode        ; -0.500       ; 5.949      ; 6.238      ;
; 0.627  ; mode                                      ; cnt_year:cnt_year_t|year[3]                ; mode         ; mode        ; 0.000        ; 6.033      ; 6.831      ;
; 0.627  ; mode                                      ; cnt_year:cnt_year_t|year[5]                ; mode         ; mode        ; 0.000        ; 6.033      ; 6.831      ;
; 0.627  ; mode                                      ; cnt_year:cnt_year_t|year[6]                ; mode         ; mode        ; 0.000        ; 6.033      ; 6.831      ;
; 0.643  ; mode                                      ; cnt_60p:cnt_60p_t|minute[4]                ; mode         ; mode        ; 0.000        ; 6.000      ; 6.814      ;
; 0.643  ; mode                                      ; cnt_60p:cnt_60p_t|minute[5]                ; mode         ; mode        ; 0.000        ; 6.000      ; 6.814      ;
; 0.644  ; mode                                      ; cnt_60p:cnt_60p_t|minute[3]                ; mode         ; mode        ; 0.000        ; 6.000      ; 6.815      ;
; 0.652  ; mode                                      ; cnt_60s:cnt_60s_t|inc_m                    ; mode         ; mode        ; 0.000        ; 3.324      ; 4.147      ;
; 0.692  ; mode                                      ; cnt_60p:cnt_60p_t|minute[0]                ; mode         ; mode        ; 0.000        ; 6.000      ; 6.863      ;
; 0.692  ; mode                                      ; cnt_60p:cnt_60p_t|minute[1]                ; mode         ; mode        ; 0.000        ; 6.000      ; 6.863      ;
; 0.750  ; mode                                      ; day_top:day_top_t|cnt_day:cnt_day1|day[0]  ; mode         ; mode        ; 0.000        ; 5.822      ; 6.743      ;
; 0.762  ; cnt_12m:cnt_12m_t|month[3]                ; cnt_12m:cnt_12m_t|month[3]                 ; mode         ; mode        ; 0.000        ; 0.069      ; 1.002      ;
; 0.772  ; mode                                      ; cnt_60s:cnt_60s_t|second[0]                ; mode         ; mode        ; 0.000        ; 6.827      ; 7.770      ;
; 0.772  ; mode                                      ; cnt_60s:cnt_60s_t|second[1]                ; mode         ; mode        ; 0.000        ; 6.827      ; 7.770      ;
; 0.778  ; mode                                      ; day_top:day_top_t|cnt_day:cnt_day1|inc_mon ; mode         ; mode        ; 0.000        ; 3.700      ; 4.649      ;
; 0.783  ; mode                                      ; day_top:day_top_t|cnt_day:cnt_day1|day[4]  ; mode         ; mode        ; 0.000        ; 5.823      ; 6.777      ;
; 0.785  ; mode                                      ; day_top:day_top_t|cnt_day:cnt_day1|day[1]  ; mode         ; mode        ; 0.000        ; 5.823      ; 6.779      ;
; 0.785  ; mode                                      ; day_top:day_top_t|cnt_day:cnt_day1|day[2]  ; mode         ; mode        ; 0.000        ; 5.823      ; 6.779      ;
; 0.787  ; mode                                      ; day_top:day_top_t|cnt_day:cnt_day1|day[3]  ; mode         ; mode        ; 0.000        ; 5.823      ; 6.781      ;
; 0.798  ; cnt_12m:cnt_12m_t|month[2]                ; cnt_12m:cnt_12m_t|month[2]                 ; mode         ; mode        ; 0.000        ; 0.069      ; 1.038      ;
; 0.857  ; mode                                      ; cnt_12m:cnt_12m_t|inc_y                    ; mode         ; mode        ; 0.000        ; 3.176      ; 4.204      ;
; 0.863  ; day_top:day_top_t|cnt_day:cnt_day1|day[4] ; day_top:day_top_t|cnt_day:cnt_day1|day[4]  ; mode         ; mode        ; 0.000        ; 0.070      ; 1.104      ;
; 0.893  ; mode                                      ; cnt_24h:cnt_24h_t|inc_d                    ; mode         ; mode        ; 0.000        ; 3.755      ; 4.819      ;
; 0.912  ; mode                                      ; cnt_12m:cnt_12m_t|month[0]                 ; mode         ; mode        ; 0.000        ; 5.948      ; 7.031      ;
; 0.914  ; mode                                      ; cnt_60p:cnt_60p_t|inc_h                    ; mode         ; mode        ; 0.000        ; 3.326      ; 4.411      ;
; 0.933  ; cnt_60p:cnt_60p_t|minute[5]               ; cnt_60p:cnt_60p_t|minute[5]                ; mode         ; mode        ; 0.000        ; 0.069      ; 1.173      ;
; 0.949  ; mode                                      ; cnt_60p:cnt_60p_t|minute[2]                ; mode         ; mode        ; -0.500       ; 5.998      ; 6.638      ;
; 0.951  ; cnt_60p:cnt_60p_t|minute[2]               ; cnt_60p:cnt_60p_t|minute[2]                ; mode         ; mode        ; 0.000        ; 0.069      ; 1.191      ;
; 0.957  ; cnt_12m:cnt_12m_t|month[1]                ; cnt_12m:cnt_12m_t|month[1]                 ; mode         ; mode        ; 0.000        ; 0.069      ; 1.197      ;
; 0.972  ; cnt_year:cnt_year_t|year[6]               ; cnt_year:cnt_year_t|year[6]                ; mode         ; mode        ; 0.000        ; 0.069      ; 1.212      ;
; 1.043  ; day_top:day_top_t|cnt_day:cnt_day1|day[3] ; day_top:day_top_t|cnt_day:cnt_day1|day[3]  ; mode         ; mode        ; 0.000        ; 0.070      ; 1.284      ;
; 1.043  ; cnt_year:cnt_year_t|year[1]               ; cnt_year:cnt_year_t|year[1]                ; mode         ; mode        ; 0.000        ; 0.069      ; 1.283      ;
; 1.049  ; day_top:day_top_t|cnt_day:cnt_day1|day[1] ; day_top:day_top_t|cnt_day:cnt_day1|day[1]  ; mode         ; mode        ; 0.000        ; 0.070      ; 1.290      ;
; 1.053  ; day_top:day_top_t|cnt_day:cnt_day1|day[2] ; day_top:day_top_t|cnt_day:cnt_day1|day[2]  ; mode         ; mode        ; 0.000        ; 0.070      ; 1.294      ;
; 1.061  ; mode                                      ; cnt_60p:cnt_60p_t|minute[5]                ; mode         ; mode        ; -0.500       ; 6.000      ; 6.752      ;
; 1.061  ; mode                                      ; cnt_60s:cnt_60s_t|inc_m                    ; mode         ; mode        ; -0.500       ; 3.324      ; 4.076      ;
; 1.062  ; mode                                      ; day_top:day_top_t|cnt_day:cnt_day1|inc_mon ; mode         ; mode        ; -0.500       ; 3.700      ; 4.453      ;
; 1.062  ; mode                                      ; cnt_60p:cnt_60p_t|minute[3]                ; mode         ; mode        ; -0.500       ; 6.000      ; 6.753      ;
; 1.063  ; mode                                      ; cnt_60p:cnt_60p_t|minute[4]                ; mode         ; mode        ; -0.500       ; 6.000      ; 6.754      ;
; 1.067  ; cnt_12m:cnt_12m_t|month[2]                ; cnt_12m:cnt_12m_t|month[3]                 ; mode         ; mode        ; 0.000        ; 0.069      ; 1.307      ;
; 1.085  ; cnt_24h:cnt_24h_t|hour[2]                 ; cnt_24h:cnt_24h_t|hour[2]                  ; mode         ; mode        ; 0.000        ; 0.070      ; 1.326      ;
; 1.092  ; cnt_24h:cnt_24h_t|hour[0]                 ; cnt_24h:cnt_24h_t|hour[0]                  ; mode         ; mode        ; 0.000        ; 0.070      ; 1.333      ;
; 1.103  ; cnt_year:cnt_year_t|year[3]               ; cnt_year:cnt_year_t|year[3]                ; mode         ; mode        ; 0.000        ; 0.069      ; 1.343      ;
; 1.104  ; mode                                      ; cnt_year:cnt_year_t|year[0]                ; mode         ; mode        ; -0.500       ; 6.032      ; 6.827      ;
; 1.104  ; mode                                      ; cnt_year:cnt_year_t|year[1]                ; mode         ; mode        ; -0.500       ; 6.032      ; 6.827      ;
; 1.104  ; mode                                      ; cnt_year:cnt_year_t|year[2]                ; mode         ; mode        ; -0.500       ; 6.032      ; 6.827      ;
; 1.104  ; mode                                      ; cnt_year:cnt_year_t|year[4]                ; mode         ; mode        ; -0.500       ; 6.032      ; 6.827      ;
; 1.105  ; mode                                      ; cnt_60s:cnt_60s_t|second[2]                ; mode         ; mode        ; -0.500       ; 6.827      ; 7.623      ;
; 1.107  ; cnt_12m:cnt_12m_t|month[0]                ; cnt_12m:cnt_12m_t|month[1]                 ; mode         ; mode        ; 0.000        ; 0.070      ; 1.348      ;
; 1.107  ; cnt_60p:cnt_60p_t|minute[1]               ; cnt_60p:cnt_60p_t|minute[3]                ; mode         ; mode        ; 0.000        ; 0.069      ; 1.347      ;
; 1.107  ; cnt_60p:cnt_60p_t|minute[1]               ; cnt_60p:cnt_60p_t|minute[5]                ; mode         ; mode        ; 0.000        ; 0.069      ; 1.347      ;
; 1.118  ; mode                                      ; cnt_year:cnt_year_t|year[3]                ; mode         ; mode        ; -0.500       ; 6.033      ; 6.842      ;
; 1.118  ; mode                                      ; cnt_year:cnt_year_t|year[5]                ; mode         ; mode        ; -0.500       ; 6.033      ; 6.842      ;
; 1.118  ; mode                                      ; cnt_year:cnt_year_t|year[6]                ; mode         ; mode        ; -0.500       ; 6.033      ; 6.842      ;
; 1.125  ; cnt_60p:cnt_60p_t|minute[1]               ; cnt_60p:cnt_60p_t|minute[4]                ; mode         ; mode        ; 0.000        ; 0.069      ; 1.365      ;
; 1.133  ; cnt_60p:cnt_60p_t|minute[1]               ; cnt_60p:cnt_60p_t|minute[1]                ; mode         ; mode        ; 0.000        ; 0.069      ; 1.373      ;
; 1.133  ; mode                                      ; cnt_60s:cnt_60s_t|second[4]                ; mode         ; mode        ; -0.500       ; 6.827      ; 7.651      ;
; 1.134  ; mode                                      ; cnt_60s:cnt_60s_t|second[5]                ; mode         ; mode        ; -0.500       ; 6.827      ; 7.652      ;
; 1.136  ; cnt_24h:cnt_24h_t|hour[1]                 ; cnt_24h:cnt_24h_t|hour[1]                  ; mode         ; mode        ; 0.000        ; 0.070      ; 1.377      ;
; 1.136  ; cnt_year:cnt_year_t|year[5]               ; cnt_year:cnt_year_t|year[6]                ; mode         ; mode        ; 0.000        ; 0.069      ; 1.376      ;
; 1.136  ; mode                                      ; cnt_60s:cnt_60s_t|second[3]                ; mode         ; mode        ; -0.500       ; 6.827      ; 7.654      ;
; 1.141  ; cnt_year:cnt_year_t|year[5]               ; cnt_year:cnt_year_t|year[5]                ; mode         ; mode        ; 0.000        ; 0.069      ; 1.381      ;
; 1.152  ; mode                                      ; cnt_12m:cnt_12m_t|inc_y                    ; mode         ; mode        ; -0.500       ; 3.176      ; 4.019      ;
; 1.171  ; cnt_year:cnt_year_t|year[2]               ; cnt_year:cnt_year_t|year[1]                ; mode         ; mode        ; 0.000        ; 0.069      ; 1.411      ;
; 1.172  ; cnt_60p:cnt_60p_t|minute[0]               ; cnt_60p:cnt_60p_t|minute[0]                ; mode         ; mode        ; 0.000        ; 0.069      ; 1.412      ;
; 1.173  ; cnt_12m:cnt_12m_t|month[0]                ; cnt_12m:cnt_12m_t|month[2]                 ; mode         ; mode        ; 0.000        ; 0.070      ; 1.414      ;
; 1.177  ; cnt_24h:cnt_24h_t|hour[1]                 ; cnt_24h:cnt_24h_t|hour[4]                  ; mode         ; mode        ; 0.000        ; 0.070      ; 1.418      ;
; 1.179  ; cnt_year:cnt_year_t|year[2]               ; cnt_year:cnt_year_t|year[2]                ; mode         ; mode        ; 0.000        ; 0.069      ; 1.419      ;
; 1.189  ; cnt_year:cnt_year_t|year[5]               ; cnt_year:cnt_year_t|year[3]                ; mode         ; mode        ; 0.000        ; 0.069      ; 1.429      ;
; 1.190  ; mode                                      ; cnt_24h:cnt_24h_t|inc_d                    ; mode         ; mode        ; -0.500       ; 3.755      ; 4.636      ;
; 1.193  ; mode                                      ; cnt_12m:cnt_12m_t|month[0]                 ; mode         ; mode        ; -0.500       ; 5.948      ; 6.832      ;
; 1.198  ; cnt_year:cnt_year_t|year[3]               ; cnt_year:cnt_year_t|year[6]                ; mode         ; mode        ; 0.000        ; 0.069      ; 1.438      ;
; 1.202  ; mode                                      ; cnt_60p:cnt_60p_t|minute[0]                ; mode         ; mode        ; -0.500       ; 6.000      ; 6.893      ;
; 1.202  ; mode                                      ; cnt_60p:cnt_60p_t|minute[1]                ; mode         ; mode        ; -0.500       ; 6.000      ; 6.893      ;
; 1.203  ; cnt_year:cnt_year_t|year[3]               ; cnt_year:cnt_year_t|year[5]                ; mode         ; mode        ; 0.000        ; 0.069      ; 1.443      ;
+--------+-------------------------------------------+--------------------------------------------+--------------+-------------+--------------+------------+------------+


+---------------------------------------------------------------------------------------------------------------------------------------------+
; Slow 1200mV 0C Model Hold: 'clk'                                                                                                            ;
+-------+-------------------------------+-------------------------------+--------------+-------------+--------------+------------+------------+
; Slack ; From Node                     ; To Node                       ; Launch Clock ; Latch Clock ; Relationship ; Clock Skew ; Data Delay ;
+-------+-------------------------------+-------------------------------+--------------+-------------+--------------+------------+------------+
; 0.147 ; clk_div:clk_div_t|cnt_5hz[7]  ; clk_div:clk_div_t|clk_5hz     ; clk          ; clk         ; 0.000        ; 1.595      ; 1.913      ;
; 0.205 ; clk_div:clk_div_t|cnt_5hz[3]  ; clk_div:clk_div_t|clk_5hz     ; clk          ; clk         ; 0.000        ; 1.595      ; 1.971      ;
; 0.214 ; clk_div:clk_div_t|cnt_1s[2]   ; clk_div:clk_div_t|clk_1s      ; clk          ; clk         ; 0.000        ; 1.511      ; 1.896      ;
; 0.298 ; clk_div:clk_div_t|cnt_5hz[2]  ; clk_div:clk_div_t|clk_5hz     ; clk          ; clk         ; 0.000        ; 1.595      ; 2.064      ;
; 0.301 ; clk_div:clk_div_t|cnt_5hz[4]  ; clk_div:clk_div_t|clk_5hz     ; clk          ; clk         ; 0.000        ; 1.595      ; 2.067      ;
; 0.305 ; clk_div:clk_div_t|cnt_5hz[8]  ; clk_div:clk_div_t|clk_5hz     ; clk          ; clk         ; 0.000        ; 1.595      ; 2.071      ;
; 0.311 ; clk_div:clk_div_t|cnt_5hz[5]  ; clk_div:clk_div_t|clk_5hz     ; clk          ; clk         ; 0.000        ; 1.595      ; 2.077      ;
; 0.354 ; clk_div:clk_div_t|cnt_1s[6]   ; clk_div:clk_div_t|clk_1s      ; clk          ; clk         ; 0.000        ; 1.511      ; 2.036      ;
; 0.385 ; clk_div:clk_div_t|cnt_5hz[16] ; clk_div:clk_div_t|clk_5hz     ; clk          ; clk         ; 0.000        ; 1.601      ; 2.157      ;
; 0.387 ; clk_div:clk_div_t|clk_5hz     ; clk_div:clk_div_t|clk_5hz     ; clk          ; clk         ; 0.000        ; 0.039      ; 0.597      ;
; 0.387 ; clk_div:clk_div_t|clk_1s      ; clk_div:clk_div_t|clk_1s      ; clk          ; clk         ; 0.000        ; 0.039      ; 0.597      ;
; 0.398 ; clk_div:clk_div_t|cnt_5hz[6]  ; clk_div:clk_div_t|clk_5hz     ; clk          ; clk         ; 0.000        ; 1.215      ; 1.784      ;
; 0.416 ; clk_div:clk_div_t|cnt_1s[3]   ; clk_div:clk_div_t|clk_1s      ; clk          ; clk         ; 0.000        ; 1.511      ; 2.098      ;
; 0.472 ; clk_div:clk_div_t|cnt_1s[4]   ; clk_div:clk_div_t|clk_1s      ; clk          ; clk         ; 0.000        ; 1.511      ; 2.154      ;
; 0.500 ; clk_div:clk_div_t|cnt_5hz[15] ; clk_div:clk_div_t|clk_5hz     ; clk          ; clk         ; 0.000        ; 1.601      ; 2.272      ;
; 0.500 ; clk_div:clk_div_t|cnt_5hz[13] ; clk_div:clk_div_t|clk_5hz     ; clk          ; clk         ; 0.000        ; 1.601      ; 2.272      ;
; 0.524 ; clk_div:clk_div_t|cnt_1s[10]  ; clk_div:clk_div_t|clk_1s      ; clk          ; clk         ; 0.000        ; 1.511      ; 2.206      ;
; 0.552 ; clk_div:clk_div_t|cnt_5hz[21] ; clk_div:clk_div_t|clk_5hz     ; clk          ; clk         ; 0.000        ; 1.601      ; 2.324      ;
; 0.561 ; clk_div:clk_div_t|cnt_1s[19]  ; clk_div:clk_div_t|clk_1s      ; clk          ; clk         ; 0.000        ; 1.518      ; 2.250      ;
; 0.586 ; clk_div:clk_div_t|cnt_1s[9]   ; clk_div:clk_div_t|cnt_1s[9]   ; clk          ; clk         ; 0.000        ; 0.070      ; 0.827      ;
; 0.588 ; clk_div:clk_div_t|cnt_1s[7]   ; clk_div:clk_div_t|cnt_1s[7]   ; clk          ; clk         ; 0.000        ; 0.070      ; 0.829      ;
; 0.588 ; clk_div:clk_div_t|cnt_5hz[2]  ; clk_div:clk_div_t|cnt_5hz[2]  ; clk          ; clk         ; 0.000        ; 0.071      ; 0.830      ;
; 0.588 ; clk_div:clk_div_t|cnt_1s[12]  ; clk_div:clk_div_t|clk_1s      ; clk          ; clk         ; 0.000        ; 1.518      ; 2.277      ;
; 0.589 ; clk_div:clk_div_t|cnt_5hz[15] ; clk_div:clk_div_t|cnt_5hz[15] ; clk          ; clk         ; 0.000        ; 0.070      ; 0.830      ;
; 0.590 ; clk_div:clk_div_t|cnt_5hz[4]  ; clk_div:clk_div_t|cnt_5hz[4]  ; clk          ; clk         ; 0.000        ; 0.071      ; 0.832      ;
; 0.591 ; clk_div:clk_div_t|cnt_1s[10]  ; clk_div:clk_div_t|cnt_1s[10]  ; clk          ; clk         ; 0.000        ; 0.070      ; 0.832      ;
; 0.591 ; clk_div:clk_div_t|cnt_1s[8]   ; clk_div:clk_div_t|cnt_1s[8]   ; clk          ; clk         ; 0.000        ; 0.070      ; 0.832      ;
; 0.591 ; clk_div:clk_div_t|cnt_5hz[16] ; clk_div:clk_div_t|cnt_5hz[16] ; clk          ; clk         ; 0.000        ; 0.070      ; 0.832      ;
; 0.591 ; clk_div:clk_div_t|cnt_5hz[13] ; clk_div:clk_div_t|cnt_5hz[13] ; clk          ; clk         ; 0.000        ; 0.070      ; 0.832      ;
; 0.592 ; clk_div:clk_div_t|cnt_5hz[5]  ; clk_div:clk_div_t|cnt_5hz[5]  ; clk          ; clk         ; 0.000        ; 0.071      ; 0.834      ;
; 0.593 ; clk_div:clk_div_t|cnt_1s[4]   ; clk_div:clk_div_t|cnt_1s[4]   ; clk          ; clk         ; 0.000        ; 0.070      ; 0.834      ;
; 0.597 ; clk_div:clk_div_t|cnt_5hz[12] ; clk_div:clk_div_t|clk_5hz     ; clk          ; clk         ; 0.000        ; 1.601      ; 2.369      ;
; 0.600 ; clk_div:clk_div_t|cnt_1s[23]  ; clk_div:clk_div_t|cnt_1s[23]  ; clk          ; clk         ; 0.000        ; 0.071      ; 0.842      ;
; 0.600 ; clk_div:clk_div_t|cnt_1s[17]  ; clk_div:clk_div_t|cnt_1s[17]  ; clk          ; clk         ; 0.000        ; 0.071      ; 0.842      ;
; 0.600 ; clk_div:clk_div_t|cnt_1s[15]  ; clk_div:clk_div_t|cnt_1s[15]  ; clk          ; clk         ; 0.000        ; 0.071      ; 0.842      ;
; 0.600 ; clk_div:clk_div_t|cnt_1s[1]   ; clk_div:clk_div_t|cnt_1s[1]   ; clk          ; clk         ; 0.000        ; 0.070      ; 0.841      ;
; 0.602 ; clk_div:clk_div_t|cnt_1s[2]   ; clk_div:clk_div_t|cnt_1s[2]   ; clk          ; clk         ; 0.000        ; 0.070      ; 0.843      ;
; 0.602 ; clk_div:clk_div_t|cnt_5hz[17] ; clk_div:clk_div_t|cnt_5hz[17] ; clk          ; clk         ; 0.000        ; 0.070      ; 0.843      ;
; 0.602 ; clk_div:clk_div_t|cnt_5hz[10] ; clk_div:clk_div_t|cnt_5hz[10] ; clk          ; clk         ; 0.000        ; 0.071      ; 0.844      ;
; 0.603 ; clk_div:clk_div_t|cnt_5hz[12] ; clk_div:clk_div_t|cnt_5hz[12] ; clk          ; clk         ; 0.000        ; 0.070      ; 0.844      ;
; 0.604 ; clk_div:clk_div_t|cnt_1s[5]   ; clk_div:clk_div_t|cnt_1s[5]   ; clk          ; clk         ; 0.000        ; 0.070      ; 0.845      ;
; 0.604 ; clk_div:clk_div_t|cnt_1s[3]   ; clk_div:clk_div_t|cnt_1s[3]   ; clk          ; clk         ; 0.000        ; 0.070      ; 0.845      ;
; 0.605 ; clk_div:clk_div_t|cnt_5hz[20] ; clk_div:clk_div_t|cnt_5hz[20] ; clk          ; clk         ; 0.000        ; 0.070      ; 0.846      ;
; 0.607 ; clk_div:clk_div_t|cnt_5hz[21] ; clk_div:clk_div_t|cnt_5hz[21] ; clk          ; clk         ; 0.000        ; 0.070      ; 0.848      ;
; 0.626 ; clk_div:clk_div_t|cnt_5hz[3]  ; clk_div:clk_div_t|cnt_5hz[6]  ; clk          ; clk         ; 0.000        ; 0.466      ; 1.263      ;
; 0.636 ; clk_div:clk_div_t|cnt_1s[9]   ; clk_div:clk_div_t|clk_1s      ; clk          ; clk         ; 0.000        ; 1.511      ; 2.318      ;
; 0.643 ; clk_div:clk_div_t|cnt_1s[5]   ; clk_div:clk_div_t|clk_1s      ; clk          ; clk         ; 0.000        ; 1.511      ; 2.325      ;
; 0.645 ; clk_div:clk_div_t|cnt_1s[0]   ; clk_div:clk_div_t|cnt_1s[0]   ; clk          ; clk         ; 0.000        ; 0.070      ; 0.886      ;
; 0.646 ; clk_div:clk_div_t|cnt_5hz[2]  ; clk_div:clk_div_t|cnt_5hz[6]  ; clk          ; clk         ; 0.000        ; 0.466      ; 1.283      ;
; 0.649 ; clk_div:clk_div_t|cnt_5hz[4]  ; clk_div:clk_div_t|cnt_5hz[6]  ; clk          ; clk         ; 0.000        ; 0.466      ; 1.286      ;
; 0.652 ; clk_div:clk_div_t|cnt_5hz[17] ; clk_div:clk_div_t|clk_5hz     ; clk          ; clk         ; 0.000        ; 1.601      ; 2.424      ;
; 0.657 ; clk_div:clk_div_t|cnt_1s[15]  ; clk_div:clk_div_t|clk_1s      ; clk          ; clk         ; 0.000        ; 1.518      ; 2.346      ;
; 0.664 ; clk_div:clk_div_t|cnt_1s[14]  ; clk_div:clk_div_t|clk_1s      ; clk          ; clk         ; 0.000        ; 1.518      ; 2.353      ;
; 0.667 ; clk_div:clk_div_t|cnt_1s[13]  ; clk_div:clk_div_t|clk_1s      ; clk          ; clk         ; 0.000        ; 1.518      ; 2.356      ;
; 0.697 ; clk_div:clk_div_t|cnt_5hz[14] ; clk_div:clk_div_t|clk_5hz     ; clk          ; clk         ; 0.000        ; 1.221      ; 2.089      ;
; 0.717 ; clk_div:clk_div_t|cnt_1s[18]  ; clk_div:clk_div_t|clk_1s      ; clk          ; clk         ; 0.000        ; 1.518      ; 2.406      ;
; 0.720 ; clk_div:clk_div_t|cnt_5hz[7]  ; clk_div:clk_div_t|cnt_5hz[6]  ; clk          ; clk         ; 0.000        ; 0.466      ; 1.357      ;
; 0.720 ; clk_div:clk_div_t|cnt_1s[16]  ; clk_div:clk_div_t|clk_1s      ; clk          ; clk         ; 0.000        ; 1.518      ; 2.409      ;
; 0.752 ; clk_div:clk_div_t|cnt_5hz[3]  ; clk_div:clk_div_t|cnt_5hz[3]  ; clk          ; clk         ; 0.000        ; 0.071      ; 0.994      ;
; 0.760 ; clk_div:clk_div_t|cnt_5hz[7]  ; clk_div:clk_div_t|cnt_5hz[7]  ; clk          ; clk         ; 0.000        ; 0.071      ; 1.002      ;
; 0.763 ; clk_div:clk_div_t|cnt_1s[17]  ; clk_div:clk_div_t|clk_1s      ; clk          ; clk         ; 0.000        ; 1.518      ; 2.452      ;
; 0.792 ; clk_div:clk_div_t|cnt_5hz[5]  ; clk_div:clk_div_t|cnt_5hz[6]  ; clk          ; clk         ; 0.000        ; 0.466      ; 1.429      ;
; 0.795 ; clk_div:clk_div_t|cnt_1s[20]  ; clk_div:clk_div_t|clk_1s      ; clk          ; clk         ; 0.000        ; 1.518      ; 2.484      ;
; 0.803 ; clk_div:clk_div_t|cnt_5hz[21] ; clk_div:clk_div_t|cnt_5hz[22] ; clk          ; clk         ; 0.000        ; 0.466      ; 1.440      ;
; 0.811 ; clk_div:clk_div_t|cnt_1s[7]   ; clk_div:clk_div_t|clk_1s      ; clk          ; clk         ; 0.000        ; 1.511      ; 2.493      ;
; 0.811 ; clk_div:clk_div_t|cnt_1s[8]   ; clk_div:clk_div_t|clk_1s      ; clk          ; clk         ; 0.000        ; 1.511      ; 2.493      ;
; 0.825 ; clk_div:clk_div_t|cnt_5hz[8]  ; clk_div:clk_div_t|cnt_5hz[6]  ; clk          ; clk         ; 0.000        ; 0.466      ; 1.462      ;
; 0.872 ; clk_div:clk_div_t|cnt_1s[9]   ; clk_div:clk_div_t|cnt_1s[10]  ; clk          ; clk         ; 0.000        ; 0.070      ; 1.113      ;
; 0.874 ; clk_div:clk_div_t|cnt_1s[7]   ; clk_div:clk_div_t|cnt_1s[8]   ; clk          ; clk         ; 0.000        ; 0.070      ; 1.115      ;
; 0.874 ; clk_div:clk_div_t|cnt_5hz[2]  ; clk_div:clk_div_t|cnt_5hz[3]  ; clk          ; clk         ; 0.000        ; 0.071      ; 1.116      ;
; 0.877 ; clk_div:clk_div_t|cnt_5hz[4]  ; clk_div:clk_div_t|cnt_5hz[5]  ; clk          ; clk         ; 0.000        ; 0.071      ; 1.119      ;
; 0.877 ; clk_div:clk_div_t|cnt_5hz[15] ; clk_div:clk_div_t|cnt_5hz[16] ; clk          ; clk         ; 0.000        ; 0.070      ; 1.118      ;
; 0.878 ; clk_div:clk_div_t|cnt_5hz[16] ; clk_div:clk_div_t|cnt_5hz[17] ; clk          ; clk         ; 0.000        ; 0.070      ; 1.119      ;
; 0.879 ; clk_div:clk_div_t|cnt_1s[8]   ; clk_div:clk_div_t|cnt_1s[9]   ; clk          ; clk         ; 0.000        ; 0.070      ; 1.120      ;
; 0.880 ; clk_div:clk_div_t|cnt_5hz[7]  ; clk_div:clk_div_t|cnt_5hz[9]  ; clk          ; clk         ; 0.000        ; 0.071      ; 1.122      ;
; 0.881 ; clk_div:clk_div_t|cnt_1s[4]   ; clk_div:clk_div_t|cnt_1s[5]   ; clk          ; clk         ; 0.000        ; 0.070      ; 1.122      ;
; 0.882 ; clk_div:clk_div_t|cnt_1s[6]   ; clk_div:clk_div_t|cnt_1s[7]   ; clk          ; clk         ; 0.000        ; 0.070      ; 1.123      ;
; 0.886 ; clk_div:clk_div_t|cnt_1s[1]   ; clk_div:clk_div_t|cnt_1s[2]   ; clk          ; clk         ; 0.000        ; 0.070      ; 1.127      ;
; 0.888 ; clk_div:clk_div_t|cnt_5hz[15] ; clk_div:clk_div_t|cnt_5hz[17] ; clk          ; clk         ; 0.000        ; 0.070      ; 1.129      ;
; 0.889 ; clk_div:clk_div_t|cnt_1s[22]  ; clk_div:clk_div_t|cnt_1s[23]  ; clk          ; clk         ; 0.000        ; 0.071      ; 1.131      ;
; 0.890 ; clk_div:clk_div_t|cnt_5hz[13] ; clk_div:clk_div_t|cnt_5hz[15] ; clk          ; clk         ; 0.000        ; 0.070      ; 1.131      ;
; 0.890 ; clk_div:clk_div_t|cnt_5hz[12] ; clk_div:clk_div_t|cnt_5hz[13] ; clk          ; clk         ; 0.000        ; 0.070      ; 1.131      ;
; 0.890 ; clk_div:clk_div_t|cnt_1s[2]   ; clk_div:clk_div_t|cnt_1s[3]   ; clk          ; clk         ; 0.000        ; 0.070      ; 1.131      ;
; 0.890 ; clk_div:clk_div_t|cnt_1s[8]   ; clk_div:clk_div_t|cnt_1s[10]  ; clk          ; clk         ; 0.000        ; 0.070      ; 1.131      ;
; 0.891 ; clk_div:clk_div_t|cnt_1s[3]   ; clk_div:clk_div_t|cnt_1s[4]   ; clk          ; clk         ; 0.000        ; 0.070      ; 1.132      ;
; 0.891 ; clk_div:clk_div_t|cnt_5hz[5]  ; clk_div:clk_div_t|cnt_5hz[7]  ; clk          ; clk         ; 0.000        ; 0.071      ; 1.133      ;
; 0.892 ; clk_div:clk_div_t|cnt_5hz[20] ; clk_div:clk_div_t|cnt_5hz[21] ; clk          ; clk         ; 0.000        ; 0.070      ; 1.133      ;
; 0.893 ; clk_div:clk_div_t|cnt_1s[6]   ; clk_div:clk_div_t|cnt_1s[8]   ; clk          ; clk         ; 0.000        ; 0.070      ; 1.134      ;
; 0.895 ; clk_div:clk_div_t|cnt_5hz[9]  ; clk_div:clk_div_t|cnt_5hz[10] ; clk          ; clk         ; 0.000        ; 0.071      ; 1.137      ;
; 0.898 ; clk_div:clk_div_t|cnt_5hz[6]  ; clk_div:clk_div_t|cnt_5hz[6]  ; clk          ; clk         ; 0.000        ; 0.086      ; 1.155      ;
; 0.899 ; clk_div:clk_div_t|cnt_5hz[20] ; clk_div:clk_div_t|cnt_5hz[22] ; clk          ; clk         ; 0.000        ; 0.466      ; 1.536      ;
; 0.900 ; clk_div:clk_div_t|cnt_5hz[9]  ; clk_div:clk_div_t|clk_5hz     ; clk          ; clk         ; 0.000        ; 1.595      ; 2.666      ;
; 0.901 ; clk_div:clk_div_t|cnt_1s[2]   ; clk_div:clk_div_t|cnt_1s[4]   ; clk          ; clk         ; 0.000        ; 0.070      ; 1.142      ;
; 0.907 ; clk_div:clk_div_t|cnt_5hz[22] ; clk_div:clk_div_t|cnt_5hz[22] ; clk          ; clk         ; 0.000        ; 0.086      ; 1.164      ;
; 0.911 ; clk_div:clk_div_t|cnt_5hz[8]  ; clk_div:clk_div_t|cnt_5hz[8]  ; clk          ; clk         ; 0.000        ; 0.071      ; 1.153      ;
; 0.912 ; clk_div:clk_div_t|cnt_1s[0]   ; clk_div:clk_div_t|cnt_1s[1]   ; clk          ; clk         ; 0.000        ; 0.070      ; 1.153      ;
; 0.917 ; clk_div:clk_div_t|cnt_5hz[11] ; clk_div:clk_div_t|clk_5hz     ; clk          ; clk         ; 0.000        ; 1.222      ; 2.310      ;
; 0.921 ; clk_div:clk_div_t|cnt_1s[22]  ; clk_div:clk_div_t|cnt_1s[22]  ; clk          ; clk         ; 0.000        ; 0.071      ; 1.163      ;
; 0.923 ; clk_div:clk_div_t|cnt_1s[0]   ; clk_div:clk_div_t|cnt_1s[2]   ; clk          ; clk         ; 0.000        ; 0.070      ; 1.164      ;
; 0.924 ; clk_div:clk_div_t|cnt_5hz[18] ; clk_div:clk_div_t|cnt_5hz[18] ; clk          ; clk         ; 0.000        ; 0.070      ; 1.165      ;
+-------+-------------------------------+-------------------------------+--------------+-------------+--------------+------------+------------+


----------------------------------------------
; Slow 1200mV 0C Model Metastability Summary ;
----------------------------------------------
No synchronizer chains to report.


+------------------------------------+
; Fast 1200mV 0C Model Setup Summary ;
+-------+--------+-------------------+
; Clock ; Slack  ; End Point TNS     ;
+-------+--------+-------------------+
; mode  ; -1.864 ; -46.220           ;
; clk   ; -0.898 ; -20.220           ;
+-------+--------+-------------------+


+-----------------------------------+
; Fast 1200mV 0C Model Hold Summary ;
+-------+--------+------------------+
; Clock ; Slack  ; End Point TNS    ;
+-------+--------+------------------+
; mode  ; -0.210 ; -1.113           ;
; clk   ; -0.078 ; -0.153           ;
+-------+--------+------------------+


-----------------------------------------
; Fast 1200mV 0C Model Recovery Summary ;
-----------------------------------------
No paths to report.


----------------------------------------
; Fast 1200mV 0C Model Removal Summary ;
----------------------------------------
No paths to report.


+--------------------------------------------------+
; Fast 1200mV 0C Model Minimum Pulse Width Summary ;
+-------+--------+---------------------------------+
; Clock ; Slack  ; End Point TNS                   ;
+-------+--------+---------------------------------+
; mode  ; -3.000 ; -54.462                         ;
; clk   ; -3.000 ; -53.941                         ;
+-------+--------+---------------------------------+


+-----------------------------------------------------------------------------------------------------------------------------------------------------------------------+
; Fast 1200mV 0C Model Setup: 'mode'                                                                                                                                    ;
+--------+-------------------------------------------+--------------------------------------------+--------------+-------------+--------------+------------+------------+
; Slack  ; From Node                                 ; To Node                                    ; Launch Clock ; Latch Clock ; Relationship ; Clock Skew ; Data Delay ;
+--------+-------------------------------------------+--------------------------------------------+--------------+-------------+--------------+------------+------------+
; -1.864 ; cnt_year:cnt_year_t|year[5]               ; cnt_year:cnt_year_t|year[0]                ; mode         ; mode        ; 1.000        ; -0.040     ; 2.811      ;
; -1.859 ; cnt_year:cnt_year_t|year[5]               ; cnt_year:cnt_year_t|year[3]                ; mode         ; mode        ; 1.000        ; -0.040     ; 2.806      ;
; -1.845 ; cnt_year:cnt_year_t|year[4]               ; cnt_year:cnt_year_t|year[0]                ; mode         ; mode        ; 1.000        ; -0.040     ; 2.792      ;
; -1.834 ; cnt_year:cnt_year_t|year[4]               ; cnt_year:cnt_year_t|year[3]                ; mode         ; mode        ; 1.000        ; -0.040     ; 2.781      ;
; -1.774 ; cnt_year:cnt_year_t|year[5]               ; cnt_year:cnt_year_t|year[4]                ; mode         ; mode        ; 1.000        ; -0.040     ; 2.721      ;
; -1.771 ; cnt_year:cnt_year_t|year[0]               ; cnt_year:cnt_year_t|year[0]                ; mode         ; mode        ; 1.000        ; -0.040     ; 2.718      ;
; -1.753 ; cnt_year:cnt_year_t|year[0]               ; cnt_year:cnt_year_t|year[3]                ; mode         ; mode        ; 1.000        ; -0.040     ; 2.700      ;
; -1.749 ; cnt_year:cnt_year_t|year[4]               ; cnt_year:cnt_year_t|year[4]                ; mode         ; mode        ; 1.000        ; -0.040     ; 2.696      ;
; -1.746 ; cnt_60s:cnt_60s_t|second[0]               ; cnt_60s:cnt_60s_t|inc_m                    ; mode         ; mode        ; 1.000        ; -2.016     ; 0.717      ;
; -1.734 ; cnt_60s:cnt_60s_t|second[5]               ; cnt_60s:cnt_60s_t|inc_m                    ; mode         ; mode        ; 1.000        ; -2.016     ; 0.705      ;
; -1.701 ; cnt_year:cnt_year_t|year[6]               ; cnt_year:cnt_year_t|year[0]                ; mode         ; mode        ; 1.000        ; -0.040     ; 2.648      ;
; -1.693 ; cnt_year:cnt_year_t|year[6]               ; cnt_year:cnt_year_t|year[3]                ; mode         ; mode        ; 1.000        ; -0.040     ; 2.640      ;
; -1.674 ; cnt_60s:cnt_60s_t|second[4]               ; cnt_60s:cnt_60s_t|inc_m                    ; mode         ; mode        ; 1.000        ; -2.016     ; 0.645      ;
; -1.668 ; cnt_year:cnt_year_t|year[0]               ; cnt_year:cnt_year_t|year[4]                ; mode         ; mode        ; 1.000        ; -0.040     ; 2.615      ;
; -1.664 ; cnt_12m:cnt_12m_t|month[3]                ; cnt_12m:cnt_12m_t|month[2]                 ; mode         ; mode        ; 1.000        ; -0.040     ; 2.611      ;
; -1.664 ; cnt_12m:cnt_12m_t|month[3]                ; cnt_12m:cnt_12m_t|month[1]                 ; mode         ; mode        ; 1.000        ; -0.040     ; 2.611      ;
; -1.664 ; cnt_12m:cnt_12m_t|month[3]                ; cnt_12m:cnt_12m_t|month[3]                 ; mode         ; mode        ; 1.000        ; -0.040     ; 2.611      ;
; -1.646 ; cnt_year:cnt_year_t|year[1]               ; cnt_year:cnt_year_t|year[4]                ; mode         ; mode        ; 1.000        ; -0.040     ; 2.593      ;
; -1.615 ; cnt_year:cnt_year_t|year[1]               ; cnt_year:cnt_year_t|year[3]                ; mode         ; mode        ; 1.000        ; -0.040     ; 2.562      ;
; -1.608 ; cnt_year:cnt_year_t|year[6]               ; cnt_year:cnt_year_t|year[4]                ; mode         ; mode        ; 1.000        ; -0.040     ; 2.555      ;
; -1.599 ; cnt_60s:cnt_60s_t|second[3]               ; cnt_60s:cnt_60s_t|inc_m                    ; mode         ; mode        ; 1.000        ; -2.016     ; 0.570      ;
; -1.591 ; cnt_12m:cnt_12m_t|month[2]                ; cnt_12m:cnt_12m_t|month[2]                 ; mode         ; mode        ; 1.000        ; -0.040     ; 2.538      ;
; -1.591 ; cnt_12m:cnt_12m_t|month[2]                ; cnt_12m:cnt_12m_t|month[1]                 ; mode         ; mode        ; 1.000        ; -0.040     ; 2.538      ;
; -1.591 ; cnt_12m:cnt_12m_t|month[2]                ; cnt_12m:cnt_12m_t|month[3]                 ; mode         ; mode        ; 1.000        ; -0.040     ; 2.538      ;
; -1.584 ; cnt_year:cnt_year_t|year[3]               ; cnt_year:cnt_year_t|year[4]                ; mode         ; mode        ; 1.000        ; -0.040     ; 2.531      ;
; -1.562 ; cnt_60s:cnt_60s_t|second[2]               ; cnt_60s:cnt_60s_t|inc_m                    ; mode         ; mode        ; 1.000        ; -2.016     ; 0.533      ;
; -1.546 ; cnt_year:cnt_year_t|year[2]               ; cnt_year:cnt_year_t|year[3]                ; mode         ; mode        ; 1.000        ; -0.040     ; 2.493      ;
; -1.545 ; cnt_year:cnt_year_t|year[2]               ; cnt_year:cnt_year_t|year[4]                ; mode         ; mode        ; 1.000        ; -0.040     ; 2.492      ;
; -1.543 ; cnt_12m:cnt_12m_t|month[0]                ; cnt_12m:cnt_12m_t|month[2]                 ; mode         ; mode        ; 1.000        ; -0.040     ; 2.490      ;
; -1.543 ; cnt_12m:cnt_12m_t|month[0]                ; cnt_12m:cnt_12m_t|month[1]                 ; mode         ; mode        ; 1.000        ; -0.040     ; 2.490      ;
; -1.543 ; cnt_12m:cnt_12m_t|month[0]                ; cnt_12m:cnt_12m_t|month[3]                 ; mode         ; mode        ; 1.000        ; -0.040     ; 2.490      ;
; -1.542 ; cnt_60s:cnt_60s_t|second[0]               ; cnt_60s:cnt_60s_t|second[4]                ; mode         ; mode        ; 1.000        ; -0.040     ; 2.489      ;
; -1.539 ; cnt_60s:cnt_60s_t|second[0]               ; cnt_60s:cnt_60s_t|second[2]                ; mode         ; mode        ; 1.000        ; -0.040     ; 2.486      ;
; -1.539 ; cnt_60s:cnt_60s_t|second[0]               ; cnt_60s:cnt_60s_t|second[5]                ; mode         ; mode        ; 1.000        ; -0.040     ; 2.486      ;
; -1.537 ; cnt_60s:cnt_60s_t|second[1]               ; cnt_60s:cnt_60s_t|inc_m                    ; mode         ; mode        ; 1.000        ; -2.016     ; 0.508      ;
; -1.531 ; cnt_60s:cnt_60s_t|second[0]               ; cnt_60s:cnt_60s_t|second[3]                ; mode         ; mode        ; 1.000        ; -0.040     ; 2.478      ;
; -1.530 ; cnt_60s:cnt_60s_t|second[5]               ; cnt_60s:cnt_60s_t|second[4]                ; mode         ; mode        ; 1.000        ; -0.040     ; 2.477      ;
; -1.527 ; cnt_60s:cnt_60s_t|second[5]               ; cnt_60s:cnt_60s_t|second[2]                ; mode         ; mode        ; 1.000        ; -0.040     ; 2.474      ;
; -1.527 ; cnt_60s:cnt_60s_t|second[5]               ; cnt_60s:cnt_60s_t|second[5]                ; mode         ; mode        ; 1.000        ; -0.040     ; 2.474      ;
; -1.519 ; cnt_60s:cnt_60s_t|second[5]               ; cnt_60s:cnt_60s_t|second[3]                ; mode         ; mode        ; 1.000        ; -0.040     ; 2.466      ;
; -1.470 ; cnt_60s:cnt_60s_t|second[4]               ; cnt_60s:cnt_60s_t|second[4]                ; mode         ; mode        ; 1.000        ; -0.040     ; 2.417      ;
; -1.467 ; cnt_60s:cnt_60s_t|second[4]               ; cnt_60s:cnt_60s_t|second[2]                ; mode         ; mode        ; 1.000        ; -0.040     ; 2.414      ;
; -1.467 ; cnt_60s:cnt_60s_t|second[4]               ; cnt_60s:cnt_60s_t|second[5]                ; mode         ; mode        ; 1.000        ; -0.040     ; 2.414      ;
; -1.459 ; cnt_12m:cnt_12m_t|month[1]                ; cnt_12m:cnt_12m_t|month[2]                 ; mode         ; mode        ; 1.000        ; -0.040     ; 2.406      ;
; -1.459 ; cnt_12m:cnt_12m_t|month[1]                ; cnt_12m:cnt_12m_t|month[1]                 ; mode         ; mode        ; 1.000        ; -0.040     ; 2.406      ;
; -1.459 ; cnt_12m:cnt_12m_t|month[1]                ; cnt_12m:cnt_12m_t|month[3]                 ; mode         ; mode        ; 1.000        ; -0.040     ; 2.406      ;
; -1.459 ; cnt_60s:cnt_60s_t|second[4]               ; cnt_60s:cnt_60s_t|second[3]                ; mode         ; mode        ; 1.000        ; -0.040     ; 2.406      ;
; -1.440 ; cnt_year:cnt_year_t|year[1]               ; cnt_year:cnt_year_t|year[0]                ; mode         ; mode        ; 1.000        ; -0.040     ; 2.387      ;
; -1.421 ; cnt_year:cnt_year_t|year[3]               ; cnt_year:cnt_year_t|year[3]                ; mode         ; mode        ; 1.000        ; -0.040     ; 2.368      ;
; -1.415 ; mode                                      ; cnt_60s:cnt_60s_t|second[0]                ; mode         ; mode        ; 0.500        ; 3.530      ; 5.432      ;
; -1.412 ; mode                                      ; cnt_60s:cnt_60s_t|second[1]                ; mode         ; mode        ; 0.500        ; 3.530      ; 5.429      ;
; -1.401 ; cnt_12m:cnt_12m_t|month[0]                ; cnt_12m:cnt_12m_t|month[0]                 ; mode         ; mode        ; 1.000        ; -0.040     ; 2.348      ;
; -1.395 ; cnt_60s:cnt_60s_t|second[3]               ; cnt_60s:cnt_60s_t|second[4]                ; mode         ; mode        ; 1.000        ; -0.040     ; 2.342      ;
; -1.392 ; cnt_60s:cnt_60s_t|second[3]               ; cnt_60s:cnt_60s_t|second[2]                ; mode         ; mode        ; 1.000        ; -0.040     ; 2.339      ;
; -1.392 ; cnt_60s:cnt_60s_t|second[3]               ; cnt_60s:cnt_60s_t|second[5]                ; mode         ; mode        ; 1.000        ; -0.040     ; 2.339      ;
; -1.384 ; cnt_60s:cnt_60s_t|second[3]               ; cnt_60s:cnt_60s_t|second[3]                ; mode         ; mode        ; 1.000        ; -0.040     ; 2.331      ;
; -1.368 ; cnt_year:cnt_year_t|year[3]               ; cnt_year:cnt_year_t|year[0]                ; mode         ; mode        ; 1.000        ; -0.040     ; 2.315      ;
; -1.354 ; cnt_year:cnt_year_t|year[2]               ; cnt_year:cnt_year_t|year[0]                ; mode         ; mode        ; 1.000        ; -0.040     ; 2.301      ;
; -1.325 ; mode                                      ; cnt_60p:cnt_60p_t|minute[1]                ; mode         ; mode        ; 0.500        ; 3.091      ; 4.903      ;
; -1.324 ; mode                                      ; cnt_60p:cnt_60p_t|minute[0]                ; mode         ; mode        ; 0.500        ; 3.091      ; 4.902      ;
; -1.306 ; cnt_60p:cnt_60p_t|minute[4]               ; cnt_60p:cnt_60p_t|inc_h                    ; mode         ; mode        ; 1.000        ; -1.581     ; 0.712      ;
; -1.298 ; cnt_60p:cnt_60p_t|minute[5]               ; cnt_60p:cnt_60p_t|inc_h                    ; mode         ; mode        ; 1.000        ; -1.581     ; 0.704      ;
; -1.280 ; day_top:day_top_t|cnt_day:cnt_day1|day[0] ; day_top:day_top_t|cnt_day:cnt_day1|day[0]  ; mode         ; mode        ; 1.000        ; -0.041     ; 2.226      ;
; -1.266 ; mode                                      ; cnt_12m:cnt_12m_t|month[2]                 ; mode         ; mode        ; 0.500        ; 3.052      ; 4.805      ;
; -1.266 ; mode                                      ; cnt_12m:cnt_12m_t|month[1]                 ; mode         ; mode        ; 0.500        ; 3.052      ; 4.805      ;
; -1.266 ; mode                                      ; cnt_12m:cnt_12m_t|month[3]                 ; mode         ; mode        ; 0.500        ; 3.052      ; 4.805      ;
; -1.258 ; cnt_12m:cnt_12m_t|month[0]                ; cnt_12m:cnt_12m_t|inc_y                    ; mode         ; mode        ; 1.000        ; -1.604     ; 0.641      ;
; -1.248 ; cnt_60p:cnt_60p_t|minute[0]               ; cnt_60p:cnt_60p_t|inc_h                    ; mode         ; mode        ; 1.000        ; -1.581     ; 0.654      ;
; -1.237 ; cnt_12m:cnt_12m_t|month[1]                ; cnt_12m:cnt_12m_t|inc_y                    ; mode         ; mode        ; 1.000        ; -1.604     ; 0.620      ;
; -1.235 ; cnt_12m:cnt_12m_t|month[2]                ; cnt_12m:cnt_12m_t|inc_y                    ; mode         ; mode        ; 1.000        ; -1.604     ; 0.618      ;
; -1.234 ; mode                                      ; cnt_24h:cnt_24h_t|hour[1]                  ; mode         ; mode        ; 0.500        ; 3.148      ; 4.869      ;
; -1.226 ; cnt_60p:cnt_60p_t|minute[2]               ; cnt_60p:cnt_60p_t|inc_h                    ; mode         ; mode        ; 1.000        ; -1.580     ; 0.633      ;
; -1.218 ; cnt_24h:cnt_24h_t|hour[3]                 ; cnt_24h:cnt_24h_t|inc_d                    ; mode         ; mode        ; 1.000        ; -1.426     ; 0.779      ;
; -1.216 ; mode                                      ; cnt_24h:cnt_24h_t|hour[0]                  ; mode         ; mode        ; 0.500        ; 3.148      ; 4.851      ;
; -1.214 ; mode                                      ; cnt_24h:cnt_24h_t|hour[2]                  ; mode         ; mode        ; 0.500        ; 3.148      ; 4.849      ;
; -1.186 ; cnt_12m:cnt_12m_t|month[3]                ; cnt_12m:cnt_12m_t|inc_y                    ; mode         ; mode        ; 1.000        ; -1.604     ; 0.569      ;
; -1.170 ; day_top:day_top_t|cnt_day:cnt_day1|day[3] ; day_top:day_top_t|cnt_day:cnt_day1|day[0]  ; mode         ; mode        ; 1.000        ; -0.041     ; 2.116      ;
; -1.167 ; mode                                      ; cnt_year:cnt_year_t|year[3]                ; mode         ; mode        ; 0.500        ; 3.123      ; 4.777      ;
; -1.157 ; mode                                      ; cnt_year:cnt_year_t|year[0]                ; mode         ; mode        ; 0.500        ; 3.123      ; 4.767      ;
; -1.156 ; cnt_60p:cnt_60p_t|minute[3]               ; cnt_60p:cnt_60p_t|inc_h                    ; mode         ; mode        ; 1.000        ; -1.581     ; 0.562      ;
; -1.148 ; mode                                      ; cnt_year:cnt_year_t|year[4]                ; mode         ; mode        ; 0.500        ; 3.123      ; 4.758      ;
; -1.144 ; cnt_24h:cnt_24h_t|hour[2]                 ; cnt_24h:cnt_24h_t|inc_d                    ; mode         ; mode        ; 1.000        ; -1.426     ; 0.705      ;
; -1.121 ; cnt_60p:cnt_60p_t|minute[1]               ; cnt_60p:cnt_60p_t|inc_h                    ; mode         ; mode        ; 1.000        ; -1.581     ; 0.527      ;
; -1.119 ; day_top:day_top_t|cnt_day:cnt_day1|day[4] ; day_top:day_top_t|cnt_day:cnt_day1|day[0]  ; mode         ; mode        ; 1.000        ; -0.041     ; 2.065      ;
; -1.097 ; cnt_24h:cnt_24h_t|hour[0]                 ; cnt_24h:cnt_24h_t|inc_d                    ; mode         ; mode        ; 1.000        ; -1.426     ; 0.658      ;
; -1.081 ; day_top:day_top_t|cnt_day:cnt_day1|day[2] ; day_top:day_top_t|cnt_day:cnt_day1|day[0]  ; mode         ; mode        ; 1.000        ; -0.041     ; 2.027      ;
; -1.078 ; day_top:day_top_t|cnt_day:cnt_day1|day[2] ; day_top:day_top_t|cnt_day:cnt_day1|inc_mon ; mode         ; mode        ; 1.000        ; -1.329     ; 0.736      ;
; -1.078 ; day_top:day_top_t|cnt_day:cnt_day1|day[1] ; day_top:day_top_t|cnt_day:cnt_day1|day[0]  ; mode         ; mode        ; 1.000        ; -0.041     ; 2.024      ;
; -1.077 ; day_top:day_top_t|cnt_day:cnt_day1|day[4] ; day_top:day_top_t|cnt_day:cnt_day1|inc_mon ; mode         ; mode        ; 1.000        ; -1.329     ; 0.735      ;
; -1.035 ; mode                                      ; cnt_12m:cnt_12m_t|month[0]                 ; mode         ; mode        ; 0.500        ; 3.052      ; 4.574      ;
; -1.008 ; cnt_24h:cnt_24h_t|hour[4]                 ; cnt_24h:cnt_24h_t|inc_d                    ; mode         ; mode        ; 1.000        ; -1.426     ; 0.569      ;
; -1.002 ; day_top:day_top_t|cnt_day:cnt_day1|day[3] ; day_top:day_top_t|cnt_day:cnt_day1|inc_mon ; mode         ; mode        ; 1.000        ; -1.329     ; 0.660      ;
; -1.001 ; cnt_24h:cnt_24h_t|hour[4]                 ; cnt_24h:cnt_24h_t|hour[3]                  ; mode         ; mode        ; 1.000        ; -0.041     ; 1.947      ;
; -0.994 ; day_top:day_top_t|cnt_day:cnt_day1|day[0] ; day_top:day_top_t|cnt_day:cnt_day1|inc_mon ; mode         ; mode        ; 1.000        ; -1.329     ; 0.652      ;
; -0.983 ; cnt_24h:cnt_24h_t|hour[1]                 ; cnt_24h:cnt_24h_t|inc_d                    ; mode         ; mode        ; 1.000        ; -1.426     ; 0.544      ;
; -0.911 ; cnt_24h:cnt_24h_t|hour[3]                 ; cnt_24h:cnt_24h_t|hour[3]                  ; mode         ; mode        ; 1.000        ; -0.041     ; 1.857      ;
; -0.910 ; cnt_60s:cnt_60s_t|second[1]               ; cnt_60s:cnt_60s_t|second[4]                ; mode         ; mode        ; 1.000        ; -0.040     ; 1.857      ;
; -0.907 ; cnt_60s:cnt_60s_t|second[1]               ; cnt_60s:cnt_60s_t|second[2]                ; mode         ; mode        ; 1.000        ; -0.040     ; 1.854      ;
; -0.907 ; cnt_60s:cnt_60s_t|second[1]               ; cnt_60s:cnt_60s_t|second[5]                ; mode         ; mode        ; 1.000        ; -0.040     ; 1.854      ;
; -0.899 ; cnt_60s:cnt_60s_t|second[1]               ; cnt_60s:cnt_60s_t|second[3]                ; mode         ; mode        ; 1.000        ; -0.040     ; 1.846      ;
+--------+-------------------------------------------+--------------------------------------------+--------------+-------------+--------------+------------+------------+


+----------------------------------------------------------------------------------------------------------------------------------------------+
; Fast 1200mV 0C Model Setup: 'clk'                                                                                                            ;
+--------+-------------------------------+-------------------------------+--------------+-------------+--------------+------------+------------+
; Slack  ; From Node                     ; To Node                       ; Launch Clock ; Latch Clock ; Relationship ; Clock Skew ; Data Delay ;
+--------+-------------------------------+-------------------------------+--------------+-------------+--------------+------------+------------+
; -0.898 ; clk_div:clk_div_t|cnt_1s[1]   ; clk_div:clk_div_t|cnt_1s[22]  ; clk          ; clk         ; 1.000        ; -0.047     ; 1.838      ;
; -0.885 ; clk_div:clk_div_t|cnt_1s[1]   ; clk_div:clk_div_t|cnt_1s[6]   ; clk          ; clk         ; 1.000        ; -0.040     ; 1.832      ;
; -0.885 ; clk_div:clk_div_t|cnt_1s[1]   ; clk_div:clk_div_t|cnt_1s[11]  ; clk          ; clk         ; 1.000        ; -0.040     ; 1.832      ;
; -0.861 ; clk_div:clk_div_t|cnt_1s[21]  ; clk_div:clk_div_t|cnt_1s[22]  ; clk          ; clk         ; 1.000        ; -0.243     ; 1.605      ;
; -0.848 ; clk_div:clk_div_t|cnt_1s[0]   ; clk_div:clk_div_t|cnt_1s[22]  ; clk          ; clk         ; 1.000        ; -0.047     ; 1.788      ;
; -0.848 ; clk_div:clk_div_t|cnt_1s[21]  ; clk_div:clk_div_t|cnt_1s[6]   ; clk          ; clk         ; 1.000        ; -0.236     ; 1.599      ;
; -0.848 ; clk_div:clk_div_t|cnt_1s[21]  ; clk_div:clk_div_t|cnt_1s[11]  ; clk          ; clk         ; 1.000        ; -0.236     ; 1.599      ;
; -0.842 ; clk_div:clk_div_t|cnt_1s[1]   ; clk_div:clk_div_t|cnt_1s[20]  ; clk          ; clk         ; 1.000        ; -0.047     ; 1.782      ;
; -0.835 ; clk_div:clk_div_t|cnt_1s[0]   ; clk_div:clk_div_t|cnt_1s[6]   ; clk          ; clk         ; 1.000        ; -0.040     ; 1.782      ;
; -0.835 ; clk_div:clk_div_t|cnt_1s[0]   ; clk_div:clk_div_t|cnt_1s[11]  ; clk          ; clk         ; 1.000        ; -0.040     ; 1.782      ;
; -0.822 ; clk_div:clk_div_t|cnt_1s[1]   ; clk_div:clk_div_t|cnt_1s[14]  ; clk          ; clk         ; 1.000        ; -0.047     ; 1.762      ;
; -0.818 ; clk_div:clk_div_t|cnt_1s[1]   ; clk_div:clk_div_t|cnt_1s[13]  ; clk          ; clk         ; 1.000        ; -0.047     ; 1.758      ;
; -0.809 ; clk_div:clk_div_t|cnt_1s[0]   ; clk_div:clk_div_t|cnt_1s[20]  ; clk          ; clk         ; 1.000        ; -0.047     ; 1.749      ;
; -0.785 ; clk_div:clk_div_t|cnt_1s[0]   ; clk_div:clk_div_t|cnt_1s[19]  ; clk          ; clk         ; 1.000        ; -0.047     ; 1.725      ;
; -0.785 ; clk_div:clk_div_t|cnt_1s[21]  ; clk_div:clk_div_t|cnt_1s[14]  ; clk          ; clk         ; 1.000        ; -0.243     ; 1.529      ;
; -0.783 ; clk_div:clk_div_t|cnt_1s[1]   ; clk_div:clk_div_t|cnt_1s[19]  ; clk          ; clk         ; 1.000        ; -0.047     ; 1.723      ;
; -0.781 ; clk_div:clk_div_t|cnt_1s[21]  ; clk_div:clk_div_t|cnt_1s[13]  ; clk          ; clk         ; 1.000        ; -0.243     ; 1.525      ;
; -0.778 ; clk_div:clk_div_t|cnt_1s[1]   ; clk_div:clk_div_t|cnt_1s[18]  ; clk          ; clk         ; 1.000        ; -0.047     ; 1.718      ;
; -0.778 ; clk_div:clk_div_t|cnt_1s[3]   ; clk_div:clk_div_t|cnt_1s[20]  ; clk          ; clk         ; 1.000        ; -0.047     ; 1.718      ;
; -0.772 ; clk_div:clk_div_t|cnt_1s[0]   ; clk_div:clk_div_t|cnt_1s[14]  ; clk          ; clk         ; 1.000        ; -0.047     ; 1.712      ;
; -0.768 ; clk_div:clk_div_t|cnt_1s[0]   ; clk_div:clk_div_t|cnt_1s[13]  ; clk          ; clk         ; 1.000        ; -0.047     ; 1.708      ;
; -0.745 ; clk_div:clk_div_t|cnt_1s[0]   ; clk_div:clk_div_t|cnt_1s[18]  ; clk          ; clk         ; 1.000        ; -0.047     ; 1.685      ;
; -0.729 ; clk_div:clk_div_t|cnt_1s[2]   ; clk_div:clk_div_t|cnt_1s[20]  ; clk          ; clk         ; 1.000        ; -0.047     ; 1.669      ;
; -0.723 ; clk_div:clk_div_t|cnt_5hz[22] ; clk_div:clk_div_t|cnt_5hz[8]  ; clk          ; clk         ; 1.000        ; -0.236     ; 1.474      ;
; -0.723 ; clk_div:clk_div_t|cnt_5hz[22] ; clk_div:clk_div_t|cnt_5hz[9]  ; clk          ; clk         ; 1.000        ; -0.236     ; 1.474      ;
; -0.723 ; clk_div:clk_div_t|cnt_1s[22]  ; clk_div:clk_div_t|cnt_1s[22]  ; clk          ; clk         ; 1.000        ; -0.040     ; 1.670      ;
; -0.720 ; clk_div:clk_div_t|cnt_1s[24]  ; clk_div:clk_div_t|cnt_1s[22]  ; clk          ; clk         ; 1.000        ; -0.243     ; 1.464      ;
; -0.719 ; clk_div:clk_div_t|cnt_1s[3]   ; clk_div:clk_div_t|cnt_1s[19]  ; clk          ; clk         ; 1.000        ; -0.047     ; 1.659      ;
; -0.718 ; clk_div:clk_div_t|cnt_1s[0]   ; clk_div:clk_div_t|cnt_5hz[18] ; clk          ; clk         ; 1.000        ; -0.046     ; 1.659      ;
; -0.717 ; clk_div:clk_div_t|cnt_1s[21]  ; clk_div:clk_div_t|cnt_1s[20]  ; clk          ; clk         ; 1.000        ; -0.243     ; 1.461      ;
; -0.714 ; clk_div:clk_div_t|cnt_1s[3]   ; clk_div:clk_div_t|cnt_1s[18]  ; clk          ; clk         ; 1.000        ; -0.047     ; 1.654      ;
; -0.714 ; clk_div:clk_div_t|cnt_1s[1]   ; clk_div:clk_div_t|cnt_5hz[18] ; clk          ; clk         ; 1.000        ; -0.046     ; 1.655      ;
; -0.711 ; clk_div:clk_div_t|cnt_1s[1]   ; clk_div:clk_div_t|cnt_1s[16]  ; clk          ; clk         ; 1.000        ; -0.047     ; 1.651      ;
; -0.710 ; clk_div:clk_div_t|cnt_1s[22]  ; clk_div:clk_div_t|cnt_1s[6]   ; clk          ; clk         ; 1.000        ; -0.033     ; 1.664      ;
; -0.710 ; clk_div:clk_div_t|cnt_1s[22]  ; clk_div:clk_div_t|cnt_1s[11]  ; clk          ; clk         ; 1.000        ; -0.033     ; 1.664      ;
; -0.710 ; clk_div:clk_div_t|cnt_1s[5]   ; clk_div:clk_div_t|cnt_1s[20]  ; clk          ; clk         ; 1.000        ; -0.047     ; 1.650      ;
; -0.707 ; clk_div:clk_div_t|cnt_1s[24]  ; clk_div:clk_div_t|cnt_1s[6]   ; clk          ; clk         ; 1.000        ; -0.236     ; 1.458      ;
; -0.707 ; clk_div:clk_div_t|cnt_1s[24]  ; clk_div:clk_div_t|cnt_1s[11]  ; clk          ; clk         ; 1.000        ; -0.236     ; 1.458      ;
; -0.706 ; clk_div:clk_div_t|cnt_1s[1]   ; clk_div:clk_div_t|cnt_1s[24]  ; clk          ; clk         ; 1.000        ; 0.148      ; 1.841      ;
; -0.705 ; clk_div:clk_div_t|cnt_1s[2]   ; clk_div:clk_div_t|cnt_1s[19]  ; clk          ; clk         ; 1.000        ; -0.047     ; 1.645      ;
; -0.704 ; clk_div:clk_div_t|cnt_1s[11]  ; clk_div:clk_div_t|cnt_1s[22]  ; clk          ; clk         ; 1.000        ; -0.047     ; 1.644      ;
; -0.691 ; clk_div:clk_div_t|cnt_1s[11]  ; clk_div:clk_div_t|cnt_1s[6]   ; clk          ; clk         ; 1.000        ; -0.040     ; 1.638      ;
; -0.691 ; clk_div:clk_div_t|cnt_1s[11]  ; clk_div:clk_div_t|cnt_1s[11]  ; clk          ; clk         ; 1.000        ; -0.040     ; 1.638      ;
; -0.690 ; clk_div:clk_div_t|cnt_1s[1]   ; clk_div:clk_div_t|cnt_5hz[8]  ; clk          ; clk         ; 1.000        ; -0.039     ; 1.638      ;
; -0.690 ; clk_div:clk_div_t|cnt_1s[1]   ; clk_div:clk_div_t|cnt_5hz[9]  ; clk          ; clk         ; 1.000        ; -0.039     ; 1.638      ;
; -0.680 ; clk_div:clk_div_t|cnt_1s[1]   ; clk_div:clk_div_t|cnt_1s[12]  ; clk          ; clk         ; 1.000        ; -0.047     ; 1.620      ;
; -0.678 ; clk_div:clk_div_t|cnt_1s[3]   ; clk_div:clk_div_t|cnt_1s[22]  ; clk          ; clk         ; 1.000        ; -0.047     ; 1.618      ;
; -0.678 ; clk_div:clk_div_t|cnt_1s[0]   ; clk_div:clk_div_t|cnt_1s[16]  ; clk          ; clk         ; 1.000        ; -0.047     ; 1.618      ;
; -0.676 ; clk_div:clk_div_t|cnt_1s[23]  ; clk_div:clk_div_t|cnt_1s[22]  ; clk          ; clk         ; 1.000        ; -0.040     ; 1.623      ;
; -0.673 ; clk_div:clk_div_t|cnt_1s[0]   ; clk_div:clk_div_t|cnt_1s[24]  ; clk          ; clk         ; 1.000        ; 0.148      ; 1.808      ;
; -0.665 ; clk_div:clk_div_t|cnt_1s[2]   ; clk_div:clk_div_t|cnt_1s[18]  ; clk          ; clk         ; 1.000        ; -0.047     ; 1.605      ;
; -0.663 ; clk_div:clk_div_t|cnt_1s[23]  ; clk_div:clk_div_t|cnt_1s[6]   ; clk          ; clk         ; 1.000        ; -0.033     ; 1.617      ;
; -0.663 ; clk_div:clk_div_t|cnt_1s[23]  ; clk_div:clk_div_t|cnt_1s[11]  ; clk          ; clk         ; 1.000        ; -0.033     ; 1.617      ;
; -0.658 ; clk_div:clk_div_t|cnt_1s[0]   ; clk_div:clk_div_t|cnt_5hz[21] ; clk          ; clk         ; 1.000        ; -0.046     ; 1.599      ;
; -0.657 ; clk_div:clk_div_t|cnt_1s[4]   ; clk_div:clk_div_t|cnt_1s[20]  ; clk          ; clk         ; 1.000        ; -0.047     ; 1.597      ;
; -0.656 ; clk_div:clk_div_t|cnt_1s[0]   ; clk_div:clk_div_t|cnt_5hz[22] ; clk          ; clk         ; 1.000        ; 0.149      ; 1.792      ;
; -0.653 ; clk_div:clk_div_t|cnt_1s[0]   ; clk_div:clk_div_t|cnt_1s[21]  ; clk          ; clk         ; 1.000        ; 0.148      ; 1.788      ;
; -0.652 ; clk_div:clk_div_t|cnt_1s[1]   ; clk_div:clk_div_t|cnt_5hz[21] ; clk          ; clk         ; 1.000        ; -0.046     ; 1.593      ;
; -0.652 ; clk_div:clk_div_t|cnt_1s[1]   ; clk_div:clk_div_t|cnt_5hz[22] ; clk          ; clk         ; 1.000        ; 0.149      ; 1.788      ;
; -0.651 ; clk_div:clk_div_t|cnt_1s[5]   ; clk_div:clk_div_t|cnt_1s[19]  ; clk          ; clk         ; 1.000        ; -0.047     ; 1.591      ;
; -0.651 ; clk_div:clk_div_t|cnt_1s[1]   ; clk_div:clk_div_t|cnt_1s[21]  ; clk          ; clk         ; 1.000        ; 0.148      ; 1.786      ;
; -0.647 ; clk_div:clk_div_t|cnt_1s[22]  ; clk_div:clk_div_t|cnt_1s[14]  ; clk          ; clk         ; 1.000        ; -0.040     ; 1.594      ;
; -0.647 ; clk_div:clk_div_t|cnt_1s[3]   ; clk_div:clk_div_t|cnt_1s[16]  ; clk          ; clk         ; 1.000        ; -0.047     ; 1.587      ;
; -0.646 ; clk_div:clk_div_t|cnt_1s[5]   ; clk_div:clk_div_t|cnt_1s[18]  ; clk          ; clk         ; 1.000        ; -0.047     ; 1.586      ;
; -0.646 ; clk_div:clk_div_t|cnt_1s[21]  ; clk_div:clk_div_t|cnt_1s[24]  ; clk          ; clk         ; 1.000        ; -0.048     ; 1.585      ;
; -0.645 ; clk_div:clk_div_t|cnt_1s[21]  ; clk_div:clk_div_t|cnt_1s[19]  ; clk          ; clk         ; 1.000        ; -0.243     ; 1.389      ;
; -0.644 ; clk_div:clk_div_t|cnt_1s[24]  ; clk_div:clk_div_t|cnt_1s[14]  ; clk          ; clk         ; 1.000        ; -0.243     ; 1.388      ;
; -0.643 ; clk_div:clk_div_t|cnt_1s[22]  ; clk_div:clk_div_t|cnt_1s[13]  ; clk          ; clk         ; 1.000        ; -0.040     ; 1.590      ;
; -0.643 ; clk_div:clk_div_t|cnt_1s[21]  ; clk_div:clk_div_t|cnt_1s[12]  ; clk          ; clk         ; 1.000        ; -0.243     ; 1.387      ;
; -0.642 ; clk_div:clk_div_t|cnt_1s[3]   ; clk_div:clk_div_t|cnt_1s[24]  ; clk          ; clk         ; 1.000        ; 0.148      ; 1.777      ;
; -0.642 ; clk_div:clk_div_t|cnt_1s[21]  ; clk_div:clk_div_t|cnt_1s[16]  ; clk          ; clk         ; 1.000        ; -0.243     ; 1.386      ;
; -0.640 ; clk_div:clk_div_t|cnt_1s[0]   ; clk_div:clk_div_t|cnt_5hz[19] ; clk          ; clk         ; 1.000        ; 0.149      ; 1.776      ;
; -0.640 ; clk_div:clk_div_t|cnt_1s[24]  ; clk_div:clk_div_t|cnt_1s[13]  ; clk          ; clk         ; 1.000        ; -0.243     ; 1.384      ;
; -0.637 ; clk_div:clk_div_t|cnt_1s[21]  ; clk_div:clk_div_t|cnt_1s[18]  ; clk          ; clk         ; 1.000        ; -0.243     ; 1.381      ;
; -0.634 ; clk_div:clk_div_t|cnt_1s[1]   ; clk_div:clk_div_t|cnt_5hz[19] ; clk          ; clk         ; 1.000        ; 0.149      ; 1.770      ;
; -0.633 ; clk_div:clk_div_t|cnt_1s[7]   ; clk_div:clk_div_t|cnt_1s[20]  ; clk          ; clk         ; 1.000        ; -0.047     ; 1.573      ;
; -0.631 ; clk_div:clk_div_t|cnt_5hz[11] ; clk_div:clk_div_t|cnt_5hz[18] ; clk          ; clk         ; 1.000        ; -0.242     ; 1.376      ;
; -0.630 ; clk_div:clk_div_t|cnt_1s[4]   ; clk_div:clk_div_t|cnt_1s[19]  ; clk          ; clk         ; 1.000        ; -0.047     ; 1.570      ;
; -0.630 ; clk_div:clk_div_t|cnt_1s[0]   ; clk_div:clk_div_t|cnt_1s[12]  ; clk          ; clk         ; 1.000        ; -0.047     ; 1.570      ;
; -0.629 ; clk_div:clk_div_t|cnt_1s[2]   ; clk_div:clk_div_t|cnt_1s[22]  ; clk          ; clk         ; 1.000        ; -0.047     ; 1.569      ;
; -0.628 ; clk_div:clk_div_t|cnt_1s[11]  ; clk_div:clk_div_t|cnt_1s[14]  ; clk          ; clk         ; 1.000        ; -0.047     ; 1.568      ;
; -0.624 ; clk_div:clk_div_t|cnt_1s[11]  ; clk_div:clk_div_t|cnt_1s[13]  ; clk          ; clk         ; 1.000        ; -0.047     ; 1.564      ;
; -0.616 ; clk_div:clk_div_t|cnt_5hz[18] ; clk_div:clk_div_t|cnt_5hz[8]  ; clk          ; clk         ; 1.000        ; -0.033     ; 1.570      ;
; -0.616 ; clk_div:clk_div_t|cnt_5hz[18] ; clk_div:clk_div_t|cnt_5hz[9]  ; clk          ; clk         ; 1.000        ; -0.033     ; 1.570      ;
; -0.613 ; clk_div:clk_div_t|cnt_1s[0]   ; clk_div:clk_div_t|cnt_5hz[20] ; clk          ; clk         ; 1.000        ; -0.046     ; 1.554      ;
; -0.612 ; clk_div:clk_div_t|cnt_5hz[6]  ; clk_div:clk_div_t|cnt_5hz[18] ; clk          ; clk         ; 1.000        ; -0.250     ; 1.349      ;
; -0.610 ; clk_div:clk_div_t|cnt_1s[5]   ; clk_div:clk_div_t|cnt_1s[22]  ; clk          ; clk         ; 1.000        ; -0.047     ; 1.550      ;
; -0.609 ; clk_div:clk_div_t|cnt_1s[1]   ; clk_div:clk_div_t|cnt_5hz[20] ; clk          ; clk         ; 1.000        ; -0.046     ; 1.550      ;
; -0.604 ; clk_div:clk_div_t|cnt_1s[0]   ; clk_div:clk_div_t|cnt_5hz[8]  ; clk          ; clk         ; 1.000        ; -0.039     ; 1.552      ;
; -0.604 ; clk_div:clk_div_t|cnt_1s[0]   ; clk_div:clk_div_t|cnt_5hz[9]  ; clk          ; clk         ; 1.000        ; -0.039     ; 1.552      ;
; -0.600 ; clk_div:clk_div_t|cnt_1s[23]  ; clk_div:clk_div_t|cnt_1s[14]  ; clk          ; clk         ; 1.000        ; -0.040     ; 1.547      ;
; -0.598 ; clk_div:clk_div_t|cnt_1s[2]   ; clk_div:clk_div_t|cnt_1s[16]  ; clk          ; clk         ; 1.000        ; -0.047     ; 1.538      ;
; -0.597 ; clk_div:clk_div_t|cnt_1s[18]  ; clk_div:clk_div_t|cnt_1s[22]  ; clk          ; clk         ; 1.000        ; -0.040     ; 1.544      ;
; -0.596 ; clk_div:clk_div_t|cnt_1s[20]  ; clk_div:clk_div_t|cnt_1s[22]  ; clk          ; clk         ; 1.000        ; -0.040     ; 1.543      ;
; -0.596 ; clk_div:clk_div_t|cnt_1s[23]  ; clk_div:clk_div_t|cnt_1s[13]  ; clk          ; clk         ; 1.000        ; -0.040     ; 1.543      ;
; -0.594 ; clk_div:clk_div_t|cnt_1s[16]  ; clk_div:clk_div_t|cnt_1s[22]  ; clk          ; clk         ; 1.000        ; -0.040     ; 1.541      ;
; -0.593 ; clk_div:clk_div_t|cnt_1s[4]   ; clk_div:clk_div_t|cnt_1s[18]  ; clk          ; clk         ; 1.000        ; -0.047     ; 1.533      ;
; -0.593 ; clk_div:clk_div_t|cnt_1s[2]   ; clk_div:clk_div_t|cnt_1s[24]  ; clk          ; clk         ; 1.000        ; 0.148      ; 1.728      ;
; -0.592 ; clk_div:clk_div_t|cnt_1s[6]   ; clk_div:clk_div_t|cnt_1s[20]  ; clk          ; clk         ; 1.000        ; -0.047     ; 1.532      ;
; -0.587 ; clk_div:clk_div_t|cnt_1s[3]   ; clk_div:clk_div_t|cnt_1s[21]  ; clk          ; clk         ; 1.000        ; 0.148      ; 1.722      ;
+--------+-------------------------------+-------------------------------+--------------+-------------+--------------+------------+------------+


+-----------------------------------------------------------------------------------------------------------------------------------------------------------------------+
; Fast 1200mV 0C Model Hold: 'mode'                                                                                                                                     ;
+--------+-------------------------------------------+--------------------------------------------+--------------+-------------+--------------+------------+------------+
; Slack  ; From Node                                 ; To Node                                    ; Launch Clock ; Latch Clock ; Relationship ; Clock Skew ; Data Delay ;
+--------+-------------------------------------------+--------------------------------------------+--------------+-------------+--------------+------------+------------+
; -0.210 ; mode                                      ; cnt_24h:cnt_24h_t|hour[4]                  ; mode         ; mode        ; 0.000        ; 3.285      ; 3.159      ;
; -0.210 ; mode                                      ; cnt_24h:cnt_24h_t|hour[0]                  ; mode         ; mode        ; 0.000        ; 3.285      ; 3.159      ;
; -0.210 ; mode                                      ; cnt_24h:cnt_24h_t|hour[1]                  ; mode         ; mode        ; 0.000        ; 3.285      ; 3.159      ;
; -0.210 ; mode                                      ; cnt_24h:cnt_24h_t|hour[2]                  ; mode         ; mode        ; 0.000        ; 3.285      ; 3.159      ;
; -0.210 ; mode                                      ; cnt_24h:cnt_24h_t|hour[3]                  ; mode         ; mode        ; 0.000        ; 3.285      ; 3.159      ;
; -0.032 ; mode                                      ; cnt_12m:cnt_12m_t|month[3]                 ; mode         ; mode        ; 0.000        ; 3.179      ; 3.231      ;
; -0.031 ; mode                                      ; cnt_12m:cnt_12m_t|month[2]                 ; mode         ; mode        ; 0.000        ; 3.179      ; 3.232      ;
; 0.000  ; mode                                      ; cnt_12m:cnt_12m_t|month[1]                 ; mode         ; mode        ; 0.000        ; 3.179      ; 3.263      ;
; 0.182  ; day_top:day_top_t|cnt_day:cnt_day1|day[0] ; day_top:day_top_t|cnt_day:cnt_day1|day[0]  ; mode         ; mode        ; 0.000        ; 0.041      ; 0.307      ;
; 0.306  ; mode                                      ; day_top:day_top_t|cnt_day:cnt_day1|day[0]  ; mode         ; mode        ; 0.000        ; 3.157      ; 3.547      ;
; 0.306  ; mode                                      ; cnt_60p:cnt_60p_t|minute[2]                ; mode         ; mode        ; 0.000        ; 3.220      ; 3.610      ;
; 0.348  ; mode                                      ; cnt_year:cnt_year_t|year[0]                ; mode         ; mode        ; 0.000        ; 3.253      ; 3.685      ;
; 0.348  ; mode                                      ; cnt_year:cnt_year_t|year[1]                ; mode         ; mode        ; 0.000        ; 3.253      ; 3.685      ;
; 0.348  ; mode                                      ; cnt_year:cnt_year_t|year[2]                ; mode         ; mode        ; 0.000        ; 3.253      ; 3.685      ;
; 0.348  ; mode                                      ; cnt_year:cnt_year_t|year[4]                ; mode         ; mode        ; 0.000        ; 3.253      ; 3.685      ;
; 0.364  ; mode                                      ; cnt_60s:cnt_60s_t|inc_m                    ; mode         ; mode        ; 0.000        ; 1.693      ; 2.141      ;
; 0.371  ; mode                                      ; cnt_year:cnt_year_t|year[3]                ; mode         ; mode        ; 0.000        ; 3.253      ; 3.708      ;
; 0.371  ; mode                                      ; cnt_year:cnt_year_t|year[5]                ; mode         ; mode        ; 0.000        ; 3.253      ; 3.708      ;
; 0.371  ; mode                                      ; cnt_year:cnt_year_t|year[6]                ; mode         ; mode        ; 0.000        ; 3.253      ; 3.708      ;
; 0.374  ; cnt_12m:cnt_12m_t|month[3]                ; cnt_12m:cnt_12m_t|month[3]                 ; mode         ; mode        ; 0.000        ; 0.040      ; 0.498      ;
; 0.388  ; mode                                      ; cnt_60p:cnt_60p_t|minute[3]                ; mode         ; mode        ; 0.000        ; 3.221      ; 3.693      ;
; 0.388  ; mode                                      ; cnt_60p:cnt_60p_t|minute[4]                ; mode         ; mode        ; 0.000        ; 3.221      ; 3.693      ;
; 0.388  ; mode                                      ; cnt_60p:cnt_60p_t|minute[5]                ; mode         ; mode        ; 0.000        ; 3.221      ; 3.693      ;
; 0.389  ; cnt_12m:cnt_12m_t|month[2]                ; cnt_12m:cnt_12m_t|month[2]                 ; mode         ; mode        ; 0.000        ; 0.040      ; 0.513      ;
; 0.394  ; mode                                      ; cnt_12m:cnt_12m_t|month[0]                 ; mode         ; mode        ; 0.000        ; 3.179      ; 3.657      ;
; 0.396  ; mode                                      ; day_top:day_top_t|cnt_day:cnt_day1|inc_mon ; mode         ; mode        ; 0.000        ; 1.864      ; 2.344      ;
; 0.400  ; mode                                      ; cnt_60s:cnt_60s_t|second[3]                ; mode         ; mode        ; 0.000        ; 3.683      ; 4.167      ;
; 0.400  ; mode                                      ; cnt_60s:cnt_60s_t|second[2]                ; mode         ; mode        ; 0.000        ; 3.683      ; 4.167      ;
; 0.401  ; mode                                      ; cnt_60s:cnt_60s_t|second[5]                ; mode         ; mode        ; 0.000        ; 3.683      ; 4.168      ;
; 0.404  ; mode                                      ; cnt_60s:cnt_60s_t|second[4]                ; mode         ; mode        ; 0.000        ; 3.683      ; 4.171      ;
; 0.419  ; day_top:day_top_t|cnt_day:cnt_day1|day[4] ; day_top:day_top_t|cnt_day:cnt_day1|day[4]  ; mode         ; mode        ; 0.000        ; 0.041      ; 0.544      ;
; 0.436  ; mode                                      ; cnt_12m:cnt_12m_t|inc_y                    ; mode         ; mode        ; 0.000        ; 1.601      ; 2.121      ;
; 0.441  ; mode                                      ; cnt_60p:cnt_60p_t|minute[0]                ; mode         ; mode        ; 0.000        ; 3.221      ; 3.746      ;
; 0.441  ; mode                                      ; cnt_60p:cnt_60p_t|minute[1]                ; mode         ; mode        ; 0.000        ; 3.221      ; 3.746      ;
; 0.462  ; mode                                      ; day_top:day_top_t|cnt_day:cnt_day1|day[4]  ; mode         ; mode        ; 0.000        ; 3.157      ; 3.703      ;
; 0.462  ; mode                                      ; day_top:day_top_t|cnt_day:cnt_day1|day[1]  ; mode         ; mode        ; 0.000        ; 3.157      ; 3.703      ;
; 0.462  ; mode                                      ; day_top:day_top_t|cnt_day:cnt_day1|day[2]  ; mode         ; mode        ; 0.000        ; 3.157      ; 3.703      ;
; 0.462  ; mode                                      ; day_top:day_top_t|cnt_day:cnt_day1|day[3]  ; mode         ; mode        ; 0.000        ; 3.157      ; 3.703      ;
; 0.462  ; cnt_60p:cnt_60p_t|minute[5]               ; cnt_60p:cnt_60p_t|minute[5]                ; mode         ; mode        ; 0.000        ; 0.040      ; 0.586      ;
; 0.473  ; mode                                      ; cnt_24h:cnt_24h_t|inc_d                    ; mode         ; mode        ; 0.000        ; 1.894      ; 2.451      ;
; 0.473  ; cnt_60p:cnt_60p_t|minute[2]               ; cnt_60p:cnt_60p_t|minute[2]                ; mode         ; mode        ; 0.000        ; 0.040      ; 0.597      ;
; 0.475  ; cnt_12m:cnt_12m_t|month[1]                ; cnt_12m:cnt_12m_t|month[1]                 ; mode         ; mode        ; 0.000        ; 0.040      ; 0.599      ;
; 0.485  ; cnt_year:cnt_year_t|year[6]               ; cnt_year:cnt_year_t|year[6]                ; mode         ; mode        ; 0.000        ; 0.040      ; 0.609      ;
; 0.487  ; mode                                      ; cnt_60p:cnt_60p_t|inc_h                    ; mode         ; mode        ; 0.000        ; 1.669      ; 2.240      ;
; 0.517  ; mode                                      ; cnt_60s:cnt_60s_t|second[0]                ; mode         ; mode        ; 0.000        ; 3.683      ; 4.284      ;
; 0.517  ; mode                                      ; cnt_60s:cnt_60s_t|second[1]                ; mode         ; mode        ; 0.000        ; 3.683      ; 4.284      ;
; 0.517  ; cnt_year:cnt_year_t|year[1]               ; cnt_year:cnt_year_t|year[1]                ; mode         ; mode        ; 0.000        ; 0.040      ; 0.641      ;
; 0.518  ; day_top:day_top_t|cnt_day:cnt_day1|day[3] ; day_top:day_top_t|cnt_day:cnt_day1|day[3]  ; mode         ; mode        ; 0.000        ; 0.041      ; 0.643      ;
; 0.521  ; day_top:day_top_t|cnt_day:cnt_day1|day[1] ; day_top:day_top_t|cnt_day:cnt_day1|day[1]  ; mode         ; mode        ; 0.000        ; 0.041      ; 0.646      ;
; 0.523  ; day_top:day_top_t|cnt_day:cnt_day1|day[2] ; day_top:day_top_t|cnt_day:cnt_day1|day[2]  ; mode         ; mode        ; 0.000        ; 0.041      ; 0.648      ;
; 0.540  ; cnt_24h:cnt_24h_t|hour[2]                 ; cnt_24h:cnt_24h_t|hour[2]                  ; mode         ; mode        ; 0.000        ; 0.041      ; 0.665      ;
; 0.545  ; cnt_12m:cnt_12m_t|month[0]                ; cnt_12m:cnt_12m_t|month[1]                 ; mode         ; mode        ; 0.000        ; 0.040      ; 0.669      ;
; 0.547  ; cnt_24h:cnt_24h_t|hour[0]                 ; cnt_24h:cnt_24h_t|hour[0]                  ; mode         ; mode        ; 0.000        ; 0.041      ; 0.672      ;
; 0.548  ; cnt_12m:cnt_12m_t|month[2]                ; cnt_12m:cnt_12m_t|month[3]                 ; mode         ; mode        ; 0.000        ; 0.040      ; 0.672      ;
; 0.548  ; cnt_year:cnt_year_t|year[3]               ; cnt_year:cnt_year_t|year[3]                ; mode         ; mode        ; 0.000        ; 0.040      ; 0.672      ;
; 0.555  ; cnt_60p:cnt_60p_t|minute[1]               ; cnt_60p:cnt_60p_t|minute[5]                ; mode         ; mode        ; 0.000        ; 0.040      ; 0.679      ;
; 0.556  ; cnt_60p:cnt_60p_t|minute[1]               ; cnt_60p:cnt_60p_t|minute[3]                ; mode         ; mode        ; 0.000        ; 0.040      ; 0.680      ;
; 0.568  ; cnt_60p:cnt_60p_t|minute[1]               ; cnt_60p:cnt_60p_t|minute[4]                ; mode         ; mode        ; 0.000        ; 0.040      ; 0.692      ;
; 0.570  ; cnt_24h:cnt_24h_t|hour[1]                 ; cnt_24h:cnt_24h_t|hour[1]                  ; mode         ; mode        ; 0.000        ; 0.041      ; 0.695      ;
; 0.573  ; cnt_60p:cnt_60p_t|minute[1]               ; cnt_60p:cnt_60p_t|minute[1]                ; mode         ; mode        ; 0.000        ; 0.040      ; 0.697      ;
; 0.577  ; cnt_year:cnt_year_t|year[5]               ; cnt_year:cnt_year_t|year[6]                ; mode         ; mode        ; 0.000        ; 0.040      ; 0.701      ;
; 0.583  ; cnt_year:cnt_year_t|year[5]               ; cnt_year:cnt_year_t|year[5]                ; mode         ; mode        ; 0.000        ; 0.040      ; 0.707      ;
; 0.594  ; cnt_year:cnt_year_t|year[2]               ; cnt_year:cnt_year_t|year[2]                ; mode         ; mode        ; 0.000        ; 0.040      ; 0.718      ;
; 0.595  ; cnt_60p:cnt_60p_t|minute[0]               ; cnt_60p:cnt_60p_t|minute[0]                ; mode         ; mode        ; 0.000        ; 0.040      ; 0.719      ;
; 0.597  ; cnt_24h:cnt_24h_t|hour[1]                 ; cnt_24h:cnt_24h_t|hour[4]                  ; mode         ; mode        ; 0.000        ; 0.041      ; 0.722      ;
; 0.607  ; cnt_year:cnt_year_t|year[5]               ; cnt_year:cnt_year_t|year[3]                ; mode         ; mode        ; 0.000        ; 0.040      ; 0.731      ;
; 0.608  ; cnt_12m:cnt_12m_t|month[0]                ; cnt_12m:cnt_12m_t|month[2]                 ; mode         ; mode        ; 0.000        ; 0.040      ; 0.732      ;
; 0.610  ; cnt_60s:cnt_60s_t|second[3]               ; cnt_60s:cnt_60s_t|second[3]                ; mode         ; mode        ; 0.000        ; 0.040      ; 0.734      ;
; 0.611  ; cnt_12m:cnt_12m_t|month[0]                ; cnt_12m:cnt_12m_t|month[3]                 ; mode         ; mode        ; 0.000        ; 0.040      ; 0.735      ;
; 0.612  ; cnt_60p:cnt_60p_t|minute[4]               ; cnt_60p:cnt_60p_t|minute[4]                ; mode         ; mode        ; 0.000        ; 0.040      ; 0.736      ;
; 0.615  ; cnt_year:cnt_year_t|year[2]               ; cnt_year:cnt_year_t|year[1]                ; mode         ; mode        ; 0.000        ; 0.040      ; 0.739      ;
; 0.615  ; mode                                      ; cnt_24h:cnt_24h_t|hour[4]                  ; mode         ; mode        ; -0.500       ; 3.285      ; 3.504      ;
; 0.615  ; mode                                      ; cnt_24h:cnt_24h_t|hour[0]                  ; mode         ; mode        ; -0.500       ; 3.285      ; 3.504      ;
; 0.615  ; mode                                      ; cnt_24h:cnt_24h_t|hour[1]                  ; mode         ; mode        ; -0.500       ; 3.285      ; 3.504      ;
; 0.615  ; mode                                      ; cnt_24h:cnt_24h_t|hour[2]                  ; mode         ; mode        ; -0.500       ; 3.285      ; 3.504      ;
; 0.615  ; mode                                      ; cnt_24h:cnt_24h_t|hour[3]                  ; mode         ; mode        ; -0.500       ; 3.285      ; 3.504      ;
; 0.617  ; cnt_year:cnt_year_t|year[6]               ; cnt_year:cnt_year_t|year[5]                ; mode         ; mode        ; 0.000        ; 0.040      ; 0.741      ;
; 0.623  ; cnt_12m:cnt_12m_t|month[1]                ; cnt_12m:cnt_12m_t|month[2]                 ; mode         ; mode        ; 0.000        ; 0.040      ; 0.747      ;
; 0.625  ; cnt_24h:cnt_24h_t|hour[3]                 ; cnt_24h:cnt_24h_t|hour[3]                  ; mode         ; mode        ; 0.000        ; 0.041      ; 0.750      ;
; 0.631  ; cnt_24h:cnt_24h_t|hour[4]                 ; cnt_24h:cnt_24h_t|hour[4]                  ; mode         ; mode        ; 0.000        ; 0.041      ; 0.756      ;
; 0.634  ; cnt_year:cnt_year_t|year[3]               ; cnt_year:cnt_year_t|year[6]                ; mode         ; mode        ; 0.000        ; 0.040      ; 0.758      ;
; 0.636  ; cnt_year:cnt_year_t|year[3]               ; cnt_year:cnt_year_t|year[1]                ; mode         ; mode        ; 0.000        ; 0.040      ; 0.760      ;
; 0.639  ; cnt_year:cnt_year_t|year[3]               ; cnt_year:cnt_year_t|year[5]                ; mode         ; mode        ; 0.000        ; 0.040      ; 0.763      ;
; 0.641  ; cnt_year:cnt_year_t|year[6]               ; cnt_year:cnt_year_t|year[3]                ; mode         ; mode        ; 0.000        ; 0.040      ; 0.765      ;
; 0.644  ; cnt_60p:cnt_60p_t|minute[3]               ; cnt_60p:cnt_60p_t|minute[5]                ; mode         ; mode        ; 0.000        ; 0.040      ; 0.768      ;
; 0.645  ; cnt_60p:cnt_60p_t|minute[3]               ; cnt_60p:cnt_60p_t|minute[3]                ; mode         ; mode        ; 0.000        ; 0.040      ; 0.769      ;
; 0.657  ; cnt_60p:cnt_60p_t|minute[3]               ; cnt_60p:cnt_60p_t|minute[4]                ; mode         ; mode        ; 0.000        ; 0.040      ; 0.781      ;
; 0.673  ; day_top:day_top_t|cnt_day:cnt_day1|day[3] ; day_top:day_top_t|cnt_day:cnt_day1|day[4]  ; mode         ; mode        ; 0.000        ; 0.041      ; 0.798      ;
; 0.673  ; day_top:day_top_t|cnt_day:cnt_day1|day[1] ; day_top:day_top_t|cnt_day:cnt_day1|day[2]  ; mode         ; mode        ; 0.000        ; 0.041      ; 0.798      ;
; 0.673  ; cnt_year:cnt_year_t|year[0]               ; cnt_year:cnt_year_t|year[1]                ; mode         ; mode        ; 0.000        ; 0.040      ; 0.797      ;
; 0.679  ; day_top:day_top_t|cnt_day:cnt_day1|day[2] ; day_top:day_top_t|cnt_day:cnt_day1|day[3]  ; mode         ; mode        ; 0.000        ; 0.041      ; 0.804      ;
; 0.684  ; day_top:day_top_t|cnt_day:cnt_day1|day[2] ; day_top:day_top_t|cnt_day:cnt_day1|day[4]  ; mode         ; mode        ; 0.000        ; 0.041      ; 0.809      ;
; 0.684  ; cnt_24h:cnt_24h_t|hour[1]                 ; cnt_24h:cnt_24h_t|hour[2]                  ; mode         ; mode        ; 0.000        ; 0.041      ; 0.809      ;
; 0.686  ; cnt_12m:cnt_12m_t|month[1]                ; cnt_12m:cnt_12m_t|month[3]                 ; mode         ; mode        ; 0.000        ; 0.040      ; 0.810      ;
; 0.695  ; cnt_24h:cnt_24h_t|hour[0]                 ; cnt_24h:cnt_24h_t|hour[2]                  ; mode         ; mode        ; 0.000        ; 0.041      ; 0.820      ;
; 0.719  ; cnt_60p:cnt_60p_t|minute[0]               ; cnt_60p:cnt_60p_t|minute[5]                ; mode         ; mode        ; 0.000        ; 0.040      ; 0.843      ;
; 0.720  ; cnt_60p:cnt_60p_t|minute[0]               ; cnt_60p:cnt_60p_t|minute[3]                ; mode         ; mode        ; 0.000        ; 0.040      ; 0.844      ;
; 0.727  ; cnt_24h:cnt_24h_t|hour[0]                 ; cnt_24h:cnt_24h_t|hour[1]                  ; mode         ; mode        ; 0.000        ; 0.041      ; 0.852      ;
; 0.728  ; cnt_60s:cnt_60s_t|second[4]               ; cnt_60s:cnt_60s_t|second[4]                ; mode         ; mode        ; 0.000        ; 0.040      ; 0.852      ;
; 0.729  ; cnt_year:cnt_year_t|year[1]               ; cnt_year:cnt_year_t|year[2]                ; mode         ; mode        ; 0.000        ; 0.040      ; 0.853      ;
+--------+-------------------------------------------+--------------------------------------------+--------------+-------------+--------------+------------+------------+


+----------------------------------------------------------------------------------------------------------------------------------------------+
; Fast 1200mV 0C Model Hold: 'clk'                                                                                                             ;
+--------+-------------------------------+-------------------------------+--------------+-------------+--------------+------------+------------+
; Slack  ; From Node                     ; To Node                       ; Launch Clock ; Latch Clock ; Relationship ; Clock Skew ; Data Delay ;
+--------+-------------------------------+-------------------------------+--------------+-------------+--------------+------------+------------+
; -0.078 ; clk_div:clk_div_t|cnt_5hz[3]  ; clk_div:clk_div_t|clk_5hz     ; clk          ; clk         ; 0.000        ; 0.994      ; 1.000      ;
; -0.075 ; clk_div:clk_div_t|cnt_1s[2]   ; clk_div:clk_div_t|clk_1s      ; clk          ; clk         ; 0.000        ; 0.939      ; 0.948      ;
; -0.065 ; clk_div:clk_div_t|cnt_5hz[7]  ; clk_div:clk_div_t|clk_5hz     ; clk          ; clk         ; 0.000        ; 0.994      ; 1.013      ;
; -0.045 ; clk_div:clk_div_t|cnt_5hz[2]  ; clk_div:clk_div_t|clk_5hz     ; clk          ; clk         ; 0.000        ; 0.994      ; 1.033      ;
; -0.044 ; clk_div:clk_div_t|cnt_5hz[4]  ; clk_div:clk_div_t|clk_5hz     ; clk          ; clk         ; 0.000        ; 0.994      ; 1.034      ;
; -0.034 ; clk_div:clk_div_t|cnt_5hz[8]  ; clk_div:clk_div_t|clk_5hz     ; clk          ; clk         ; 0.000        ; 0.994      ; 1.044      ;
; -0.031 ; clk_div:clk_div_t|cnt_5hz[5]  ; clk_div:clk_div_t|clk_5hz     ; clk          ; clk         ; 0.000        ; 0.994      ; 1.047      ;
; 0.026  ; clk_div:clk_div_t|cnt_1s[3]   ; clk_div:clk_div_t|clk_1s      ; clk          ; clk         ; 0.000        ; 0.939      ; 1.049      ;
; 0.040  ; clk_div:clk_div_t|cnt_1s[6]   ; clk_div:clk_div_t|clk_1s      ; clk          ; clk         ; 0.000        ; 0.939      ; 1.063      ;
; 0.053  ; clk_div:clk_div_t|cnt_1s[4]   ; clk_div:clk_div_t|clk_1s      ; clk          ; clk         ; 0.000        ; 0.939      ; 1.076      ;
; 0.071  ; clk_div:clk_div_t|cnt_5hz[6]  ; clk_div:clk_div_t|clk_5hz     ; clk          ; clk         ; 0.000        ; 0.800      ; 0.955      ;
; 0.073  ; clk_div:clk_div_t|cnt_5hz[16] ; clk_div:clk_div_t|clk_5hz     ; clk          ; clk         ; 0.000        ; 1.001      ; 1.158      ;
; 0.081  ; clk_div:clk_div_t|cnt_1s[19]  ; clk_div:clk_div_t|clk_1s      ; clk          ; clk         ; 0.000        ; 0.946      ; 1.111      ;
; 0.113  ; clk_div:clk_div_t|cnt_1s[12]  ; clk_div:clk_div_t|clk_1s      ; clk          ; clk         ; 0.000        ; 0.946      ; 1.143      ;
; 0.119  ; clk_div:clk_div_t|cnt_1s[10]  ; clk_div:clk_div_t|clk_1s      ; clk          ; clk         ; 0.000        ; 0.939      ; 1.142      ;
; 0.126  ; clk_div:clk_div_t|cnt_1s[5]   ; clk_div:clk_div_t|clk_1s      ; clk          ; clk         ; 0.000        ; 0.939      ; 1.149      ;
; 0.142  ; clk_div:clk_div_t|cnt_5hz[21] ; clk_div:clk_div_t|clk_5hz     ; clk          ; clk         ; 0.000        ; 1.001      ; 1.227      ;
; 0.142  ; clk_div:clk_div_t|cnt_5hz[13] ; clk_div:clk_div_t|clk_5hz     ; clk          ; clk         ; 0.000        ; 1.001      ; 1.227      ;
; 0.147  ; clk_div:clk_div_t|cnt_5hz[15] ; clk_div:clk_div_t|clk_5hz     ; clk          ; clk         ; 0.000        ; 1.001      ; 1.232      ;
; 0.155  ; clk_div:clk_div_t|cnt_5hz[12] ; clk_div:clk_div_t|clk_5hz     ; clk          ; clk         ; 0.000        ; 1.001      ; 1.240      ;
; 0.156  ; clk_div:clk_div_t|cnt_1s[14]  ; clk_div:clk_div_t|clk_1s      ; clk          ; clk         ; 0.000        ; 0.946      ; 1.186      ;
; 0.156  ; clk_div:clk_div_t|cnt_1s[13]  ; clk_div:clk_div_t|clk_1s      ; clk          ; clk         ; 0.000        ; 0.946      ; 1.186      ;
; 0.168  ; clk_div:clk_div_t|cnt_1s[9]   ; clk_div:clk_div_t|clk_1s      ; clk          ; clk         ; 0.000        ; 0.939      ; 1.191      ;
; 0.173  ; clk_div:clk_div_t|cnt_1s[15]  ; clk_div:clk_div_t|clk_1s      ; clk          ; clk         ; 0.000        ; 0.946      ; 1.203      ;
; 0.176  ; clk_div:clk_div_t|cnt_5hz[17] ; clk_div:clk_div_t|clk_5hz     ; clk          ; clk         ; 0.000        ; 1.001      ; 1.261      ;
; 0.176  ; clk_div:clk_div_t|cnt_5hz[14] ; clk_div:clk_div_t|clk_5hz     ; clk          ; clk         ; 0.000        ; 0.806      ; 1.066      ;
; 0.185  ; clk_div:clk_div_t|cnt_1s[18]  ; clk_div:clk_div_t|clk_1s      ; clk          ; clk         ; 0.000        ; 0.946      ; 1.215      ;
; 0.185  ; clk_div:clk_div_t|cnt_1s[16]  ; clk_div:clk_div_t|clk_1s      ; clk          ; clk         ; 0.000        ; 0.946      ; 1.215      ;
; 0.197  ; clk_div:clk_div_t|cnt_1s[20]  ; clk_div:clk_div_t|clk_1s      ; clk          ; clk         ; 0.000        ; 0.946      ; 1.227      ;
; 0.201  ; clk_div:clk_div_t|clk_5hz     ; clk_div:clk_div_t|clk_5hz     ; clk          ; clk         ; 0.000        ; 0.022      ; 0.307      ;
; 0.201  ; clk_div:clk_div_t|clk_1s      ; clk_div:clk_div_t|clk_1s      ; clk          ; clk         ; 0.000        ; 0.022      ; 0.307      ;
; 0.222  ; clk_div:clk_div_t|cnt_1s[17]  ; clk_div:clk_div_t|clk_1s      ; clk          ; clk         ; 0.000        ; 0.946      ; 1.252      ;
; 0.261  ; clk_div:clk_div_t|cnt_1s[8]   ; clk_div:clk_div_t|clk_1s      ; clk          ; clk         ; 0.000        ; 0.939      ; 1.284      ;
; 0.267  ; clk_div:clk_div_t|cnt_1s[7]   ; clk_div:clk_div_t|clk_1s      ; clk          ; clk         ; 0.000        ; 0.939      ; 1.290      ;
; 0.271  ; clk_div:clk_div_t|cnt_5hz[11] ; clk_div:clk_div_t|clk_5hz     ; clk          ; clk         ; 0.000        ; 0.807      ; 1.162      ;
; 0.274  ; clk_div:clk_div_t|cnt_5hz[19] ; clk_div:clk_div_t|clk_5hz     ; clk          ; clk         ; 0.000        ; 0.806      ; 1.164      ;
; 0.284  ; clk_div:clk_div_t|cnt_1s[11]  ; clk_div:clk_div_t|clk_1s      ; clk          ; clk         ; 0.000        ; 0.939      ; 1.307      ;
; 0.288  ; clk_div:clk_div_t|cnt_5hz[9]  ; clk_div:clk_div_t|clk_5hz     ; clk          ; clk         ; 0.000        ; 0.994      ; 1.366      ;
; 0.292  ; clk_div:clk_div_t|cnt_5hz[3]  ; clk_div:clk_div_t|cnt_5hz[6]  ; clk          ; clk         ; 0.000        ; 0.243      ; 0.619      ;
; 0.293  ; clk_div:clk_div_t|cnt_1s[9]   ; clk_div:clk_div_t|cnt_1s[9]   ; clk          ; clk         ; 0.000        ; 0.040      ; 0.417      ;
; 0.294  ; clk_div:clk_div_t|cnt_1s[10]  ; clk_div:clk_div_t|cnt_1s[10]  ; clk          ; clk         ; 0.000        ; 0.040      ; 0.418      ;
; 0.294  ; clk_div:clk_div_t|cnt_1s[7]   ; clk_div:clk_div_t|cnt_1s[7]   ; clk          ; clk         ; 0.000        ; 0.040      ; 0.418      ;
; 0.294  ; clk_div:clk_div_t|cnt_5hz[2]  ; clk_div:clk_div_t|cnt_5hz[2]  ; clk          ; clk         ; 0.000        ; 0.040      ; 0.418      ;
; 0.295  ; clk_div:clk_div_t|cnt_1s[8]   ; clk_div:clk_div_t|cnt_1s[8]   ; clk          ; clk         ; 0.000        ; 0.040      ; 0.419      ;
; 0.295  ; clk_div:clk_div_t|cnt_5hz[16] ; clk_div:clk_div_t|cnt_5hz[16] ; clk          ; clk         ; 0.000        ; 0.040      ; 0.419      ;
; 0.295  ; clk_div:clk_div_t|cnt_5hz[15] ; clk_div:clk_div_t|cnt_5hz[15] ; clk          ; clk         ; 0.000        ; 0.040      ; 0.419      ;
; 0.295  ; clk_div:clk_div_t|cnt_5hz[13] ; clk_div:clk_div_t|cnt_5hz[13] ; clk          ; clk         ; 0.000        ; 0.040      ; 0.419      ;
; 0.295  ; clk_div:clk_div_t|cnt_5hz[4]  ; clk_div:clk_div_t|cnt_5hz[4]  ; clk          ; clk         ; 0.000        ; 0.040      ; 0.419      ;
; 0.296  ; clk_div:clk_div_t|cnt_1s[4]   ; clk_div:clk_div_t|cnt_1s[4]   ; clk          ; clk         ; 0.000        ; 0.040      ; 0.420      ;
; 0.296  ; clk_div:clk_div_t|cnt_5hz[5]  ; clk_div:clk_div_t|cnt_5hz[5]  ; clk          ; clk         ; 0.000        ; 0.040      ; 0.420      ;
; 0.299  ; clk_div:clk_div_t|cnt_1s[0]   ; clk_div:clk_div_t|clk_5hz     ; clk          ; clk         ; 0.000        ; 0.995      ; 1.378      ;
; 0.300  ; clk_div:clk_div_t|cnt_1s[1]   ; clk_div:clk_div_t|cnt_1s[1]   ; clk          ; clk         ; 0.000        ; 0.040      ; 0.424      ;
; 0.301  ; clk_div:clk_div_t|cnt_1s[23]  ; clk_div:clk_div_t|cnt_1s[23]  ; clk          ; clk         ; 0.000        ; 0.040      ; 0.425      ;
; 0.301  ; clk_div:clk_div_t|cnt_1s[17]  ; clk_div:clk_div_t|cnt_1s[17]  ; clk          ; clk         ; 0.000        ; 0.040      ; 0.425      ;
; 0.301  ; clk_div:clk_div_t|cnt_1s[15]  ; clk_div:clk_div_t|cnt_1s[15]  ; clk          ; clk         ; 0.000        ; 0.040      ; 0.425      ;
; 0.301  ; clk_div:clk_div_t|cnt_1s[3]   ; clk_div:clk_div_t|cnt_1s[3]   ; clk          ; clk         ; 0.000        ; 0.040      ; 0.425      ;
; 0.301  ; clk_div:clk_div_t|cnt_1s[2]   ; clk_div:clk_div_t|cnt_1s[2]   ; clk          ; clk         ; 0.000        ; 0.040      ; 0.425      ;
; 0.301  ; clk_div:clk_div_t|cnt_5hz[12] ; clk_div:clk_div_t|cnt_5hz[12] ; clk          ; clk         ; 0.000        ; 0.040      ; 0.425      ;
; 0.301  ; clk_div:clk_div_t|cnt_5hz[10] ; clk_div:clk_div_t|cnt_5hz[10] ; clk          ; clk         ; 0.000        ; 0.040      ; 0.425      ;
; 0.302  ; clk_div:clk_div_t|cnt_1s[5]   ; clk_div:clk_div_t|cnt_1s[5]   ; clk          ; clk         ; 0.000        ; 0.040      ; 0.426      ;
; 0.302  ; clk_div:clk_div_t|cnt_5hz[20] ; clk_div:clk_div_t|cnt_5hz[20] ; clk          ; clk         ; 0.000        ; 0.040      ; 0.426      ;
; 0.302  ; clk_div:clk_div_t|cnt_5hz[17] ; clk_div:clk_div_t|cnt_5hz[17] ; clk          ; clk         ; 0.000        ; 0.040      ; 0.426      ;
; 0.303  ; clk_div:clk_div_t|cnt_5hz[21] ; clk_div:clk_div_t|cnt_5hz[21] ; clk          ; clk         ; 0.000        ; 0.040      ; 0.427      ;
; 0.306  ; clk_div:clk_div_t|cnt_1s[22]  ; clk_div:clk_div_t|clk_1s      ; clk          ; clk         ; 0.000        ; 0.946      ; 1.336      ;
; 0.310  ; clk_div:clk_div_t|cnt_5hz[18] ; clk_div:clk_div_t|clk_5hz     ; clk          ; clk         ; 0.000        ; 1.001      ; 1.395      ;
; 0.325  ; clk_div:clk_div_t|cnt_1s[0]   ; clk_div:clk_div_t|cnt_1s[0]   ; clk          ; clk         ; 0.000        ; 0.040      ; 0.449      ;
; 0.325  ; clk_div:clk_div_t|cnt_5hz[2]  ; clk_div:clk_div_t|cnt_5hz[6]  ; clk          ; clk         ; 0.000        ; 0.243      ; 0.652      ;
; 0.326  ; clk_div:clk_div_t|cnt_5hz[4]  ; clk_div:clk_div_t|cnt_5hz[6]  ; clk          ; clk         ; 0.000        ; 0.243      ; 0.653      ;
; 0.339  ; clk_div:clk_div_t|cnt_1s[24]  ; clk_div:clk_div_t|clk_1s      ; clk          ; clk         ; 0.000        ; 0.751      ; 1.174      ;
; 0.359  ; clk_div:clk_div_t|cnt_1s[1]   ; clk_div:clk_div_t|clk_5hz     ; clk          ; clk         ; 0.000        ; 0.995      ; 1.438      ;
; 0.362  ; clk_div:clk_div_t|cnt_5hz[3]  ; clk_div:clk_div_t|cnt_5hz[3]  ; clk          ; clk         ; 0.000        ; 0.040      ; 0.486      ;
; 0.370  ; clk_div:clk_div_t|cnt_5hz[7]  ; clk_div:clk_div_t|cnt_5hz[7]  ; clk          ; clk         ; 0.000        ; 0.040      ; 0.494      ;
; 0.387  ; clk_div:clk_div_t|cnt_5hz[7]  ; clk_div:clk_div_t|cnt_5hz[6]  ; clk          ; clk         ; 0.000        ; 0.243      ; 0.714      ;
; 0.390  ; clk_div:clk_div_t|cnt_1s[23]  ; clk_div:clk_div_t|clk_1s      ; clk          ; clk         ; 0.000        ; 0.946      ; 1.420      ;
; 0.402  ; clk_div:clk_div_t|cnt_5hz[20] ; clk_div:clk_div_t|clk_5hz     ; clk          ; clk         ; 0.000        ; 1.001      ; 1.487      ;
; 0.405  ; clk_div:clk_div_t|cnt_5hz[5]  ; clk_div:clk_div_t|cnt_5hz[6]  ; clk          ; clk         ; 0.000        ; 0.243      ; 0.732      ;
; 0.407  ; clk_div:clk_div_t|cnt_5hz[10] ; clk_div:clk_div_t|clk_5hz     ; clk          ; clk         ; 0.000        ; 0.994      ; 1.485      ;
; 0.410  ; clk_div:clk_div_t|cnt_5hz[21] ; clk_div:clk_div_t|cnt_5hz[22] ; clk          ; clk         ; 0.000        ; 0.243      ; 0.737      ;
; 0.413  ; clk_div:clk_div_t|cnt_5hz[22] ; clk_div:clk_div_t|clk_5hz     ; clk          ; clk         ; 0.000        ; 0.806      ; 1.303      ;
; 0.419  ; clk_div:clk_div_t|cnt_5hz[8]  ; clk_div:clk_div_t|cnt_5hz[6]  ; clk          ; clk         ; 0.000        ; 0.243      ; 0.746      ;
; 0.430  ; clk_div:clk_div_t|cnt_1s[0]   ; clk_div:clk_div_t|clk_1s      ; clk          ; clk         ; 0.000        ; 0.939      ; 1.453      ;
; 0.442  ; clk_div:clk_div_t|cnt_1s[9]   ; clk_div:clk_div_t|cnt_1s[10]  ; clk          ; clk         ; 0.000        ; 0.040      ; 0.566      ;
; 0.442  ; clk_div:clk_div_t|cnt_5hz[6]  ; clk_div:clk_div_t|cnt_5hz[6]  ; clk          ; clk         ; 0.000        ; 0.049      ; 0.575      ;
; 0.443  ; clk_div:clk_div_t|cnt_1s[7]   ; clk_div:clk_div_t|cnt_1s[8]   ; clk          ; clk         ; 0.000        ; 0.040      ; 0.567      ;
; 0.443  ; clk_div:clk_div_t|cnt_5hz[2]  ; clk_div:clk_div_t|cnt_5hz[3]  ; clk          ; clk         ; 0.000        ; 0.040      ; 0.567      ;
; 0.444  ; clk_div:clk_div_t|cnt_5hz[4]  ; clk_div:clk_div_t|cnt_5hz[5]  ; clk          ; clk         ; 0.000        ; 0.040      ; 0.568      ;
; 0.444  ; clk_div:clk_div_t|cnt_5hz[16] ; clk_div:clk_div_t|cnt_5hz[17] ; clk          ; clk         ; 0.000        ; 0.040      ; 0.568      ;
; 0.446  ; clk_div:clk_div_t|cnt_5hz[22] ; clk_div:clk_div_t|cnt_5hz[22] ; clk          ; clk         ; 0.000        ; 0.048      ; 0.578      ;
; 0.449  ; clk_div:clk_div_t|cnt_1s[1]   ; clk_div:clk_div_t|cnt_1s[2]   ; clk          ; clk         ; 0.000        ; 0.040      ; 0.573      ;
; 0.450  ; clk_div:clk_div_t|cnt_5hz[8]  ; clk_div:clk_div_t|cnt_5hz[8]  ; clk          ; clk         ; 0.000        ; 0.040      ; 0.574      ;
; 0.450  ; clk_div:clk_div_t|cnt_5hz[12] ; clk_div:clk_div_t|cnt_5hz[13] ; clk          ; clk         ; 0.000        ; 0.040      ; 0.574      ;
; 0.450  ; clk_div:clk_div_t|cnt_1s[3]   ; clk_div:clk_div_t|cnt_1s[4]   ; clk          ; clk         ; 0.000        ; 0.040      ; 0.574      ;
; 0.451  ; clk_div:clk_div_t|cnt_5hz[20] ; clk_div:clk_div_t|cnt_5hz[21] ; clk          ; clk         ; 0.000        ; 0.040      ; 0.575      ;
; 0.453  ; clk_div:clk_div_t|cnt_5hz[7]  ; clk_div:clk_div_t|cnt_5hz[9]  ; clk          ; clk         ; 0.000        ; 0.040      ; 0.577      ;
; 0.453  ; clk_div:clk_div_t|cnt_1s[8]   ; clk_div:clk_div_t|cnt_1s[9]   ; clk          ; clk         ; 0.000        ; 0.040      ; 0.577      ;
; 0.453  ; clk_div:clk_div_t|cnt_5hz[15] ; clk_div:clk_div_t|cnt_5hz[16] ; clk          ; clk         ; 0.000        ; 0.040      ; 0.577      ;
; 0.454  ; clk_div:clk_div_t|cnt_1s[22]  ; clk_div:clk_div_t|cnt_1s[22]  ; clk          ; clk         ; 0.000        ; 0.040      ; 0.578      ;
; 0.454  ; clk_div:clk_div_t|cnt_1s[4]   ; clk_div:clk_div_t|cnt_1s[5]   ; clk          ; clk         ; 0.000        ; 0.040      ; 0.578      ;
; 0.456  ; clk_div:clk_div_t|cnt_5hz[18] ; clk_div:clk_div_t|cnt_5hz[18] ; clk          ; clk         ; 0.000        ; 0.040      ; 0.580      ;
; 0.456  ; clk_div:clk_div_t|cnt_1s[6]   ; clk_div:clk_div_t|cnt_1s[7]   ; clk          ; clk         ; 0.000        ; 0.040      ; 0.580      ;
+--------+-------------------------------+-------------------------------+--------------+-------------+--------------+------------+------------+


----------------------------------------------
; Fast 1200mV 0C Model Metastability Summary ;
----------------------------------------------
No synchronizer chains to report.


+---------------------------------------------------------------------------------+
; Multicorner Timing Analysis Summary                                             ;
+------------------+----------+--------+----------+---------+---------------------+
; Clock            ; Setup    ; Hold   ; Recovery ; Removal ; Minimum Pulse Width ;
+------------------+----------+--------+----------+---------+---------------------+
; Worst-case Slack ; -4.711   ; -0.627 ; N/A      ; N/A     ; -3.000              ;
;  clk             ; -2.804   ; -0.078 ; N/A      ; N/A     ; -3.000              ;
;  mode            ; -4.711   ; -0.627 ; N/A      ; N/A     ; -3.000              ;
; Design-wide TNS  ; -197.729 ; -3.135 ; 0.0      ; 0.0     ; -116.51             ;
;  clk             ; -89.375  ; -0.153 ; N/A      ; N/A     ; -64.680             ;
;  mode            ; -108.354 ; -3.135 ; N/A      ; N/A     ; -54.462             ;
+------------------+----------+--------+----------+---------+---------------------+


+------------------------------------------------------------------------------------------------------------------------------------------------------------------------------------------------------------------------------------------------------------------------------------------------------------------------------------------------------------------------------------------------------------------+
; Board Trace Model Assignments                                                                                                                                                                                                                                                                                                                                                                                    ;
+---------------+--------------+-------------------+-------------------------+-------------------------+---------------+---------------------+----------------+------------------+--------+------------------+------------------------+------------------------+--------------+---------------+-----------------+-------+---------------------+--------------------+---------------+-----------------+-------------+
; Pin           ; I/O Standard ; Near Tline Length ; Near Tline L per Length ; Near Tline C per Length ; Near Series R ; Near Differential R ; Near Pull-up R ; Near Pull-down R ; Near C ; Far Tline Length ; Far Tline L per Length ; Far Tline C per Length ; Far Series R ; Far Pull-up R ; Far Pull-down R ; Far C ; Termination Voltage ; Far Differential R ; EBD File Name ; EBD Signal Name ; EBD Far-end ;
+---------------+--------------+-------------------+-------------------------+-------------------------+---------------+---------------------+----------------+------------------+--------+------------------+------------------------+------------------------+--------------+---------------+-----------------+-------+---------------------+--------------------+---------------+-----------------+-------------+
; led1[0]       ; 2.5 V        ; 0 in              ; 0 H/in                  ; 0 F/in                  ; short         ; -                   ; open           ; open             ; open   ; 0 in             ; 0 H/in                 ; 0 F/in                 ; short        ; open          ; open            ; open  ; 0 V                 ; -                  ; n/a           ; n/a             ; n/a         ;
; led1[1]       ; 2.5 V        ; 0 in              ; 0 H/in                  ; 0 F/in                  ; short         ; -                   ; open           ; open             ; open   ; 0 in             ; 0 H/in                 ; 0 F/in                 ; short        ; open          ; open            ; open  ; 0 V                 ; -                  ; n/a           ; n/a             ; n/a         ;
; led1[2]       ; 2.5 V        ; 0 in              ; 0 H/in                  ; 0 F/in                  ; short         ; -                   ; open           ; open             ; open   ; 0 in             ; 0 H/in                 ; 0 F/in                 ; short        ; open          ; open            ; open  ; 0 V                 ; -                  ; n/a           ; n/a             ; n/a         ;
; led1[3]       ; 2.5 V        ; 0 in              ; 0 H/in                  ; 0 F/in                  ; short         ; -                   ; open           ; open             ; open   ; 0 in             ; 0 H/in                 ; 0 F/in                 ; short        ; open          ; open            ; open  ; 0 V                 ; -                  ; n/a           ; n/a             ; n/a         ;
; led1[4]       ; 2.5 V        ; 0 in              ; 0 H/in                  ; 0 F/in                  ; short         ; -                   ; open           ; open             ; open   ; 0 in             ; 0 H/in                 ; 0 F/in                 ; short        ; open          ; open            ; open  ; 0 V                 ; -                  ; n/a           ; n/a             ; n/a         ;
; led1[5]       ; 2.5 V        ; 0 in              ; 0 H/in                  ; 0 F/in                  ; short         ; -                   ; open           ; open             ; open   ; 0 in             ; 0 H/in                 ; 0 F/in                 ; short        ; open          ; open            ; open  ; 0 V                 ; -                  ; n/a           ; n/a             ; n/a         ;
; led1[6]       ; 2.5 V        ; 0 in              ; 0 H/in                  ; 0 F/in                  ; short         ; -                   ; open           ; open             ; open   ; 0 in             ; 0 H/in                 ; 0 F/in                 ; short        ; open          ; open            ; open  ; 0 V                 ; -                  ; n/a           ; n/a             ; n/a         ;
; led2[0]       ; 2.5 V        ; 0 in              ; 0 H/in                  ; 0 F/in                  ; short         ; -                   ; open           ; open             ; open   ; 0 in             ; 0 H/in                 ; 0 F/in                 ; short        ; open          ; open            ; open  ; 0 V                 ; -                  ; n/a           ; n/a             ; n/a         ;
; led2[1]       ; 2.5 V        ; 0 in              ; 0 H/in                  ; 0 F/in                  ; short         ; -                   ; open           ; open             ; open   ; 0 in             ; 0 H/in                 ; 0 F/in                 ; short        ; open          ; open            ; open  ; 0 V                 ; -                  ; n/a           ; n/a             ; n/a         ;
; led2[2]       ; 2.5 V        ; 0 in              ; 0 H/in                  ; 0 F/in                  ; short         ; -                   ; open           ; open             ; open   ; 0 in             ; 0 H/in                 ; 0 F/in                 ; short        ; open          ; open            ; open  ; 0 V                 ; -                  ; n/a           ; n/a             ; n/a         ;
; led2[3]       ; 2.5 V        ; 0 in              ; 0 H/in                  ; 0 F/in                  ; short         ; -                   ; open           ; open             ; open   ; 0 in             ; 0 H/in                 ; 0 F/in                 ; short        ; open          ; open            ; open  ; 0 V                 ; -                  ; n/a           ; n/a             ; n/a         ;
; led2[4]       ; 2.5 V        ; 0 in              ; 0 H/in                  ; 0 F/in                  ; short         ; -                   ; open           ; open             ; open   ; 0 in             ; 0 H/in                 ; 0 F/in                 ; short        ; open          ; open            ; open  ; 0 V                 ; -                  ; n/a           ; n/a             ; n/a         ;
; led2[5]       ; 2.5 V        ; 0 in              ; 0 H/in                  ; 0 F/in                  ; short         ; -                   ; open           ; open             ; open   ; 0 in             ; 0 H/in                 ; 0 F/in                 ; short        ; open          ; open            ; open  ; 0 V                 ; -                  ; n/a           ; n/a             ; n/a         ;
; led2[6]       ; 2.5 V        ; 0 in              ; 0 H/in                  ; 0 F/in                  ; short         ; -                   ; open           ; open             ; open   ; 0 in             ; 0 H/in                 ; 0 F/in                 ; short        ; open          ; open            ; open  ; 0 V                 ; -                  ; n/a           ; n/a             ; n/a         ;
; led3[0]       ; 2.5 V        ; 0 in              ; 0 H/in                  ; 0 F/in                  ; short         ; -                   ; open           ; open             ; open   ; 0 in             ; 0 H/in                 ; 0 F/in                 ; short        ; open          ; open            ; open  ; 0 V                 ; -                  ; n/a           ; n/a             ; n/a         ;
; led3[1]       ; 2.5 V        ; 0 in              ; 0 H/in                  ; 0 F/in                  ; short         ; -                   ; open           ; open             ; open   ; 0 in             ; 0 H/in                 ; 0 F/in                 ; short        ; open          ; open            ; open  ; 0 V                 ; -                  ; n/a           ; n/a             ; n/a         ;
; led3[2]       ; 2.5 V        ; 0 in              ; 0 H/in                  ; 0 F/in                  ; short         ; -                   ; open           ; open             ; open   ; 0 in             ; 0 H/in                 ; 0 F/in                 ; short        ; open          ; open            ; open  ; 0 V                 ; -                  ; n/a           ; n/a             ; n/a         ;
; led3[3]       ; 2.5 V        ; 0 in              ; 0 H/in                  ; 0 F/in                  ; short         ; -                   ; open           ; open             ; open   ; 0 in             ; 0 H/in                 ; 0 F/in                 ; short        ; open          ; open            ; open  ; 0 V                 ; -                  ; n/a           ; n/a             ; n/a         ;
; led3[4]       ; 2.5 V        ; 0 in              ; 0 H/in                  ; 0 F/in                  ; short         ; -                   ; open           ; open             ; open   ; 0 in             ; 0 H/in                 ; 0 F/in                 ; short        ; open          ; open            ; open  ; 0 V                 ; -                  ; n/a           ; n/a             ; n/a         ;
; led3[5]       ; 2.5 V        ; 0 in              ; 0 H/in                  ; 0 F/in                  ; short         ; -                   ; open           ; open             ; open   ; 0 in             ; 0 H/in                 ; 0 F/in                 ; short        ; open          ; open            ; open  ; 0 V                 ; -                  ; n/a           ; n/a             ; n/a         ;
; led3[6]       ; 2.5 V        ; 0 in              ; 0 H/in                  ; 0 F/in                  ; short         ; -                   ; open           ; open             ; open   ; 0 in             ; 0 H/in                 ; 0 F/in                 ; short        ; open          ; open            ; open  ; 0 V                 ; -                  ; n/a           ; n/a             ; n/a         ;
; led4[0]       ; 2.5 V        ; 0 in              ; 0 H/in                  ; 0 F/in                  ; short         ; -                   ; open           ; open             ; open   ; 0 in             ; 0 H/in                 ; 0 F/in                 ; short        ; open          ; open            ; open  ; 0 V                 ; -                  ; n/a           ; n/a             ; n/a         ;
; led4[1]       ; 2.5 V        ; 0 in              ; 0 H/in                  ; 0 F/in                  ; short         ; -                   ; open           ; open             ; open   ; 0 in             ; 0 H/in                 ; 0 F/in                 ; short        ; open          ; open            ; open  ; 0 V                 ; -                  ; n/a           ; n/a             ; n/a         ;
; led4[2]       ; 2.5 V        ; 0 in              ; 0 H/in                  ; 0 F/in                  ; short         ; -                   ; open           ; open             ; open   ; 0 in             ; 0 H/in                 ; 0 F/in                 ; short        ; open          ; open            ; open  ; 0 V                 ; -                  ; n/a           ; n/a             ; n/a         ;
; led4[3]       ; 2.5 V        ; 0 in              ; 0 H/in                  ; 0 F/in                  ; short         ; -                   ; open           ; open             ; open   ; 0 in             ; 0 H/in                 ; 0 F/in                 ; short        ; open          ; open            ; open  ; 0 V                 ; -                  ; n/a           ; n/a             ; n/a         ;
; led4[4]       ; 2.5 V        ; 0 in              ; 0 H/in                  ; 0 F/in                  ; short         ; -                   ; open           ; open             ; open   ; 0 in             ; 0 H/in                 ; 0 F/in                 ; short        ; open          ; open            ; open  ; 0 V                 ; -                  ; n/a           ; n/a             ; n/a         ;
; led4[5]       ; 2.5 V        ; 0 in              ; 0 H/in                  ; 0 F/in                  ; short         ; -                   ; open           ; open             ; open   ; 0 in             ; 0 H/in                 ; 0 F/in                 ; short        ; open          ; open            ; open  ; 0 V                 ; -                  ; n/a           ; n/a             ; n/a         ;
; led4[6]       ; 2.5 V        ; 0 in              ; 0 H/in                  ; 0 F/in                  ; short         ; -                   ; open           ; open             ; open   ; 0 in             ; 0 H/in                 ; 0 F/in                 ; short        ; open          ; open            ; open  ; 0 V                 ; -                  ; n/a           ; n/a             ; n/a         ;
; led5[0]       ; 2.5 V        ; 0 in              ; 0 H/in                  ; 0 F/in                  ; short         ; -                   ; open           ; open             ; open   ; 0 in             ; 0 H/in                 ; 0 F/in                 ; short        ; open          ; open            ; open  ; 0 V                 ; -                  ; n/a           ; n/a             ; n/a         ;
; led5[1]       ; 2.5 V        ; 0 in              ; 0 H/in                  ; 0 F/in                  ; short         ; -                   ; open           ; open             ; open   ; 0 in             ; 0 H/in                 ; 0 F/in                 ; short        ; open          ; open            ; open  ; 0 V                 ; -                  ; n/a           ; n/a             ; n/a         ;
; led5[2]       ; 2.5 V        ; 0 in              ; 0 H/in                  ; 0 F/in                  ; short         ; -                   ; open           ; open             ; open   ; 0 in             ; 0 H/in                 ; 0 F/in                 ; short        ; open          ; open            ; open  ; 0 V                 ; -                  ; n/a           ; n/a             ; n/a         ;
; led5[3]       ; 2.5 V        ; 0 in              ; 0 H/in                  ; 0 F/in                  ; short         ; -                   ; open           ; open             ; open   ; 0 in             ; 0 H/in                 ; 0 F/in                 ; short        ; open          ; open            ; open  ; 0 V                 ; -                  ; n/a           ; n/a             ; n/a         ;
; led5[4]       ; 2.5 V        ; 0 in              ; 0 H/in                  ; 0 F/in                  ; short         ; -                   ; open           ; open             ; open   ; 0 in             ; 0 H/in                 ; 0 F/in                 ; short        ; open          ; open            ; open  ; 0 V                 ; -                  ; n/a           ; n/a             ; n/a         ;
; led5[5]       ; 2.5 V        ; 0 in              ; 0 H/in                  ; 0 F/in                  ; short         ; -                   ; open           ; open             ; open   ; 0 in             ; 0 H/in                 ; 0 F/in                 ; short        ; open          ; open            ; open  ; 0 V                 ; -                  ; n/a           ; n/a             ; n/a         ;
; led5[6]       ; 2.5 V        ; 0 in              ; 0 H/in                  ; 0 F/in                  ; short         ; -                   ; open           ; open             ; open   ; 0 in             ; 0 H/in                 ; 0 F/in                 ; short        ; open          ; open            ; open  ; 0 V                 ; -                  ; n/a           ; n/a             ; n/a         ;
; led6[0]       ; 2.5 V        ; 0 in              ; 0 H/in                  ; 0 F/in                  ; short         ; -                   ; open           ; open             ; open   ; 0 in             ; 0 H/in                 ; 0 F/in                 ; short        ; open          ; open            ; open  ; 0 V                 ; -                  ; n/a           ; n/a             ; n/a         ;
; led6[1]       ; 2.5 V        ; 0 in              ; 0 H/in                  ; 0 F/in                  ; short         ; -                   ; open           ; open             ; open   ; 0 in             ; 0 H/in                 ; 0 F/in                 ; short        ; open          ; open            ; open  ; 0 V                 ; -                  ; n/a           ; n/a             ; n/a         ;
; led6[2]       ; 2.5 V        ; 0 in              ; 0 H/in                  ; 0 F/in                  ; short         ; -                   ; open           ; open             ; open   ; 0 in             ; 0 H/in                 ; 0 F/in                 ; short        ; open          ; open            ; open  ; 0 V                 ; -                  ; n/a           ; n/a             ; n/a         ;
; led6[3]       ; 2.5 V        ; 0 in              ; 0 H/in                  ; 0 F/in                  ; short         ; -                   ; open           ; open             ; open   ; 0 in             ; 0 H/in                 ; 0 F/in                 ; short        ; open          ; open            ; open  ; 0 V                 ; -                  ; n/a           ; n/a             ; n/a         ;
; led6[4]       ; 2.5 V        ; 0 in              ; 0 H/in                  ; 0 F/in                  ; short         ; -                   ; open           ; open             ; open   ; 0 in             ; 0 H/in                 ; 0 F/in                 ; short        ; open          ; open            ; open  ; 0 V                 ; -                  ; n/a           ; n/a             ; n/a         ;
; led6[5]       ; 2.5 V        ; 0 in              ; 0 H/in                  ; 0 F/in                  ; short         ; -                   ; open           ; open             ; open   ; 0 in             ; 0 H/in                 ; 0 F/in                 ; short        ; open          ; open            ; open  ; 0 V                 ; -                  ; n/a           ; n/a             ; n/a         ;
; led6[6]       ; 2.5 V        ; 0 in              ; 0 H/in                  ; 0 F/in                  ; short         ; -                   ; open           ; open             ; open   ; 0 in             ; 0 H/in                 ; 0 F/in                 ; short        ; open          ; open            ; open  ; 0 V                 ; -                  ; n/a           ; n/a             ; n/a         ;
; ~ALTERA_DCLK~ ; 2.5 V        ; 0 in              ; 0 H/in                  ; 0 F/in                  ; short         ; -                   ; open           ; open             ; open   ; 0 in             ; 0 H/in                 ; 0 F/in                 ; short        ; open          ; open            ; open  ; 0 V                 ; -                  ; n/a           ; n/a             ; n/a         ;
; ~ALTERA_nCEO~ ; 2.5 V        ; 0 in              ; 0 H/in                  ; 0 F/in                  ; short         ; -                   ; open           ; open             ; open   ; 0 in             ; 0 H/in                 ; 0 F/in                 ; short        ; open          ; open            ; open  ; 0 V                 ; -                  ; n/a           ; n/a             ; n/a         ;
+---------------+--------------+-------------------+-------------------------+-------------------------+---------------+---------------------+----------------+------------------+--------+------------------+------------------------+------------------------+--------------+---------------+-----------------+-------+---------------------+--------------------+---------------+-----------------+-------------+


+----------------------------------------------------------------------------+
; Input Transition Times                                                     ;
+-------------------------+--------------+-----------------+-----------------+
; Pin                     ; I/O Standard ; 10-90 Rise Time ; 90-10 Fall Time ;
+-------------------------+--------------+-----------------+-----------------+
; sw                      ; 2.5 V        ; 2000 ps         ; 2000 ps         ;
; up_push                 ; 2.5 V        ; 2000 ps         ; 2000 ps         ;
; sel[0]                  ; 2.5 V        ; 2000 ps         ; 2000 ps         ;
; sel[2]                  ; 2.5 V        ; 2000 ps         ; 2000 ps         ;
; mode                    ; 2.5 V        ; 2000 ps         ; 2000 ps         ;
; sel[1]                  ; 2.5 V        ; 2000 ps         ; 2000 ps         ;
; rst_n                   ; 2.5 V        ; 2000 ps         ; 2000 ps         ;
; down_push               ; 2.5 V        ; 2000 ps         ; 2000 ps         ;
; clk                     ; 2.5 V        ; 2000 ps         ; 2000 ps         ;
; ~ALTERA_ASDO_DATA1~     ; 2.5 V        ; 2000 ps         ; 2000 ps         ;
; ~ALTERA_FLASH_nCE_nCSO~ ; 2.5 V        ; 2000 ps         ; 2000 ps         ;
; ~ALTERA_DATA0~          ; 2.5 V        ; 2000 ps         ; 2000 ps         ;
+-------------------------+--------------+-----------------+-----------------+


+--------------------------------------------------------------------------------------------------------------------------------------------------------------------------------------------------------------------------------------------------------------------------------------------------------------------------------------------------------------------------------------------------------------------------------------------------------------------------------------------------------------------------------------------------------------------------------------------------------------------------------------------------------------------------------------------+
; Signal Integrity Metrics (Slow 1200mv 0c Model)                                                                                                                                                                                                                                                                                                                                                                                                                                                                                                                                                                                                                                            ;
+---------------+--------------+---------------------+---------------------+------------------------------+------------------------------+---------------------+---------------------+--------------------------------------+--------------------------------------+-----------------------------+-----------------------------+----------------------------+----------------------------+-----------------------------+-----------------------------+--------------------+--------------------+-------------------------------------+-------------------------------------+----------------------------+----------------------------+---------------------------+---------------------------+
; Pin           ; I/O Standard ; Board Delay on Rise ; Board Delay on Fall ; Steady State Voh at FPGA Pin ; Steady State Vol at FPGA Pin ; Voh Max at FPGA Pin ; Vol Min at FPGA Pin ; Ringback Voltage on Rise at FPGA Pin ; Ringback Voltage on Fall at FPGA Pin ; 10-90 Rise Time at FPGA Pin ; 90-10 Fall Time at FPGA Pin ; Monotonic Rise at FPGA Pin ; Monotonic Fall at FPGA Pin ; Steady State Voh at Far-end ; Steady State Vol at Far-end ; Voh Max at Far-end ; Vol Min at Far-end ; Ringback Voltage on Rise at Far-end ; Ringback Voltage on Fall at Far-end ; 10-90 Rise Time at Far-end ; 90-10 Fall Time at Far-end ; Monotonic Rise at Far-end ; Monotonic Fall at Far-end ;
+---------------+--------------+---------------------+---------------------+------------------------------+------------------------------+---------------------+---------------------+--------------------------------------+--------------------------------------+-----------------------------+-----------------------------+----------------------------+----------------------------+-----------------------------+-----------------------------+--------------------+--------------------+-------------------------------------+-------------------------------------+----------------------------+----------------------------+---------------------------+---------------------------+
; led1[0]       ; 2.5 V        ; 0 s                 ; 0 s                 ; 2.32 V                       ; 4.49e-09 V                   ; 2.38 V              ; -0.00552 V          ; 0.096 V                              ; 0.019 V                              ; 4.18e-10 s                  ; 3.59e-10 s                  ; No                         ; Yes                        ; 2.32 V                      ; 4.49e-09 V                  ; 2.38 V             ; -0.00552 V         ; 0.096 V                             ; 0.019 V                             ; 4.18e-10 s                 ; 3.59e-10 s                 ; No                        ; Yes                       ;
; led1[1]       ; 2.5 V        ; 0 s                 ; 0 s                 ; 2.32 V                       ; 4.49e-09 V                   ; 2.33 V              ; -0.00467 V          ; 0.226 V                              ; 0.087 V                              ; 2.91e-09 s                  ; 2.74e-09 s                  ; Yes                        ; Yes                        ; 2.32 V                      ; 4.49e-09 V                  ; 2.33 V             ; -0.00467 V         ; 0.226 V                             ; 0.087 V                             ; 2.91e-09 s                 ; 2.74e-09 s                 ; Yes                       ; Yes                       ;
; led1[2]       ; 2.5 V        ; 0 s                 ; 0 s                 ; 2.32 V                       ; 4.49e-09 V                   ; 2.38 V              ; -0.00552 V          ; 0.096 V                              ; 0.019 V                              ; 4.18e-10 s                  ; 3.59e-10 s                  ; No                         ; Yes                        ; 2.32 V                      ; 4.49e-09 V                  ; 2.38 V             ; -0.00552 V         ; 0.096 V                             ; 0.019 V                             ; 4.18e-10 s                 ; 3.59e-10 s                 ; No                        ; Yes                       ;
; led1[3]       ; 2.5 V        ; 0 s                 ; 0 s                 ; 2.32 V                       ; 3.07e-09 V                   ; 2.38 V              ; -0.0144 V           ; 0.227 V                              ; 0.024 V                              ; 3.14e-10 s                  ; 3.39e-10 s                  ; Yes                        ; Yes                        ; 2.32 V                      ; 3.07e-09 V                  ; 2.38 V             ; -0.0144 V          ; 0.227 V                             ; 0.024 V                             ; 3.14e-10 s                 ; 3.39e-10 s                 ; Yes                       ; Yes                       ;
; led1[4]       ; 2.5 V        ; 0 s                 ; 0 s                 ; 2.32 V                       ; 3.07e-09 V                   ; 2.38 V              ; -0.0144 V           ; 0.227 V                              ; 0.024 V                              ; 3.14e-10 s                  ; 3.39e-10 s                  ; Yes                        ; Yes                        ; 2.32 V                      ; 3.07e-09 V                  ; 2.38 V             ; -0.0144 V          ; 0.227 V                             ; 0.024 V                             ; 3.14e-10 s                 ; 3.39e-10 s                 ; Yes                       ; Yes                       ;
; led1[5]       ; 2.5 V        ; 0 s                 ; 0 s                 ; 2.32 V                       ; 3.07e-09 V                   ; 2.33 V              ; -0.00496 V          ; 0.223 V                              ; 0.086 V                              ; 2.9e-09 s                   ; 2.73e-09 s                  ; Yes                        ; Yes                        ; 2.32 V                      ; 3.07e-09 V                  ; 2.33 V             ; -0.00496 V         ; 0.223 V                             ; 0.086 V                             ; 2.9e-09 s                  ; 2.73e-09 s                 ; Yes                       ; Yes                       ;
; led1[6]       ; 2.5 V        ; 0 s                 ; 0 s                 ; 2.32 V                       ; 3.07e-09 V                   ; 2.38 V              ; -0.0144 V           ; 0.227 V                              ; 0.024 V                              ; 3.14e-10 s                  ; 3.39e-10 s                  ; Yes                        ; Yes                        ; 2.32 V                      ; 3.07e-09 V                  ; 2.38 V             ; -0.0144 V          ; 0.227 V                             ; 0.024 V                             ; 3.14e-10 s                 ; 3.39e-10 s                 ; Yes                       ; Yes                       ;
; led2[0]       ; 2.5 V        ; 0 s                 ; 0 s                 ; 2.32 V                       ; 3.07e-09 V                   ; 2.38 V              ; -0.0144 V           ; 0.227 V                              ; 0.024 V                              ; 3.14e-10 s                  ; 3.39e-10 s                  ; Yes                        ; Yes                        ; 2.32 V                      ; 3.07e-09 V                  ; 2.38 V             ; -0.0144 V          ; 0.227 V                             ; 0.024 V                             ; 3.14e-10 s                 ; 3.39e-10 s                 ; Yes                       ; Yes                       ;
; led2[1]       ; 2.5 V        ; 0 s                 ; 0 s                 ; 2.32 V                       ; 3.07e-09 V                   ; 2.37 V              ; -0.00994 V          ; 0.186 V                              ; 0.028 V                              ; 4.98e-10 s                  ; 4.96e-10 s                  ; Yes                        ; Yes                        ; 2.32 V                      ; 3.07e-09 V                  ; 2.37 V             ; -0.00994 V         ; 0.186 V                             ; 0.028 V                             ; 4.98e-10 s                 ; 4.96e-10 s                 ; Yes                       ; Yes                       ;
; led2[2]       ; 2.5 V        ; 0 s                 ; 0 s                 ; 2.32 V                       ; 3.07e-09 V                   ; 2.37 V              ; -0.00994 V          ; 0.186 V                              ; 0.028 V                              ; 4.98e-10 s                  ; 4.96e-10 s                  ; Yes                        ; Yes                        ; 2.32 V                      ; 3.07e-09 V                  ; 2.37 V             ; -0.00994 V         ; 0.186 V                             ; 0.028 V                             ; 4.98e-10 s                 ; 4.96e-10 s                 ; Yes                       ; Yes                       ;
; led2[3]       ; 2.5 V        ; 0 s                 ; 0 s                 ; 2.32 V                       ; 3.07e-09 V                   ; 2.37 V              ; -0.00994 V          ; 0.186 V                              ; 0.028 V                              ; 4.98e-10 s                  ; 4.96e-10 s                  ; Yes                        ; Yes                        ; 2.32 V                      ; 3.07e-09 V                  ; 2.37 V             ; -0.00994 V         ; 0.186 V                             ; 0.028 V                             ; 4.98e-10 s                 ; 4.96e-10 s                 ; Yes                       ; Yes                       ;
; led2[4]       ; 2.5 V        ; 0 s                 ; 0 s                 ; 2.32 V                       ; 3.07e-09 V                   ; 2.37 V              ; -0.00994 V          ; 0.186 V                              ; 0.028 V                              ; 4.98e-10 s                  ; 4.96e-10 s                  ; Yes                        ; Yes                        ; 2.32 V                      ; 3.07e-09 V                  ; 2.37 V             ; -0.00994 V         ; 0.186 V                             ; 0.028 V                             ; 4.98e-10 s                 ; 4.96e-10 s                 ; Yes                       ; Yes                       ;
; led2[5]       ; 2.5 V        ; 0 s                 ; 0 s                 ; 2.32 V                       ; 3.07e-09 V                   ; 2.33 V              ; -0.00496 V          ; 0.223 V                              ; 0.086 V                              ; 2.9e-09 s                   ; 2.73e-09 s                  ; Yes                        ; Yes                        ; 2.32 V                      ; 3.07e-09 V                  ; 2.33 V             ; -0.00496 V         ; 0.223 V                             ; 0.086 V                             ; 2.9e-09 s                  ; 2.73e-09 s                 ; Yes                       ; Yes                       ;
; led2[6]       ; 2.5 V        ; 0 s                 ; 0 s                 ; 2.32 V                       ; 3.07e-09 V                   ; 2.33 V              ; -0.00496 V          ; 0.223 V                              ; 0.086 V                              ; 2.9e-09 s                   ; 2.73e-09 s                  ; Yes                        ; Yes                        ; 2.32 V                      ; 3.07e-09 V                  ; 2.33 V             ; -0.00496 V         ; 0.223 V                             ; 0.086 V                             ; 2.9e-09 s                  ; 2.73e-09 s                 ; Yes                       ; Yes                       ;
; led3[0]       ; 2.5 V        ; 0 s                 ; 0 s                 ; 2.32 V                       ; 3.07e-09 V                   ; 2.37 V              ; -0.00994 V          ; 0.186 V                              ; 0.028 V                              ; 4.98e-10 s                  ; 4.96e-10 s                  ; Yes                        ; Yes                        ; 2.32 V                      ; 3.07e-09 V                  ; 2.37 V             ; -0.00994 V         ; 0.186 V                             ; 0.028 V                             ; 4.98e-10 s                 ; 4.96e-10 s                 ; Yes                       ; Yes                       ;
; led3[1]       ; 2.5 V        ; 0 s                 ; 0 s                 ; 2.32 V                       ; 3.07e-09 V                   ; 2.37 V              ; -0.00994 V          ; 0.186 V                              ; 0.028 V                              ; 4.98e-10 s                  ; 4.96e-10 s                  ; Yes                        ; Yes                        ; 2.32 V                      ; 3.07e-09 V                  ; 2.37 V             ; -0.00994 V         ; 0.186 V                             ; 0.028 V                             ; 4.98e-10 s                 ; 4.96e-10 s                 ; Yes                       ; Yes                       ;
; led3[2]       ; 2.5 V        ; 0 s                 ; 0 s                 ; 2.32 V                       ; 3.07e-09 V                   ; 2.37 V              ; -0.00994 V          ; 0.186 V                              ; 0.028 V                              ; 4.98e-10 s                  ; 4.96e-10 s                  ; Yes                        ; Yes                        ; 2.32 V                      ; 3.07e-09 V                  ; 2.37 V             ; -0.00994 V         ; 0.186 V                             ; 0.028 V                             ; 4.98e-10 s                 ; 4.96e-10 s                 ; Yes                       ; Yes                       ;
; led3[3]       ; 2.5 V        ; 0 s                 ; 0 s                 ; 2.32 V                       ; 3.07e-09 V                   ; 2.37 V              ; -0.00994 V          ; 0.186 V                              ; 0.028 V                              ; 4.98e-10 s                  ; 4.96e-10 s                  ; Yes                        ; Yes                        ; 2.32 V                      ; 3.07e-09 V                  ; 2.37 V             ; -0.00994 V         ; 0.186 V                             ; 0.028 V                             ; 4.98e-10 s                 ; 4.96e-10 s                 ; Yes                       ; Yes                       ;
; led3[4]       ; 2.5 V        ; 0 s                 ; 0 s                 ; 2.32 V                       ; 3.07e-09 V                   ; 2.37 V              ; -0.00994 V          ; 0.186 V                              ; 0.028 V                              ; 4.98e-10 s                  ; 4.96e-10 s                  ; Yes                        ; Yes                        ; 2.32 V                      ; 3.07e-09 V                  ; 2.37 V             ; -0.00994 V         ; 0.186 V                             ; 0.028 V                             ; 4.98e-10 s                 ; 4.96e-10 s                 ; Yes                       ; Yes                       ;
; led3[5]       ; 2.5 V        ; 0 s                 ; 0 s                 ; 2.32 V                       ; 3.07e-09 V                   ; 2.37 V              ; -0.00994 V          ; 0.186 V                              ; 0.028 V                              ; 4.98e-10 s                  ; 4.96e-10 s                  ; Yes                        ; Yes                        ; 2.32 V                      ; 3.07e-09 V                  ; 2.37 V             ; -0.00994 V         ; 0.186 V                             ; 0.028 V                             ; 4.98e-10 s                 ; 4.96e-10 s                 ; Yes                       ; Yes                       ;
; led3[6]       ; 2.5 V        ; 0 s                 ; 0 s                 ; 2.32 V                       ; 3.07e-09 V                   ; 2.37 V              ; -0.00994 V          ; 0.186 V                              ; 0.028 V                              ; 4.98e-10 s                  ; 4.96e-10 s                  ; Yes                        ; Yes                        ; 2.32 V                      ; 3.07e-09 V                  ; 2.37 V             ; -0.00994 V         ; 0.186 V                             ; 0.028 V                             ; 4.98e-10 s                 ; 4.96e-10 s                 ; Yes                       ; Yes                       ;
; led4[0]       ; 2.5 V        ; 0 s                 ; 0 s                 ; 2.32 V                       ; 3.07e-09 V                   ; 2.37 V              ; -0.00994 V          ; 0.186 V                              ; 0.028 V                              ; 4.98e-10 s                  ; 4.96e-10 s                  ; Yes                        ; Yes                        ; 2.32 V                      ; 3.07e-09 V                  ; 2.37 V             ; -0.00994 V         ; 0.186 V                             ; 0.028 V                             ; 4.98e-10 s                 ; 4.96e-10 s                 ; Yes                       ; Yes                       ;
; led4[1]       ; 2.5 V        ; 0 s                 ; 0 s                 ; 2.32 V                       ; 3.07e-09 V                   ; 2.38 V              ; -0.0144 V           ; 0.227 V                              ; 0.024 V                              ; 3.14e-10 s                  ; 3.39e-10 s                  ; Yes                        ; Yes                        ; 2.32 V                      ; 3.07e-09 V                  ; 2.38 V             ; -0.0144 V          ; 0.227 V                             ; 0.024 V                             ; 3.14e-10 s                 ; 3.39e-10 s                 ; Yes                       ; Yes                       ;
; led4[2]       ; 2.5 V        ; 0 s                 ; 0 s                 ; 2.32 V                       ; 4.49e-09 V                   ; 2.33 V              ; -0.00467 V          ; 0.226 V                              ; 0.087 V                              ; 2.91e-09 s                  ; 2.74e-09 s                  ; Yes                        ; Yes                        ; 2.32 V                      ; 4.49e-09 V                  ; 2.33 V             ; -0.00467 V         ; 0.226 V                             ; 0.087 V                             ; 2.91e-09 s                 ; 2.74e-09 s                 ; Yes                       ; Yes                       ;
; led4[3]       ; 2.5 V        ; 0 s                 ; 0 s                 ; 2.32 V                       ; 4.49e-09 V                   ; 2.38 V              ; -0.00552 V          ; 0.096 V                              ; 0.019 V                              ; 4.18e-10 s                  ; 3.59e-10 s                  ; No                         ; Yes                        ; 2.32 V                      ; 4.49e-09 V                  ; 2.38 V             ; -0.00552 V         ; 0.096 V                             ; 0.019 V                             ; 4.18e-10 s                 ; 3.59e-10 s                 ; No                        ; Yes                       ;
; led4[4]       ; 2.5 V        ; 0 s                 ; 0 s                 ; 2.32 V                       ; 4.49e-09 V                   ; 2.38 V              ; -0.00552 V          ; 0.096 V                              ; 0.019 V                              ; 4.18e-10 s                  ; 3.59e-10 s                  ; No                         ; Yes                        ; 2.32 V                      ; 4.49e-09 V                  ; 2.38 V             ; -0.00552 V         ; 0.096 V                             ; 0.019 V                             ; 4.18e-10 s                 ; 3.59e-10 s                 ; No                        ; Yes                       ;
; led4[5]       ; 2.5 V        ; 0 s                 ; 0 s                 ; 2.32 V                       ; 4.49e-09 V                   ; 2.38 V              ; -0.00552 V          ; 0.096 V                              ; 0.019 V                              ; 4.18e-10 s                  ; 3.59e-10 s                  ; No                         ; Yes                        ; 2.32 V                      ; 4.49e-09 V                  ; 2.38 V             ; -0.00552 V         ; 0.096 V                             ; 0.019 V                             ; 4.18e-10 s                 ; 3.59e-10 s                 ; No                        ; Yes                       ;
; led4[6]       ; 2.5 V        ; 0 s                 ; 0 s                 ; 2.32 V                       ; 4.49e-09 V                   ; 2.38 V              ; -0.00552 V          ; 0.096 V                              ; 0.019 V                              ; 4.18e-10 s                  ; 3.59e-10 s                  ; No                         ; Yes                        ; 2.32 V                      ; 4.49e-09 V                  ; 2.38 V             ; -0.00552 V         ; 0.096 V                             ; 0.019 V                             ; 4.18e-10 s                 ; 3.59e-10 s                 ; No                        ; Yes                       ;
; led5[0]       ; 2.5 V        ; 0 s                 ; 0 s                 ; 2.32 V                       ; 4.49e-09 V                   ; 2.38 V              ; -0.00552 V          ; 0.096 V                              ; 0.019 V                              ; 4.18e-10 s                  ; 3.59e-10 s                  ; No                         ; Yes                        ; 2.32 V                      ; 4.49e-09 V                  ; 2.38 V             ; -0.00552 V         ; 0.096 V                             ; 0.019 V                             ; 4.18e-10 s                 ; 3.59e-10 s                 ; No                        ; Yes                       ;
; led5[1]       ; 2.5 V        ; 0 s                 ; 0 s                 ; 2.32 V                       ; 4.49e-09 V                   ; 2.38 V              ; -0.00552 V          ; 0.096 V                              ; 0.019 V                              ; 4.18e-10 s                  ; 3.59e-10 s                  ; No                         ; Yes                        ; 2.32 V                      ; 4.49e-09 V                  ; 2.38 V             ; -0.00552 V         ; 0.096 V                             ; 0.019 V                             ; 4.18e-10 s                 ; 3.59e-10 s                 ; No                        ; Yes                       ;
; led5[2]       ; 2.5 V        ; 0 s                 ; 0 s                 ; 2.32 V                       ; 4.49e-09 V                   ; 2.38 V              ; -0.00552 V          ; 0.096 V                              ; 0.019 V                              ; 4.18e-10 s                  ; 3.59e-10 s                  ; No                         ; Yes                        ; 2.32 V                      ; 4.49e-09 V                  ; 2.38 V             ; -0.00552 V         ; 0.096 V                             ; 0.019 V                             ; 4.18e-10 s                 ; 3.59e-10 s                 ; No                        ; Yes                       ;
; led5[3]       ; 2.5 V        ; 0 s                 ; 0 s                 ; 2.32 V                       ; 4.49e-09 V                   ; 2.38 V              ; -0.00552 V          ; 0.096 V                              ; 0.019 V                              ; 4.18e-10 s                  ; 3.59e-10 s                  ; No                         ; Yes                        ; 2.32 V                      ; 4.49e-09 V                  ; 2.38 V             ; -0.00552 V         ; 0.096 V                             ; 0.019 V                             ; 4.18e-10 s                 ; 3.59e-10 s                 ; No                        ; Yes                       ;
; led5[4]       ; 2.5 V        ; 0 s                 ; 0 s                 ; 2.32 V                       ; 4.49e-09 V                   ; 2.38 V              ; -0.00552 V          ; 0.096 V                              ; 0.019 V                              ; 4.18e-10 s                  ; 3.59e-10 s                  ; No                         ; Yes                        ; 2.32 V                      ; 4.49e-09 V                  ; 2.38 V             ; -0.00552 V         ; 0.096 V                             ; 0.019 V                             ; 4.18e-10 s                 ; 3.59e-10 s                 ; No                        ; Yes                       ;
; led5[5]       ; 2.5 V        ; 0 s                 ; 0 s                 ; 2.32 V                       ; 4.49e-09 V                   ; 2.38 V              ; -0.00552 V          ; 0.096 V                              ; 0.019 V                              ; 4.18e-10 s                  ; 3.59e-10 s                  ; No                         ; Yes                        ; 2.32 V                      ; 4.49e-09 V                  ; 2.38 V             ; -0.00552 V         ; 0.096 V                             ; 0.019 V                             ; 4.18e-10 s                 ; 3.59e-10 s                 ; No                        ; Yes                       ;
; led5[6]       ; 2.5 V        ; 0 s                 ; 0 s                 ; 2.32 V                       ; 4.49e-09 V                   ; 2.38 V              ; -0.00552 V          ; 0.096 V                              ; 0.019 V                              ; 4.18e-10 s                  ; 3.59e-10 s                  ; No                         ; Yes                        ; 2.32 V                      ; 4.49e-09 V                  ; 2.38 V             ; -0.00552 V         ; 0.096 V                             ; 0.019 V                             ; 4.18e-10 s                 ; 3.59e-10 s                 ; No                        ; Yes                       ;
; led6[0]       ; 2.5 V        ; 0 s                 ; 0 s                 ; 2.32 V                       ; 4.49e-09 V                   ; 2.38 V              ; -0.00552 V          ; 0.096 V                              ; 0.019 V                              ; 4.18e-10 s                  ; 3.59e-10 s                  ; No                         ; Yes                        ; 2.32 V                      ; 4.49e-09 V                  ; 2.38 V             ; -0.00552 V         ; 0.096 V                             ; 0.019 V                             ; 4.18e-10 s                 ; 3.59e-10 s                 ; No                        ; Yes                       ;
; led6[1]       ; 2.5 V        ; 0 s                 ; 0 s                 ; 2.32 V                       ; 4.49e-09 V                   ; 2.33 V              ; -0.00467 V          ; 0.226 V                              ; 0.087 V                              ; 2.91e-09 s                  ; 2.74e-09 s                  ; Yes                        ; Yes                        ; 2.32 V                      ; 4.49e-09 V                  ; 2.33 V             ; -0.00467 V         ; 0.226 V                             ; 0.087 V                             ; 2.91e-09 s                 ; 2.74e-09 s                 ; Yes                       ; Yes                       ;
; led6[2]       ; 2.5 V        ; 0 s                 ; 0 s                 ; 2.32 V                       ; 4.49e-09 V                   ; 2.38 V              ; -0.00552 V          ; 0.096 V                              ; 0.019 V                              ; 4.18e-10 s                  ; 3.59e-10 s                  ; No                         ; Yes                        ; 2.32 V                      ; 4.49e-09 V                  ; 2.38 V             ; -0.00552 V         ; 0.096 V                             ; 0.019 V                             ; 4.18e-10 s                 ; 3.59e-10 s                 ; No                        ; Yes                       ;
; led6[3]       ; 2.5 V        ; 0 s                 ; 0 s                 ; 2.32 V                       ; 4.49e-09 V                   ; 2.38 V              ; -0.00552 V          ; 0.096 V                              ; 0.019 V                              ; 4.18e-10 s                  ; 3.59e-10 s                  ; No                         ; Yes                        ; 2.32 V                      ; 4.49e-09 V                  ; 2.38 V             ; -0.00552 V         ; 0.096 V                             ; 0.019 V                             ; 4.18e-10 s                 ; 3.59e-10 s                 ; No                        ; Yes                       ;
; led6[4]       ; 2.5 V        ; 0 s                 ; 0 s                 ; 2.32 V                       ; 4.49e-09 V                   ; 2.38 V              ; -0.00552 V          ; 0.096 V                              ; 0.019 V                              ; 4.18e-10 s                  ; 3.59e-10 s                  ; No                         ; Yes                        ; 2.32 V                      ; 4.49e-09 V                  ; 2.38 V             ; -0.00552 V         ; 0.096 V                             ; 0.019 V                             ; 4.18e-10 s                 ; 3.59e-10 s                 ; No                        ; Yes                       ;
; led6[5]       ; 2.5 V        ; 0 s                 ; 0 s                 ; 2.32 V                       ; 4.49e-09 V                   ; 2.38 V              ; -0.00552 V          ; 0.096 V                              ; 0.019 V                              ; 4.18e-10 s                  ; 3.59e-10 s                  ; No                         ; Yes                        ; 2.32 V                      ; 4.49e-09 V                  ; 2.38 V             ; -0.00552 V         ; 0.096 V                             ; 0.019 V                             ; 4.18e-10 s                 ; 3.59e-10 s                 ; No                        ; Yes                       ;
; led6[6]       ; 2.5 V        ; 0 s                 ; 0 s                 ; 2.32 V                       ; 4.49e-09 V                   ; 2.38 V              ; -0.00552 V          ; 0.096 V                              ; 0.019 V                              ; 4.18e-10 s                  ; 3.59e-10 s                  ; No                         ; Yes                        ; 2.32 V                      ; 4.49e-09 V                  ; 2.38 V             ; -0.00552 V         ; 0.096 V                             ; 0.019 V                             ; 4.18e-10 s                 ; 3.59e-10 s                 ; No                        ; Yes                       ;
; ~ALTERA_DCLK~ ; 2.5 V        ; 0 s                 ; 0 s                 ; 2.32 V                       ; 2.67e-09 V                   ; 2.38 V              ; -0.0485 V           ; 0.167 V                              ; 0.096 V                              ; 2.95e-10 s                  ; 2.73e-10 s                  ; Yes                        ; Yes                        ; 2.32 V                      ; 2.67e-09 V                  ; 2.38 V             ; -0.0485 V          ; 0.167 V                             ; 0.096 V                             ; 2.95e-10 s                 ; 2.73e-10 s                 ; Yes                       ; Yes                       ;
; ~ALTERA_nCEO~ ; 2.5 V        ; 0 s                 ; 0 s                 ; 2.32 V                       ; 4.18e-09 V                   ; 2.38 V              ; -0.00483 V          ; 0.152 V                              ; 0.012 V                              ; 4.81e-10 s                  ; 6.29e-10 s                  ; Yes                        ; Yes                        ; 2.32 V                      ; 4.18e-09 V                  ; 2.38 V             ; -0.00483 V         ; 0.152 V                             ; 0.012 V                             ; 4.81e-10 s                 ; 6.29e-10 s                 ; Yes                       ; Yes                       ;
+---------------+--------------+---------------------+---------------------+------------------------------+------------------------------+---------------------+---------------------+--------------------------------------+--------------------------------------+-----------------------------+-----------------------------+----------------------------+----------------------------+-----------------------------+-----------------------------+--------------------+--------------------+-------------------------------------+-------------------------------------+----------------------------+----------------------------+---------------------------+---------------------------+


+--------------------------------------------------------------------------------------------------------------------------------------------------------------------------------------------------------------------------------------------------------------------------------------------------------------------------------------------------------------------------------------------------------------------------------------------------------------------------------------------------------------------------------------------------------------------------------------------------------------------------------------------------------------------------------------------+
; Signal Integrity Metrics (Slow 1200mv 85c Model)                                                                                                                                                                                                                                                                                                                                                                                                                                                                                                                                                                                                                                           ;
+---------------+--------------+---------------------+---------------------+------------------------------+------------------------------+---------------------+---------------------+--------------------------------------+--------------------------------------+-----------------------------+-----------------------------+----------------------------+----------------------------+-----------------------------+-----------------------------+--------------------+--------------------+-------------------------------------+-------------------------------------+----------------------------+----------------------------+---------------------------+---------------------------+
; Pin           ; I/O Standard ; Board Delay on Rise ; Board Delay on Fall ; Steady State Voh at FPGA Pin ; Steady State Vol at FPGA Pin ; Voh Max at FPGA Pin ; Vol Min at FPGA Pin ; Ringback Voltage on Rise at FPGA Pin ; Ringback Voltage on Fall at FPGA Pin ; 10-90 Rise Time at FPGA Pin ; 90-10 Fall Time at FPGA Pin ; Monotonic Rise at FPGA Pin ; Monotonic Fall at FPGA Pin ; Steady State Voh at Far-end ; Steady State Vol at Far-end ; Voh Max at Far-end ; Vol Min at Far-end ; Ringback Voltage on Rise at Far-end ; Ringback Voltage on Fall at Far-end ; 10-90 Rise Time at Far-end ; 90-10 Fall Time at Far-end ; Monotonic Rise at Far-end ; Monotonic Fall at Far-end ;
+---------------+--------------+---------------------+---------------------+------------------------------+------------------------------+---------------------+---------------------+--------------------------------------+--------------------------------------+-----------------------------+-----------------------------+----------------------------+----------------------------+-----------------------------+-----------------------------+--------------------+--------------------+-------------------------------------+-------------------------------------+----------------------------+----------------------------+---------------------------+---------------------------+
; led1[0]       ; 2.5 V        ; 0 s                 ; 0 s                 ; 2.32 V                       ; 6.92e-07 V                   ; 2.35 V              ; -0.00996 V          ; 0.121 V                              ; 0.03 V                               ; 4.64e-10 s                  ; 4.47e-10 s                  ; Yes                        ; Yes                        ; 2.32 V                      ; 6.92e-07 V                  ; 2.35 V             ; -0.00996 V         ; 0.121 V                             ; 0.03 V                              ; 4.64e-10 s                 ; 4.47e-10 s                 ; Yes                       ; Yes                       ;
; led1[1]       ; 2.5 V        ; 0 s                 ; 0 s                 ; 2.32 V                       ; 6.92e-07 V                   ; 2.33 V              ; -0.00265 V          ; 0.133 V                              ; 0.056 V                              ; 3.55e-09 s                  ; 3.31e-09 s                  ; Yes                        ; Yes                        ; 2.32 V                      ; 6.92e-07 V                  ; 2.33 V             ; -0.00265 V         ; 0.133 V                             ; 0.056 V                             ; 3.55e-09 s                 ; 3.31e-09 s                 ; Yes                       ; Yes                       ;
; led1[2]       ; 2.5 V        ; 0 s                 ; 0 s                 ; 2.32 V                       ; 6.92e-07 V                   ; 2.35 V              ; -0.00996 V          ; 0.121 V                              ; 0.03 V                               ; 4.64e-10 s                  ; 4.47e-10 s                  ; Yes                        ; Yes                        ; 2.32 V                      ; 6.92e-07 V                  ; 2.35 V             ; -0.00996 V         ; 0.121 V                             ; 0.03 V                              ; 4.64e-10 s                 ; 4.47e-10 s                 ; Yes                       ; Yes                       ;
; led1[3]       ; 2.5 V        ; 0 s                 ; 0 s                 ; 2.32 V                       ; 4.67e-07 V                   ; 2.36 V              ; -0.00552 V          ; 0.11 V                               ; 0.007 V                              ; 4.54e-10 s                  ; 4.35e-10 s                  ; Yes                        ; Yes                        ; 2.32 V                      ; 4.67e-07 V                  ; 2.36 V             ; -0.00552 V         ; 0.11 V                              ; 0.007 V                             ; 4.54e-10 s                 ; 4.35e-10 s                 ; Yes                       ; Yes                       ;
; led1[4]       ; 2.5 V        ; 0 s                 ; 0 s                 ; 2.32 V                       ; 4.67e-07 V                   ; 2.36 V              ; -0.00552 V          ; 0.11 V                               ; 0.007 V                              ; 4.54e-10 s                  ; 4.35e-10 s                  ; Yes                        ; Yes                        ; 2.32 V                      ; 4.67e-07 V                  ; 2.36 V             ; -0.00552 V         ; 0.11 V                              ; 0.007 V                             ; 4.54e-10 s                 ; 4.35e-10 s                 ; Yes                       ; Yes                       ;
; led1[5]       ; 2.5 V        ; 0 s                 ; 0 s                 ; 2.32 V                       ; 4.67e-07 V                   ; 2.33 V              ; -0.00269 V          ; 0.13 V                               ; 0.055 V                              ; 3.54e-09 s                  ; 3.29e-09 s                  ; Yes                        ; Yes                        ; 2.32 V                      ; 4.67e-07 V                  ; 2.33 V             ; -0.00269 V         ; 0.13 V                              ; 0.055 V                             ; 3.54e-09 s                 ; 3.29e-09 s                 ; Yes                       ; Yes                       ;
; led1[6]       ; 2.5 V        ; 0 s                 ; 0 s                 ; 2.32 V                       ; 4.67e-07 V                   ; 2.36 V              ; -0.00552 V          ; 0.11 V                               ; 0.007 V                              ; 4.54e-10 s                  ; 4.35e-10 s                  ; Yes                        ; Yes                        ; 2.32 V                      ; 4.67e-07 V                  ; 2.36 V             ; -0.00552 V         ; 0.11 V                              ; 0.007 V                             ; 4.54e-10 s                 ; 4.35e-10 s                 ; Yes                       ; Yes                       ;
; led2[0]       ; 2.5 V        ; 0 s                 ; 0 s                 ; 2.32 V                       ; 4.67e-07 V                   ; 2.36 V              ; -0.00552 V          ; 0.11 V                               ; 0.007 V                              ; 4.54e-10 s                  ; 4.35e-10 s                  ; Yes                        ; Yes                        ; 2.32 V                      ; 4.67e-07 V                  ; 2.36 V             ; -0.00552 V         ; 0.11 V                              ; 0.007 V                             ; 4.54e-10 s                 ; 4.35e-10 s                 ; Yes                       ; Yes                       ;
; led2[1]       ; 2.5 V        ; 0 s                 ; 0 s                 ; 2.32 V                       ; 4.67e-07 V                   ; 2.35 V              ; -0.00942 V          ; 0.116 V                              ; 0.033 V                              ; 6.66e-10 s                  ; 6.27e-10 s                  ; Yes                        ; Yes                        ; 2.32 V                      ; 4.67e-07 V                  ; 2.35 V             ; -0.00942 V         ; 0.116 V                             ; 0.033 V                             ; 6.66e-10 s                 ; 6.27e-10 s                 ; Yes                       ; Yes                       ;
; led2[2]       ; 2.5 V        ; 0 s                 ; 0 s                 ; 2.32 V                       ; 4.67e-07 V                   ; 2.35 V              ; -0.00942 V          ; 0.116 V                              ; 0.033 V                              ; 6.66e-10 s                  ; 6.27e-10 s                  ; Yes                        ; Yes                        ; 2.32 V                      ; 4.67e-07 V                  ; 2.35 V             ; -0.00942 V         ; 0.116 V                             ; 0.033 V                             ; 6.66e-10 s                 ; 6.27e-10 s                 ; Yes                       ; Yes                       ;
; led2[3]       ; 2.5 V        ; 0 s                 ; 0 s                 ; 2.32 V                       ; 4.67e-07 V                   ; 2.35 V              ; -0.00942 V          ; 0.116 V                              ; 0.033 V                              ; 6.66e-10 s                  ; 6.27e-10 s                  ; Yes                        ; Yes                        ; 2.32 V                      ; 4.67e-07 V                  ; 2.35 V             ; -0.00942 V         ; 0.116 V                             ; 0.033 V                             ; 6.66e-10 s                 ; 6.27e-10 s                 ; Yes                       ; Yes                       ;
; led2[4]       ; 2.5 V        ; 0 s                 ; 0 s                 ; 2.32 V                       ; 4.67e-07 V                   ; 2.35 V              ; -0.00942 V          ; 0.116 V                              ; 0.033 V                              ; 6.66e-10 s                  ; 6.27e-10 s                  ; Yes                        ; Yes                        ; 2.32 V                      ; 4.67e-07 V                  ; 2.35 V             ; -0.00942 V         ; 0.116 V                             ; 0.033 V                             ; 6.66e-10 s                 ; 6.27e-10 s                 ; Yes                       ; Yes                       ;
; led2[5]       ; 2.5 V        ; 0 s                 ; 0 s                 ; 2.32 V                       ; 4.67e-07 V                   ; 2.33 V              ; -0.00269 V          ; 0.13 V                               ; 0.055 V                              ; 3.54e-09 s                  ; 3.29e-09 s                  ; Yes                        ; Yes                        ; 2.32 V                      ; 4.67e-07 V                  ; 2.33 V             ; -0.00269 V         ; 0.13 V                              ; 0.055 V                             ; 3.54e-09 s                 ; 3.29e-09 s                 ; Yes                       ; Yes                       ;
; led2[6]       ; 2.5 V        ; 0 s                 ; 0 s                 ; 2.32 V                       ; 4.67e-07 V                   ; 2.33 V              ; -0.00269 V          ; 0.13 V                               ; 0.055 V                              ; 3.54e-09 s                  ; 3.29e-09 s                  ; Yes                        ; Yes                        ; 2.32 V                      ; 4.67e-07 V                  ; 2.33 V             ; -0.00269 V         ; 0.13 V                              ; 0.055 V                             ; 3.54e-09 s                 ; 3.29e-09 s                 ; Yes                       ; Yes                       ;
; led3[0]       ; 2.5 V        ; 0 s                 ; 0 s                 ; 2.32 V                       ; 4.67e-07 V                   ; 2.35 V              ; -0.00942 V          ; 0.116 V                              ; 0.033 V                              ; 6.66e-10 s                  ; 6.27e-10 s                  ; Yes                        ; Yes                        ; 2.32 V                      ; 4.67e-07 V                  ; 2.35 V             ; -0.00942 V         ; 0.116 V                             ; 0.033 V                             ; 6.66e-10 s                 ; 6.27e-10 s                 ; Yes                       ; Yes                       ;
; led3[1]       ; 2.5 V        ; 0 s                 ; 0 s                 ; 2.32 V                       ; 4.67e-07 V                   ; 2.35 V              ; -0.00942 V          ; 0.116 V                              ; 0.033 V                              ; 6.66e-10 s                  ; 6.27e-10 s                  ; Yes                        ; Yes                        ; 2.32 V                      ; 4.67e-07 V                  ; 2.35 V             ; -0.00942 V         ; 0.116 V                             ; 0.033 V                             ; 6.66e-10 s                 ; 6.27e-10 s                 ; Yes                       ; Yes                       ;
; led3[2]       ; 2.5 V        ; 0 s                 ; 0 s                 ; 2.32 V                       ; 4.67e-07 V                   ; 2.35 V              ; -0.00942 V          ; 0.116 V                              ; 0.033 V                              ; 6.66e-10 s                  ; 6.27e-10 s                  ; Yes                        ; Yes                        ; 2.32 V                      ; 4.67e-07 V                  ; 2.35 V             ; -0.00942 V         ; 0.116 V                             ; 0.033 V                             ; 6.66e-10 s                 ; 6.27e-10 s                 ; Yes                       ; Yes                       ;
; led3[3]       ; 2.5 V        ; 0 s                 ; 0 s                 ; 2.32 V                       ; 4.67e-07 V                   ; 2.35 V              ; -0.00942 V          ; 0.116 V                              ; 0.033 V                              ; 6.66e-10 s                  ; 6.27e-10 s                  ; Yes                        ; Yes                        ; 2.32 V                      ; 4.67e-07 V                  ; 2.35 V             ; -0.00942 V         ; 0.116 V                             ; 0.033 V                             ; 6.66e-10 s                 ; 6.27e-10 s                 ; Yes                       ; Yes                       ;
; led3[4]       ; 2.5 V        ; 0 s                 ; 0 s                 ; 2.32 V                       ; 4.67e-07 V                   ; 2.35 V              ; -0.00942 V          ; 0.116 V                              ; 0.033 V                              ; 6.66e-10 s                  ; 6.27e-10 s                  ; Yes                        ; Yes                        ; 2.32 V                      ; 4.67e-07 V                  ; 2.35 V             ; -0.00942 V         ; 0.116 V                             ; 0.033 V                             ; 6.66e-10 s                 ; 6.27e-10 s                 ; Yes                       ; Yes                       ;
; led3[5]       ; 2.5 V        ; 0 s                 ; 0 s                 ; 2.32 V                       ; 4.67e-07 V                   ; 2.35 V              ; -0.00942 V          ; 0.116 V                              ; 0.033 V                              ; 6.66e-10 s                  ; 6.27e-10 s                  ; Yes                        ; Yes                        ; 2.32 V                      ; 4.67e-07 V                  ; 2.35 V             ; -0.00942 V         ; 0.116 V                             ; 0.033 V                             ; 6.66e-10 s                 ; 6.27e-10 s                 ; Yes                       ; Yes                       ;
; led3[6]       ; 2.5 V        ; 0 s                 ; 0 s                 ; 2.32 V                       ; 4.67e-07 V                   ; 2.35 V              ; -0.00942 V          ; 0.116 V                              ; 0.033 V                              ; 6.66e-10 s                  ; 6.27e-10 s                  ; Yes                        ; Yes                        ; 2.32 V                      ; 4.67e-07 V                  ; 2.35 V             ; -0.00942 V         ; 0.116 V                             ; 0.033 V                             ; 6.66e-10 s                 ; 6.27e-10 s                 ; Yes                       ; Yes                       ;
; led4[0]       ; 2.5 V        ; 0 s                 ; 0 s                 ; 2.32 V                       ; 4.67e-07 V                   ; 2.35 V              ; -0.00942 V          ; 0.116 V                              ; 0.033 V                              ; 6.66e-10 s                  ; 6.27e-10 s                  ; Yes                        ; Yes                        ; 2.32 V                      ; 4.67e-07 V                  ; 2.35 V             ; -0.00942 V         ; 0.116 V                             ; 0.033 V                             ; 6.66e-10 s                 ; 6.27e-10 s                 ; Yes                       ; Yes                       ;
; led4[1]       ; 2.5 V        ; 0 s                 ; 0 s                 ; 2.32 V                       ; 4.67e-07 V                   ; 2.36 V              ; -0.00552 V          ; 0.11 V                               ; 0.007 V                              ; 4.54e-10 s                  ; 4.35e-10 s                  ; Yes                        ; Yes                        ; 2.32 V                      ; 4.67e-07 V                  ; 2.36 V             ; -0.00552 V         ; 0.11 V                              ; 0.007 V                             ; 4.54e-10 s                 ; 4.35e-10 s                 ; Yes                       ; Yes                       ;
; led4[2]       ; 2.5 V        ; 0 s                 ; 0 s                 ; 2.32 V                       ; 6.92e-07 V                   ; 2.33 V              ; -0.00265 V          ; 0.133 V                              ; 0.056 V                              ; 3.55e-09 s                  ; 3.31e-09 s                  ; Yes                        ; Yes                        ; 2.32 V                      ; 6.92e-07 V                  ; 2.33 V             ; -0.00265 V         ; 0.133 V                             ; 0.056 V                             ; 3.55e-09 s                 ; 3.31e-09 s                 ; Yes                       ; Yes                       ;
; led4[3]       ; 2.5 V        ; 0 s                 ; 0 s                 ; 2.32 V                       ; 6.92e-07 V                   ; 2.35 V              ; -0.00996 V          ; 0.121 V                              ; 0.03 V                               ; 4.64e-10 s                  ; 4.47e-10 s                  ; Yes                        ; Yes                        ; 2.32 V                      ; 6.92e-07 V                  ; 2.35 V             ; -0.00996 V         ; 0.121 V                             ; 0.03 V                              ; 4.64e-10 s                 ; 4.47e-10 s                 ; Yes                       ; Yes                       ;
; led4[4]       ; 2.5 V        ; 0 s                 ; 0 s                 ; 2.32 V                       ; 6.92e-07 V                   ; 2.35 V              ; -0.00996 V          ; 0.121 V                              ; 0.03 V                               ; 4.64e-10 s                  ; 4.47e-10 s                  ; Yes                        ; Yes                        ; 2.32 V                      ; 6.92e-07 V                  ; 2.35 V             ; -0.00996 V         ; 0.121 V                             ; 0.03 V                              ; 4.64e-10 s                 ; 4.47e-10 s                 ; Yes                       ; Yes                       ;
; led4[5]       ; 2.5 V        ; 0 s                 ; 0 s                 ; 2.32 V                       ; 6.92e-07 V                   ; 2.35 V              ; -0.00996 V          ; 0.121 V                              ; 0.03 V                               ; 4.64e-10 s                  ; 4.47e-10 s                  ; Yes                        ; Yes                        ; 2.32 V                      ; 6.92e-07 V                  ; 2.35 V             ; -0.00996 V         ; 0.121 V                             ; 0.03 V                              ; 4.64e-10 s                 ; 4.47e-10 s                 ; Yes                       ; Yes                       ;
; led4[6]       ; 2.5 V        ; 0 s                 ; 0 s                 ; 2.32 V                       ; 6.92e-07 V                   ; 2.35 V              ; -0.00996 V          ; 0.121 V                              ; 0.03 V                               ; 4.64e-10 s                  ; 4.47e-10 s                  ; Yes                        ; Yes                        ; 2.32 V                      ; 6.92e-07 V                  ; 2.35 V             ; -0.00996 V         ; 0.121 V                             ; 0.03 V                              ; 4.64e-10 s                 ; 4.47e-10 s                 ; Yes                       ; Yes                       ;
; led5[0]       ; 2.5 V        ; 0 s                 ; 0 s                 ; 2.32 V                       ; 6.92e-07 V                   ; 2.35 V              ; -0.00996 V          ; 0.121 V                              ; 0.03 V                               ; 4.64e-10 s                  ; 4.47e-10 s                  ; Yes                        ; Yes                        ; 2.32 V                      ; 6.92e-07 V                  ; 2.35 V             ; -0.00996 V         ; 0.121 V                             ; 0.03 V                              ; 4.64e-10 s                 ; 4.47e-10 s                 ; Yes                       ; Yes                       ;
; led5[1]       ; 2.5 V        ; 0 s                 ; 0 s                 ; 2.32 V                       ; 6.92e-07 V                   ; 2.35 V              ; -0.00996 V          ; 0.121 V                              ; 0.03 V                               ; 4.64e-10 s                  ; 4.47e-10 s                  ; Yes                        ; Yes                        ; 2.32 V                      ; 6.92e-07 V                  ; 2.35 V             ; -0.00996 V         ; 0.121 V                             ; 0.03 V                              ; 4.64e-10 s                 ; 4.47e-10 s                 ; Yes                       ; Yes                       ;
; led5[2]       ; 2.5 V        ; 0 s                 ; 0 s                 ; 2.32 V                       ; 6.92e-07 V                   ; 2.35 V              ; -0.00996 V          ; 0.121 V                              ; 0.03 V                               ; 4.64e-10 s                  ; 4.47e-10 s                  ; Yes                        ; Yes                        ; 2.32 V                      ; 6.92e-07 V                  ; 2.35 V             ; -0.00996 V         ; 0.121 V                             ; 0.03 V                              ; 4.64e-10 s                 ; 4.47e-10 s                 ; Yes                       ; Yes                       ;
; led5[3]       ; 2.5 V        ; 0 s                 ; 0 s                 ; 2.32 V                       ; 6.92e-07 V                   ; 2.35 V              ; -0.00996 V          ; 0.121 V                              ; 0.03 V                               ; 4.64e-10 s                  ; 4.47e-10 s                  ; Yes                        ; Yes                        ; 2.32 V                      ; 6.92e-07 V                  ; 2.35 V             ; -0.00996 V         ; 0.121 V                             ; 0.03 V                              ; 4.64e-10 s                 ; 4.47e-10 s                 ; Yes                       ; Yes                       ;
; led5[4]       ; 2.5 V        ; 0 s                 ; 0 s                 ; 2.32 V                       ; 6.92e-07 V                   ; 2.35 V              ; -0.00996 V          ; 0.121 V                              ; 0.03 V                               ; 4.64e-10 s                  ; 4.47e-10 s                  ; Yes                        ; Yes                        ; 2.32 V                      ; 6.92e-07 V                  ; 2.35 V             ; -0.00996 V         ; 0.121 V                             ; 0.03 V                              ; 4.64e-10 s                 ; 4.47e-10 s                 ; Yes                       ; Yes                       ;
; led5[5]       ; 2.5 V        ; 0 s                 ; 0 s                 ; 2.32 V                       ; 6.92e-07 V                   ; 2.35 V              ; -0.00996 V          ; 0.121 V                              ; 0.03 V                               ; 4.64e-10 s                  ; 4.47e-10 s                  ; Yes                        ; Yes                        ; 2.32 V                      ; 6.92e-07 V                  ; 2.35 V             ; -0.00996 V         ; 0.121 V                             ; 0.03 V                              ; 4.64e-10 s                 ; 4.47e-10 s                 ; Yes                       ; Yes                       ;
; led5[6]       ; 2.5 V        ; 0 s                 ; 0 s                 ; 2.32 V                       ; 6.92e-07 V                   ; 2.35 V              ; -0.00996 V          ; 0.121 V                              ; 0.03 V                               ; 4.64e-10 s                  ; 4.47e-10 s                  ; Yes                        ; Yes                        ; 2.32 V                      ; 6.92e-07 V                  ; 2.35 V             ; -0.00996 V         ; 0.121 V                             ; 0.03 V                              ; 4.64e-10 s                 ; 4.47e-10 s                 ; Yes                       ; Yes                       ;
; led6[0]       ; 2.5 V        ; 0 s                 ; 0 s                 ; 2.32 V                       ; 6.92e-07 V                   ; 2.35 V              ; -0.00996 V          ; 0.121 V                              ; 0.03 V                               ; 4.64e-10 s                  ; 4.47e-10 s                  ; Yes                        ; Yes                        ; 2.32 V                      ; 6.92e-07 V                  ; 2.35 V             ; -0.00996 V         ; 0.121 V                             ; 0.03 V                              ; 4.64e-10 s                 ; 4.47e-10 s                 ; Yes                       ; Yes                       ;
; led6[1]       ; 2.5 V        ; 0 s                 ; 0 s                 ; 2.32 V                       ; 6.92e-07 V                   ; 2.33 V              ; -0.00265 V          ; 0.133 V                              ; 0.056 V                              ; 3.55e-09 s                  ; 3.31e-09 s                  ; Yes                        ; Yes                        ; 2.32 V                      ; 6.92e-07 V                  ; 2.33 V             ; -0.00265 V         ; 0.133 V                             ; 0.056 V                             ; 3.55e-09 s                 ; 3.31e-09 s                 ; Yes                       ; Yes                       ;
; led6[2]       ; 2.5 V        ; 0 s                 ; 0 s                 ; 2.32 V                       ; 6.92e-07 V                   ; 2.35 V              ; -0.00996 V          ; 0.121 V                              ; 0.03 V                               ; 4.64e-10 s                  ; 4.47e-10 s                  ; Yes                        ; Yes                        ; 2.32 V                      ; 6.92e-07 V                  ; 2.35 V             ; -0.00996 V         ; 0.121 V                             ; 0.03 V                              ; 4.64e-10 s                 ; 4.47e-10 s                 ; Yes                       ; Yes                       ;
; led6[3]       ; 2.5 V        ; 0 s                 ; 0 s                 ; 2.32 V                       ; 6.92e-07 V                   ; 2.35 V              ; -0.00996 V          ; 0.121 V                              ; 0.03 V                               ; 4.64e-10 s                  ; 4.47e-10 s                  ; Yes                        ; Yes                        ; 2.32 V                      ; 6.92e-07 V                  ; 2.35 V             ; -0.00996 V         ; 0.121 V                             ; 0.03 V                              ; 4.64e-10 s                 ; 4.47e-10 s                 ; Yes                       ; Yes                       ;
; led6[4]       ; 2.5 V        ; 0 s                 ; 0 s                 ; 2.32 V                       ; 6.92e-07 V                   ; 2.35 V              ; -0.00996 V          ; 0.121 V                              ; 0.03 V                               ; 4.64e-10 s                  ; 4.47e-10 s                  ; Yes                        ; Yes                        ; 2.32 V                      ; 6.92e-07 V                  ; 2.35 V             ; -0.00996 V         ; 0.121 V                             ; 0.03 V                              ; 4.64e-10 s                 ; 4.47e-10 s                 ; Yes                       ; Yes                       ;
; led6[5]       ; 2.5 V        ; 0 s                 ; 0 s                 ; 2.32 V                       ; 6.92e-07 V                   ; 2.35 V              ; -0.00996 V          ; 0.121 V                              ; 0.03 V                               ; 4.64e-10 s                  ; 4.47e-10 s                  ; Yes                        ; Yes                        ; 2.32 V                      ; 6.92e-07 V                  ; 2.35 V             ; -0.00996 V         ; 0.121 V                             ; 0.03 V                              ; 4.64e-10 s                 ; 4.47e-10 s                 ; Yes                       ; Yes                       ;
; led6[6]       ; 2.5 V        ; 0 s                 ; 0 s                 ; 2.32 V                       ; 6.92e-07 V                   ; 2.35 V              ; -0.00996 V          ; 0.121 V                              ; 0.03 V                               ; 4.64e-10 s                  ; 4.47e-10 s                  ; Yes                        ; Yes                        ; 2.32 V                      ; 6.92e-07 V                  ; 2.35 V             ; -0.00996 V         ; 0.121 V                             ; 0.03 V                              ; 4.64e-10 s                 ; 4.47e-10 s                 ; Yes                       ; Yes                       ;
; ~ALTERA_DCLK~ ; 2.5 V        ; 0 s                 ; 0 s                 ; 2.32 V                       ; 3.75e-07 V                   ; 2.35 V              ; -0.0109 V           ; 0.084 V                              ; 0.027 V                              ; 4.31e-10 s                  ; 3.61e-10 s                  ; Yes                        ; Yes                        ; 2.32 V                      ; 3.75e-07 V                  ; 2.35 V             ; -0.0109 V          ; 0.084 V                             ; 0.027 V                             ; 4.31e-10 s                 ; 3.61e-10 s                 ; Yes                       ; Yes                       ;
; ~ALTERA_nCEO~ ; 2.5 V        ; 0 s                 ; 0 s                 ; 2.32 V                       ; 6.15e-07 V                   ; 2.35 V              ; -0.00712 V          ; 0.093 V                              ; 0.02 V                               ; 6.21e-10 s                  ; 7.9e-10 s                   ; Yes                        ; Yes                        ; 2.32 V                      ; 6.15e-07 V                  ; 2.35 V             ; -0.00712 V         ; 0.093 V                             ; 0.02 V                              ; 6.21e-10 s                 ; 7.9e-10 s                  ; Yes                       ; Yes                       ;
+---------------+--------------+---------------------+---------------------+------------------------------+------------------------------+---------------------+---------------------+--------------------------------------+--------------------------------------+-----------------------------+-----------------------------+----------------------------+----------------------------+-----------------------------+-----------------------------+--------------------+--------------------+-------------------------------------+-------------------------------------+----------------------------+----------------------------+---------------------------+---------------------------+


+--------------------------------------------------------------------------------------------------------------------------------------------------------------------------------------------------------------------------------------------------------------------------------------------------------------------------------------------------------------------------------------------------------------------------------------------------------------------------------------------------------------------------------------------------------------------------------------------------------------------------------------------------------------------------------------------+
; Signal Integrity Metrics (Fast 1200mv 0c Model)                                                                                                                                                                                                                                                                                                                                                                                                                                                                                                                                                                                                                                            ;
+---------------+--------------+---------------------+---------------------+------------------------------+------------------------------+---------------------+---------------------+--------------------------------------+--------------------------------------+-----------------------------+-----------------------------+----------------------------+----------------------------+-----------------------------+-----------------------------+--------------------+--------------------+-------------------------------------+-------------------------------------+----------------------------+----------------------------+---------------------------+---------------------------+
; Pin           ; I/O Standard ; Board Delay on Rise ; Board Delay on Fall ; Steady State Voh at FPGA Pin ; Steady State Vol at FPGA Pin ; Voh Max at FPGA Pin ; Vol Min at FPGA Pin ; Ringback Voltage on Rise at FPGA Pin ; Ringback Voltage on Fall at FPGA Pin ; 10-90 Rise Time at FPGA Pin ; 90-10 Fall Time at FPGA Pin ; Monotonic Rise at FPGA Pin ; Monotonic Fall at FPGA Pin ; Steady State Voh at Far-end ; Steady State Vol at Far-end ; Voh Max at Far-end ; Vol Min at Far-end ; Ringback Voltage on Rise at Far-end ; Ringback Voltage on Fall at Far-end ; 10-90 Rise Time at Far-end ; 90-10 Fall Time at Far-end ; Monotonic Rise at Far-end ; Monotonic Fall at Far-end ;
+---------------+--------------+---------------------+---------------------+------------------------------+------------------------------+---------------------+---------------------+--------------------------------------+--------------------------------------+-----------------------------+-----------------------------+----------------------------+----------------------------+-----------------------------+-----------------------------+--------------------+--------------------+-------------------------------------+-------------------------------------+----------------------------+----------------------------+---------------------------+---------------------------+
; led1[0]       ; 2.5 V        ; 0 s                 ; 0 s                 ; 2.62 V                       ; 4.05e-08 V                   ; 2.72 V              ; -0.0349 V           ; 0.173 V                              ; 0.1 V                                ; 2.72e-10 s                  ; 2.69e-10 s                  ; Yes                        ; Yes                        ; 2.62 V                      ; 4.05e-08 V                  ; 2.72 V             ; -0.0349 V          ; 0.173 V                             ; 0.1 V                               ; 2.72e-10 s                 ; 2.69e-10 s                 ; Yes                       ; Yes                       ;
; led1[1]       ; 2.5 V        ; 0 s                 ; 0 s                 ; 2.62 V                       ; 4.05e-08 V                   ; 2.64 V              ; -0.0113 V           ; 0.208 V                              ; 0.179 V                              ; 2.38e-09 s                  ; 2.23e-09 s                  ; No                         ; Yes                        ; 2.62 V                      ; 4.05e-08 V                  ; 2.64 V             ; -0.0113 V          ; 0.208 V                             ; 0.179 V                             ; 2.38e-09 s                 ; 2.23e-09 s                 ; No                        ; Yes                       ;
; led1[2]       ; 2.5 V        ; 0 s                 ; 0 s                 ; 2.62 V                       ; 4.05e-08 V                   ; 2.72 V              ; -0.0349 V           ; 0.173 V                              ; 0.1 V                                ; 2.72e-10 s                  ; 2.69e-10 s                  ; Yes                        ; Yes                        ; 2.62 V                      ; 4.05e-08 V                  ; 2.72 V             ; -0.0349 V          ; 0.173 V                             ; 0.1 V                               ; 2.72e-10 s                 ; 2.69e-10 s                 ; Yes                       ; Yes                       ;
; led1[3]       ; 2.5 V        ; 0 s                 ; 0 s                 ; 2.62 V                       ; 2.74e-08 V                   ; 2.73 V              ; -0.0384 V           ; 0.169 V                              ; 0.089 V                              ; 2.7e-10 s                   ; 2.62e-10 s                  ; Yes                        ; Yes                        ; 2.62 V                      ; 2.74e-08 V                  ; 2.73 V             ; -0.0384 V          ; 0.169 V                             ; 0.089 V                             ; 2.7e-10 s                  ; 2.62e-10 s                 ; Yes                       ; Yes                       ;
; led1[4]       ; 2.5 V        ; 0 s                 ; 0 s                 ; 2.62 V                       ; 2.74e-08 V                   ; 2.73 V              ; -0.0384 V           ; 0.169 V                              ; 0.089 V                              ; 2.7e-10 s                   ; 2.62e-10 s                  ; Yes                        ; Yes                        ; 2.62 V                      ; 2.74e-08 V                  ; 2.73 V             ; -0.0384 V          ; 0.169 V                             ; 0.089 V                             ; 2.7e-10 s                  ; 2.62e-10 s                 ; Yes                       ; Yes                       ;
; led1[5]       ; 2.5 V        ; 0 s                 ; 0 s                 ; 2.62 V                       ; 2.74e-08 V                   ; 2.64 V              ; -0.0117 V           ; 0.202 V                              ; 0.176 V                              ; 2.38e-09 s                  ; 2.22e-09 s                  ; No                         ; Yes                        ; 2.62 V                      ; 2.74e-08 V                  ; 2.64 V             ; -0.0117 V          ; 0.202 V                             ; 0.176 V                             ; 2.38e-09 s                 ; 2.22e-09 s                 ; No                        ; Yes                       ;
; led1[6]       ; 2.5 V        ; 0 s                 ; 0 s                 ; 2.62 V                       ; 2.74e-08 V                   ; 2.73 V              ; -0.0384 V           ; 0.169 V                              ; 0.089 V                              ; 2.7e-10 s                   ; 2.62e-10 s                  ; Yes                        ; Yes                        ; 2.62 V                      ; 2.74e-08 V                  ; 2.73 V             ; -0.0384 V          ; 0.169 V                             ; 0.089 V                             ; 2.7e-10 s                  ; 2.62e-10 s                 ; Yes                       ; Yes                       ;
; led2[0]       ; 2.5 V        ; 0 s                 ; 0 s                 ; 2.62 V                       ; 2.74e-08 V                   ; 2.73 V              ; -0.0384 V           ; 0.169 V                              ; 0.089 V                              ; 2.7e-10 s                   ; 2.62e-10 s                  ; Yes                        ; Yes                        ; 2.62 V                      ; 2.74e-08 V                  ; 2.73 V             ; -0.0384 V          ; 0.169 V                             ; 0.089 V                             ; 2.7e-10 s                  ; 2.62e-10 s                 ; Yes                       ; Yes                       ;
; led2[1]       ; 2.5 V        ; 0 s                 ; 0 s                 ; 2.62 V                       ; 2.74e-08 V                   ; 2.71 V              ; -0.0317 V           ; 0.148 V                              ; 0.064 V                              ; 4.51e-10 s                  ; 4.15e-10 s                  ; No                         ; Yes                        ; 2.62 V                      ; 2.74e-08 V                  ; 2.71 V             ; -0.0317 V          ; 0.148 V                             ; 0.064 V                             ; 4.51e-10 s                 ; 4.15e-10 s                 ; No                        ; Yes                       ;
; led2[2]       ; 2.5 V        ; 0 s                 ; 0 s                 ; 2.62 V                       ; 2.74e-08 V                   ; 2.71 V              ; -0.0317 V           ; 0.148 V                              ; 0.064 V                              ; 4.51e-10 s                  ; 4.15e-10 s                  ; No                         ; Yes                        ; 2.62 V                      ; 2.74e-08 V                  ; 2.71 V             ; -0.0317 V          ; 0.148 V                             ; 0.064 V                             ; 4.51e-10 s                 ; 4.15e-10 s                 ; No                        ; Yes                       ;
; led2[3]       ; 2.5 V        ; 0 s                 ; 0 s                 ; 2.62 V                       ; 2.74e-08 V                   ; 2.71 V              ; -0.0317 V           ; 0.148 V                              ; 0.064 V                              ; 4.51e-10 s                  ; 4.15e-10 s                  ; No                         ; Yes                        ; 2.62 V                      ; 2.74e-08 V                  ; 2.71 V             ; -0.0317 V          ; 0.148 V                             ; 0.064 V                             ; 4.51e-10 s                 ; 4.15e-10 s                 ; No                        ; Yes                       ;
; led2[4]       ; 2.5 V        ; 0 s                 ; 0 s                 ; 2.62 V                       ; 2.74e-08 V                   ; 2.71 V              ; -0.0317 V           ; 0.148 V                              ; 0.064 V                              ; 4.51e-10 s                  ; 4.15e-10 s                  ; No                         ; Yes                        ; 2.62 V                      ; 2.74e-08 V                  ; 2.71 V             ; -0.0317 V          ; 0.148 V                             ; 0.064 V                             ; 4.51e-10 s                 ; 4.15e-10 s                 ; No                        ; Yes                       ;
; led2[5]       ; 2.5 V        ; 0 s                 ; 0 s                 ; 2.62 V                       ; 2.74e-08 V                   ; 2.64 V              ; -0.0117 V           ; 0.202 V                              ; 0.176 V                              ; 2.38e-09 s                  ; 2.22e-09 s                  ; No                         ; Yes                        ; 2.62 V                      ; 2.74e-08 V                  ; 2.64 V             ; -0.0117 V          ; 0.202 V                             ; 0.176 V                             ; 2.38e-09 s                 ; 2.22e-09 s                 ; No                        ; Yes                       ;
; led2[6]       ; 2.5 V        ; 0 s                 ; 0 s                 ; 2.62 V                       ; 2.74e-08 V                   ; 2.64 V              ; -0.0117 V           ; 0.202 V                              ; 0.176 V                              ; 2.38e-09 s                  ; 2.22e-09 s                  ; No                         ; Yes                        ; 2.62 V                      ; 2.74e-08 V                  ; 2.64 V             ; -0.0117 V          ; 0.202 V                             ; 0.176 V                             ; 2.38e-09 s                 ; 2.22e-09 s                 ; No                        ; Yes                       ;
; led3[0]       ; 2.5 V        ; 0 s                 ; 0 s                 ; 2.62 V                       ; 2.74e-08 V                   ; 2.71 V              ; -0.0317 V           ; 0.148 V                              ; 0.064 V                              ; 4.51e-10 s                  ; 4.15e-10 s                  ; No                         ; Yes                        ; 2.62 V                      ; 2.74e-08 V                  ; 2.71 V             ; -0.0317 V          ; 0.148 V                             ; 0.064 V                             ; 4.51e-10 s                 ; 4.15e-10 s                 ; No                        ; Yes                       ;
; led3[1]       ; 2.5 V        ; 0 s                 ; 0 s                 ; 2.62 V                       ; 2.74e-08 V                   ; 2.71 V              ; -0.0317 V           ; 0.148 V                              ; 0.064 V                              ; 4.51e-10 s                  ; 4.15e-10 s                  ; No                         ; Yes                        ; 2.62 V                      ; 2.74e-08 V                  ; 2.71 V             ; -0.0317 V          ; 0.148 V                             ; 0.064 V                             ; 4.51e-10 s                 ; 4.15e-10 s                 ; No                        ; Yes                       ;
; led3[2]       ; 2.5 V        ; 0 s                 ; 0 s                 ; 2.62 V                       ; 2.74e-08 V                   ; 2.71 V              ; -0.0317 V           ; 0.148 V                              ; 0.064 V                              ; 4.51e-10 s                  ; 4.15e-10 s                  ; No                         ; Yes                        ; 2.62 V                      ; 2.74e-08 V                  ; 2.71 V             ; -0.0317 V          ; 0.148 V                             ; 0.064 V                             ; 4.51e-10 s                 ; 4.15e-10 s                 ; No                        ; Yes                       ;
; led3[3]       ; 2.5 V        ; 0 s                 ; 0 s                 ; 2.62 V                       ; 2.74e-08 V                   ; 2.71 V              ; -0.0317 V           ; 0.148 V                              ; 0.064 V                              ; 4.51e-10 s                  ; 4.15e-10 s                  ; No                         ; Yes                        ; 2.62 V                      ; 2.74e-08 V                  ; 2.71 V             ; -0.0317 V          ; 0.148 V                             ; 0.064 V                             ; 4.51e-10 s                 ; 4.15e-10 s                 ; No                        ; Yes                       ;
; led3[4]       ; 2.5 V        ; 0 s                 ; 0 s                 ; 2.62 V                       ; 2.74e-08 V                   ; 2.71 V              ; -0.0317 V           ; 0.148 V                              ; 0.064 V                              ; 4.51e-10 s                  ; 4.15e-10 s                  ; No                         ; Yes                        ; 2.62 V                      ; 2.74e-08 V                  ; 2.71 V             ; -0.0317 V          ; 0.148 V                             ; 0.064 V                             ; 4.51e-10 s                 ; 4.15e-10 s                 ; No                        ; Yes                       ;
; led3[5]       ; 2.5 V        ; 0 s                 ; 0 s                 ; 2.62 V                       ; 2.74e-08 V                   ; 2.71 V              ; -0.0317 V           ; 0.148 V                              ; 0.064 V                              ; 4.51e-10 s                  ; 4.15e-10 s                  ; No                         ; Yes                        ; 2.62 V                      ; 2.74e-08 V                  ; 2.71 V             ; -0.0317 V          ; 0.148 V                             ; 0.064 V                             ; 4.51e-10 s                 ; 4.15e-10 s                 ; No                        ; Yes                       ;
; led3[6]       ; 2.5 V        ; 0 s                 ; 0 s                 ; 2.62 V                       ; 2.74e-08 V                   ; 2.71 V              ; -0.0317 V           ; 0.148 V                              ; 0.064 V                              ; 4.51e-10 s                  ; 4.15e-10 s                  ; No                         ; Yes                        ; 2.62 V                      ; 2.74e-08 V                  ; 2.71 V             ; -0.0317 V          ; 0.148 V                             ; 0.064 V                             ; 4.51e-10 s                 ; 4.15e-10 s                 ; No                        ; Yes                       ;
; led4[0]       ; 2.5 V        ; 0 s                 ; 0 s                 ; 2.62 V                       ; 2.74e-08 V                   ; 2.71 V              ; -0.0317 V           ; 0.148 V                              ; 0.064 V                              ; 4.51e-10 s                  ; 4.15e-10 s                  ; No                         ; Yes                        ; 2.62 V                      ; 2.74e-08 V                  ; 2.71 V             ; -0.0317 V          ; 0.148 V                             ; 0.064 V                             ; 4.51e-10 s                 ; 4.15e-10 s                 ; No                        ; Yes                       ;
; led4[1]       ; 2.5 V        ; 0 s                 ; 0 s                 ; 2.62 V                       ; 2.74e-08 V                   ; 2.73 V              ; -0.0384 V           ; 0.169 V                              ; 0.089 V                              ; 2.7e-10 s                   ; 2.62e-10 s                  ; Yes                        ; Yes                        ; 2.62 V                      ; 2.74e-08 V                  ; 2.73 V             ; -0.0384 V          ; 0.169 V                             ; 0.089 V                             ; 2.7e-10 s                  ; 2.62e-10 s                 ; Yes                       ; Yes                       ;
; led4[2]       ; 2.5 V        ; 0 s                 ; 0 s                 ; 2.62 V                       ; 4.05e-08 V                   ; 2.64 V              ; -0.0113 V           ; 0.208 V                              ; 0.179 V                              ; 2.38e-09 s                  ; 2.23e-09 s                  ; No                         ; Yes                        ; 2.62 V                      ; 4.05e-08 V                  ; 2.64 V             ; -0.0113 V          ; 0.208 V                             ; 0.179 V                             ; 2.38e-09 s                 ; 2.23e-09 s                 ; No                        ; Yes                       ;
; led4[3]       ; 2.5 V        ; 0 s                 ; 0 s                 ; 2.62 V                       ; 4.05e-08 V                   ; 2.72 V              ; -0.0349 V           ; 0.173 V                              ; 0.1 V                                ; 2.72e-10 s                  ; 2.69e-10 s                  ; Yes                        ; Yes                        ; 2.62 V                      ; 4.05e-08 V                  ; 2.72 V             ; -0.0349 V          ; 0.173 V                             ; 0.1 V                               ; 2.72e-10 s                 ; 2.69e-10 s                 ; Yes                       ; Yes                       ;
; led4[4]       ; 2.5 V        ; 0 s                 ; 0 s                 ; 2.62 V                       ; 4.05e-08 V                   ; 2.72 V              ; -0.0349 V           ; 0.173 V                              ; 0.1 V                                ; 2.72e-10 s                  ; 2.69e-10 s                  ; Yes                        ; Yes                        ; 2.62 V                      ; 4.05e-08 V                  ; 2.72 V             ; -0.0349 V          ; 0.173 V                             ; 0.1 V                               ; 2.72e-10 s                 ; 2.69e-10 s                 ; Yes                       ; Yes                       ;
; led4[5]       ; 2.5 V        ; 0 s                 ; 0 s                 ; 2.62 V                       ; 4.05e-08 V                   ; 2.72 V              ; -0.0349 V           ; 0.173 V                              ; 0.1 V                                ; 2.72e-10 s                  ; 2.69e-10 s                  ; Yes                        ; Yes                        ; 2.62 V                      ; 4.05e-08 V                  ; 2.72 V             ; -0.0349 V          ; 0.173 V                             ; 0.1 V                               ; 2.72e-10 s                 ; 2.69e-10 s                 ; Yes                       ; Yes                       ;
; led4[6]       ; 2.5 V        ; 0 s                 ; 0 s                 ; 2.62 V                       ; 4.05e-08 V                   ; 2.72 V              ; -0.0349 V           ; 0.173 V                              ; 0.1 V                                ; 2.72e-10 s                  ; 2.69e-10 s                  ; Yes                        ; Yes                        ; 2.62 V                      ; 4.05e-08 V                  ; 2.72 V             ; -0.0349 V          ; 0.173 V                             ; 0.1 V                               ; 2.72e-10 s                 ; 2.69e-10 s                 ; Yes                       ; Yes                       ;
; led5[0]       ; 2.5 V        ; 0 s                 ; 0 s                 ; 2.62 V                       ; 4.05e-08 V                   ; 2.72 V              ; -0.0349 V           ; 0.173 V                              ; 0.1 V                                ; 2.72e-10 s                  ; 2.69e-10 s                  ; Yes                        ; Yes                        ; 2.62 V                      ; 4.05e-08 V                  ; 2.72 V             ; -0.0349 V          ; 0.173 V                             ; 0.1 V                               ; 2.72e-10 s                 ; 2.69e-10 s                 ; Yes                       ; Yes                       ;
; led5[1]       ; 2.5 V        ; 0 s                 ; 0 s                 ; 2.62 V                       ; 4.05e-08 V                   ; 2.72 V              ; -0.0349 V           ; 0.173 V                              ; 0.1 V                                ; 2.72e-10 s                  ; 2.69e-10 s                  ; Yes                        ; Yes                        ; 2.62 V                      ; 4.05e-08 V                  ; 2.72 V             ; -0.0349 V          ; 0.173 V                             ; 0.1 V                               ; 2.72e-10 s                 ; 2.69e-10 s                 ; Yes                       ; Yes                       ;
; led5[2]       ; 2.5 V        ; 0 s                 ; 0 s                 ; 2.62 V                       ; 4.05e-08 V                   ; 2.72 V              ; -0.0349 V           ; 0.173 V                              ; 0.1 V                                ; 2.72e-10 s                  ; 2.69e-10 s                  ; Yes                        ; Yes                        ; 2.62 V                      ; 4.05e-08 V                  ; 2.72 V             ; -0.0349 V          ; 0.173 V                             ; 0.1 V                               ; 2.72e-10 s                 ; 2.69e-10 s                 ; Yes                       ; Yes                       ;
; led5[3]       ; 2.5 V        ; 0 s                 ; 0 s                 ; 2.62 V                       ; 4.05e-08 V                   ; 2.72 V              ; -0.0349 V           ; 0.173 V                              ; 0.1 V                                ; 2.72e-10 s                  ; 2.69e-10 s                  ; Yes                        ; Yes                        ; 2.62 V                      ; 4.05e-08 V                  ; 2.72 V             ; -0.0349 V          ; 0.173 V                             ; 0.1 V                               ; 2.72e-10 s                 ; 2.69e-10 s                 ; Yes                       ; Yes                       ;
; led5[4]       ; 2.5 V        ; 0 s                 ; 0 s                 ; 2.62 V                       ; 4.05e-08 V                   ; 2.72 V              ; -0.0349 V           ; 0.173 V                              ; 0.1 V                                ; 2.72e-10 s                  ; 2.69e-10 s                  ; Yes                        ; Yes                        ; 2.62 V                      ; 4.05e-08 V                  ; 2.72 V             ; -0.0349 V          ; 0.173 V                             ; 0.1 V                               ; 2.72e-10 s                 ; 2.69e-10 s                 ; Yes                       ; Yes                       ;
; led5[5]       ; 2.5 V        ; 0 s                 ; 0 s                 ; 2.62 V                       ; 4.05e-08 V                   ; 2.72 V              ; -0.0349 V           ; 0.173 V                              ; 0.1 V                                ; 2.72e-10 s                  ; 2.69e-10 s                  ; Yes                        ; Yes                        ; 2.62 V                      ; 4.05e-08 V                  ; 2.72 V             ; -0.0349 V          ; 0.173 V                             ; 0.1 V                               ; 2.72e-10 s                 ; 2.69e-10 s                 ; Yes                       ; Yes                       ;
; led5[6]       ; 2.5 V        ; 0 s                 ; 0 s                 ; 2.62 V                       ; 4.05e-08 V                   ; 2.72 V              ; -0.0349 V           ; 0.173 V                              ; 0.1 V                                ; 2.72e-10 s                  ; 2.69e-10 s                  ; Yes                        ; Yes                        ; 2.62 V                      ; 4.05e-08 V                  ; 2.72 V             ; -0.0349 V          ; 0.173 V                             ; 0.1 V                               ; 2.72e-10 s                 ; 2.69e-10 s                 ; Yes                       ; Yes                       ;
; led6[0]       ; 2.5 V        ; 0 s                 ; 0 s                 ; 2.62 V                       ; 4.05e-08 V                   ; 2.72 V              ; -0.0349 V           ; 0.173 V                              ; 0.1 V                                ; 2.72e-10 s                  ; 2.69e-10 s                  ; Yes                        ; Yes                        ; 2.62 V                      ; 4.05e-08 V                  ; 2.72 V             ; -0.0349 V          ; 0.173 V                             ; 0.1 V                               ; 2.72e-10 s                 ; 2.69e-10 s                 ; Yes                       ; Yes                       ;
; led6[1]       ; 2.5 V        ; 0 s                 ; 0 s                 ; 2.62 V                       ; 4.05e-08 V                   ; 2.64 V              ; -0.0113 V           ; 0.208 V                              ; 0.179 V                              ; 2.38e-09 s                  ; 2.23e-09 s                  ; No                         ; Yes                        ; 2.62 V                      ; 4.05e-08 V                  ; 2.64 V             ; -0.0113 V          ; 0.208 V                             ; 0.179 V                             ; 2.38e-09 s                 ; 2.23e-09 s                 ; No                        ; Yes                       ;
; led6[2]       ; 2.5 V        ; 0 s                 ; 0 s                 ; 2.62 V                       ; 4.05e-08 V                   ; 2.72 V              ; -0.0349 V           ; 0.173 V                              ; 0.1 V                                ; 2.72e-10 s                  ; 2.69e-10 s                  ; Yes                        ; Yes                        ; 2.62 V                      ; 4.05e-08 V                  ; 2.72 V             ; -0.0349 V          ; 0.173 V                             ; 0.1 V                               ; 2.72e-10 s                 ; 2.69e-10 s                 ; Yes                       ; Yes                       ;
; led6[3]       ; 2.5 V        ; 0 s                 ; 0 s                 ; 2.62 V                       ; 4.05e-08 V                   ; 2.72 V              ; -0.0349 V           ; 0.173 V                              ; 0.1 V                                ; 2.72e-10 s                  ; 2.69e-10 s                  ; Yes                        ; Yes                        ; 2.62 V                      ; 4.05e-08 V                  ; 2.72 V             ; -0.0349 V          ; 0.173 V                             ; 0.1 V                               ; 2.72e-10 s                 ; 2.69e-10 s                 ; Yes                       ; Yes                       ;
; led6[4]       ; 2.5 V        ; 0 s                 ; 0 s                 ; 2.62 V                       ; 4.05e-08 V                   ; 2.72 V              ; -0.0349 V           ; 0.173 V                              ; 0.1 V                                ; 2.72e-10 s                  ; 2.69e-10 s                  ; Yes                        ; Yes                        ; 2.62 V                      ; 4.05e-08 V                  ; 2.72 V             ; -0.0349 V          ; 0.173 V                             ; 0.1 V                               ; 2.72e-10 s                 ; 2.69e-10 s                 ; Yes                       ; Yes                       ;
; led6[5]       ; 2.5 V        ; 0 s                 ; 0 s                 ; 2.62 V                       ; 4.05e-08 V                   ; 2.72 V              ; -0.0349 V           ; 0.173 V                              ; 0.1 V                                ; 2.72e-10 s                  ; 2.69e-10 s                  ; Yes                        ; Yes                        ; 2.62 V                      ; 4.05e-08 V                  ; 2.72 V             ; -0.0349 V          ; 0.173 V                             ; 0.1 V                               ; 2.72e-10 s                 ; 2.69e-10 s                 ; Yes                       ; Yes                       ;
; led6[6]       ; 2.5 V        ; 0 s                 ; 0 s                 ; 2.62 V                       ; 4.05e-08 V                   ; 2.72 V              ; -0.0349 V           ; 0.173 V                              ; 0.1 V                                ; 2.72e-10 s                  ; 2.69e-10 s                  ; Yes                        ; Yes                        ; 2.62 V                      ; 4.05e-08 V                  ; 2.72 V             ; -0.0349 V          ; 0.173 V                             ; 0.1 V                               ; 2.72e-10 s                 ; 2.69e-10 s                 ; Yes                       ; Yes                       ;
; ~ALTERA_DCLK~ ; 2.5 V        ; 0 s                 ; 0 s                 ; 2.62 V                       ; 2.22e-08 V                   ; 2.74 V              ; -0.06 V             ; 0.158 V                              ; 0.08 V                               ; 2.68e-10 s                  ; 2.19e-10 s                  ; Yes                        ; Yes                        ; 2.62 V                      ; 2.22e-08 V                  ; 2.74 V             ; -0.06 V            ; 0.158 V                             ; 0.08 V                              ; 2.68e-10 s                 ; 2.19e-10 s                 ; Yes                       ; Yes                       ;
; ~ALTERA_nCEO~ ; 2.5 V        ; 0 s                 ; 0 s                 ; 2.62 V                       ; 3.54e-08 V                   ; 2.7 V               ; -0.00943 V          ; 0.276 V                              ; 0.035 V                              ; 3.19e-10 s                  ; 4.99e-10 s                  ; No                         ; Yes                        ; 2.62 V                      ; 3.54e-08 V                  ; 2.7 V              ; -0.00943 V         ; 0.276 V                             ; 0.035 V                             ; 3.19e-10 s                 ; 4.99e-10 s                 ; No                        ; Yes                       ;
+---------------+--------------+---------------------+---------------------+------------------------------+------------------------------+---------------------+---------------------+--------------------------------------+--------------------------------------+-----------------------------+-----------------------------+----------------------------+----------------------------+-----------------------------+-----------------------------+--------------------+--------------------+-------------------------------------+-------------------------------------+----------------------------+----------------------------+---------------------------+---------------------------+


+-------------------------------------------------------------------+
; Setup Transfers                                                   ;
+------------+----------+----------+----------+----------+----------+
; From Clock ; To Clock ; RR Paths ; FR Paths ; RF Paths ; FF Paths ;
+------------+----------+----------+----------+----------+----------+
; clk        ; clk      ; 1132     ; 0        ; 0        ; 0        ;
; mode       ; mode     ; 526      ; 87       ; 0        ; 0        ;
+------------+----------+----------+----------+----------+----------+
Entries labeled "false path" only account for clock-to-clock false paths and not path-based false paths. As a result, actual path counts may be lower than reported.


+-------------------------------------------------------------------+
; Hold Transfers                                                    ;
+------------+----------+----------+----------+----------+----------+
; From Clock ; To Clock ; RR Paths ; FR Paths ; RF Paths ; FF Paths ;
+------------+----------+----------+----------+----------+----------+
; clk        ; clk      ; 1132     ; 0        ; 0        ; 0        ;
; mode       ; mode     ; 526      ; 87       ; 0        ; 0        ;
+------------+----------+----------+----------+----------+----------+
Entries labeled "false path" only account for clock-to-clock false paths and not path-based false paths. As a result, actual path counts may be lower than reported.


---------------
; Report TCCS ;
---------------
No dedicated SERDES Transmitter circuitry present in device or used in design


---------------
; Report RSKM ;
---------------
No non-DPA dedicated SERDES Receiver circuitry present in device or used in design


+------------------------------------------------+
; Unconstrained Paths Summary                    ;
+---------------------------------+-------+------+
; Property                        ; Setup ; Hold ;
+---------------------------------+-------+------+
; Illegal Clocks                  ; 0     ; 0    ;
; Unconstrained Clocks            ; 0     ; 0    ;
; Unconstrained Input Ports       ; 7     ; 7    ;
; Unconstrained Input Port Paths  ; 307   ; 307  ;
; Unconstrained Output Ports      ; 41    ; 41   ;
; Unconstrained Output Port Paths ; 451   ; 451  ;
+---------------------------------+-------+------+


+-------------------------------------+
; Clock Status Summary                ;
+--------+-------+------+-------------+
; Target ; Clock ; Type ; Status      ;
+--------+-------+------+-------------+
; clk    ; clk   ; Base ; Constrained ;
; mode   ; mode  ; Base ; Constrained ;
+--------+-------+------+-------------+


+---------------------------------------------------------------------------------------------------+
; Unconstrained Input Ports                                                                         ;
+------------+--------------------------------------------------------------------------------------+
; Input Port ; Comment                                                                              ;
+------------+--------------------------------------------------------------------------------------+
; down_push  ; No input delay, min/max delays, false-path exceptions, or max skew assignments found ;
; rst_n      ; No input delay, min/max delays, false-path exceptions, or max skew assignments found ;
; sel[0]     ; No input delay, min/max delays, false-path exceptions, or max skew assignments found ;
; sel[1]     ; No input delay, min/max delays, false-path exceptions, or max skew assignments found ;
; sel[2]     ; No input delay, min/max delays, false-path exceptions, or max skew assignments found ;
; sw         ; No input delay, min/max delays, false-path exceptions, or max skew assignments found ;
; up_push    ; No input delay, min/max delays, false-path exceptions, or max skew assignments found ;
+------------+--------------------------------------------------------------------------------------+


+-----------------------------------------------------------------------------------------------------+
; Unconstrained Output Ports                                                                          ;
+-------------+---------------------------------------------------------------------------------------+
; Output Port ; Comment                                                                               ;
+-------------+---------------------------------------------------------------------------------------+
; led1[0]     ; No output delay, min/max delays, false-path exceptions, or max skew assignments found ;
; led1[1]     ; No output delay, min/max delays, false-path exceptions, or max skew assignments found ;
; led1[2]     ; No output delay, min/max delays, false-path exceptions, or max skew assignments found ;
; led1[3]     ; No output delay, min/max delays, false-path exceptions, or max skew assignments found ;
; led1[4]     ; No output delay, min/max delays, false-path exceptions, or max skew assignments found ;
; led1[5]     ; No output delay, min/max delays, false-path exceptions, or max skew assignments found ;
; led1[6]     ; No output delay, min/max delays, false-path exceptions, or max skew assignments found ;
; led2[0]     ; No output delay, min/max delays, false-path exceptions, or max skew assignments found ;
; led2[1]     ; No output delay, min/max delays, false-path exceptions, or max skew assignments found ;
; led2[2]     ; No output delay, min/max delays, false-path exceptions, or max skew assignments found ;
; led2[3]     ; No output delay, min/max delays, false-path exceptions, or max skew assignments found ;
; led2[4]     ; No output delay, min/max delays, false-path exceptions, or max skew assignments found ;
; led2[5]     ; No output delay, min/max delays, false-path exceptions, or max skew assignments found ;
; led2[6]     ; No output delay, min/max delays, false-path exceptions, or max skew assignments found ;
; led3[0]     ; No output delay, min/max delays, false-path exceptions, or max skew assignments found ;
; led3[1]     ; No output delay, min/max delays, false-path exceptions, or max skew assignments found ;
; led3[2]     ; No output delay, min/max delays, false-path exceptions, or max skew assignments found ;
; led3[3]     ; No output delay, min/max delays, false-path exceptions, or max skew assignments found ;
; led3[4]     ; No output delay, min/max delays, false-path exceptions, or max skew assignments found ;
; led3[5]     ; No output delay, min/max delays, false-path exceptions, or max skew assignments found ;
; led3[6]     ; No output delay, min/max delays, false-path exceptions, or max skew assignments found ;
; led4[0]     ; No output delay, min/max delays, false-path exceptions, or max skew assignments found ;
; led4[1]     ; No output delay, min/max delays, false-path exceptions, or max skew assignments found ;
; led4[2]     ; No output delay, min/max delays, false-path exceptions, or max skew assignments found ;
; led4[3]     ; No output delay, min/max delays, false-path exceptions, or max skew assignments found ;
; led4[4]     ; No output delay, min/max delays, false-path exceptions, or max skew assignments found ;
; led4[5]     ; No output delay, min/max delays, false-path exceptions, or max skew assignments found ;
; led4[6]     ; No output delay, min/max delays, false-path exceptions, or max skew assignments found ;
; led5[0]     ; No output delay, min/max delays, false-path exceptions, or max skew assignments found ;
; led5[1]     ; No output delay, min/max delays, false-path exceptions, or max skew assignments found ;
; led5[2]     ; No output delay, min/max delays, false-path exceptions, or max skew assignments found ;
; led5[3]     ; No output delay, min/max delays, false-path exceptions, or max skew assignments found ;
; led5[4]     ; No output delay, min/max delays, false-path exceptions, or max skew assignments found ;
; led5[5]     ; No output delay, min/max delays, false-path exceptions, or max skew assignments found ;
; led5[6]     ; No output delay, min/max delays, false-path exceptions, or max skew assignments found ;
; led6[0]     ; No output delay, min/max delays, false-path exceptions, or max skew assignments found ;
; led6[2]     ; No output delay, min/max delays, false-path exceptions, or max skew assignments found ;
; led6[3]     ; No output delay, min/max delays, false-path exceptions, or max skew assignments found ;
; led6[4]     ; No output delay, min/max delays, false-path exceptions, or max skew assignments found ;
; led6[5]     ; No output delay, min/max delays, false-path exceptions, or max skew assignments found ;
; led6[6]     ; No output delay, min/max delays, false-path exceptions, or max skew assignments found ;
+-------------+---------------------------------------------------------------------------------------+


+---------------------------------------------------------------------------------------------------+
; Unconstrained Input Ports                                                                         ;
+------------+--------------------------------------------------------------------------------------+
; Input Port ; Comment                                                                              ;
+------------+--------------------------------------------------------------------------------------+
; down_push  ; No input delay, min/max delays, false-path exceptions, or max skew assignments found ;
; rst_n      ; No input delay, min/max delays, false-path exceptions, or max skew assignments found ;
; sel[0]     ; No input delay, min/max delays, false-path exceptions, or max skew assignments found ;
; sel[1]     ; No input delay, min/max delays, false-path exceptions, or max skew assignments found ;
; sel[2]     ; No input delay, min/max delays, false-path exceptions, or max skew assignments found ;
; sw         ; No input delay, min/max delays, false-path exceptions, or max skew assignments found ;
; up_push    ; No input delay, min/max delays, false-path exceptions, or max skew assignments found ;
+------------+--------------------------------------------------------------------------------------+


+-----------------------------------------------------------------------------------------------------+
; Unconstrained Output Ports                                                                          ;
+-------------+---------------------------------------------------------------------------------------+
; Output Port ; Comment                                                                               ;
+-------------+---------------------------------------------------------------------------------------+
; led1[0]     ; No output delay, min/max delays, false-path exceptions, or max skew assignments found ;
; led1[1]     ; No output delay, min/max delays, false-path exceptions, or max skew assignments found ;
; led1[2]     ; No output delay, min/max delays, false-path exceptions, or max skew assignments found ;
; led1[3]     ; No output delay, min/max delays, false-path exceptions, or max skew assignments found ;
; led1[4]     ; No output delay, min/max delays, false-path exceptions, or max skew assignments found ;
; led1[5]     ; No output delay, min/max delays, false-path exceptions, or max skew assignments found ;
; led1[6]     ; No output delay, min/max delays, false-path exceptions, or max skew assignments found ;
; led2[0]     ; No output delay, min/max delays, false-path exceptions, or max skew assignments found ;
; led2[1]     ; No output delay, min/max delays, false-path exceptions, or max skew assignments found ;
; led2[2]     ; No output delay, min/max delays, false-path exceptions, or max skew assignments found ;
; led2[3]     ; No output delay, min/max delays, false-path exceptions, or max skew assignments found ;
; led2[4]     ; No output delay, min/max delays, false-path exceptions, or max skew assignments found ;
; led2[5]     ; No output delay, min/max delays, false-path exceptions, or max skew assignments found ;
; led2[6]     ; No output delay, min/max delays, false-path exceptions, or max skew assignments found ;
; led3[0]     ; No output delay, min/max delays, false-path exceptions, or max skew assignments found ;
; led3[1]     ; No output delay, min/max delays, false-path exceptions, or max skew assignments found ;
; led3[2]     ; No output delay, min/max delays, false-path exceptions, or max skew assignments found ;
; led3[3]     ; No output delay, min/max delays, false-path exceptions, or max skew assignments found ;
; led3[4]     ; No output delay, min/max delays, false-path exceptions, or max skew assignments found ;
; led3[5]     ; No output delay, min/max delays, false-path exceptions, or max skew assignments found ;
; led3[6]     ; No output delay, min/max delays, false-path exceptions, or max skew assignments found ;
; led4[0]     ; No output delay, min/max delays, false-path exceptions, or max skew assignments found ;
; led4[1]     ; No output delay, min/max delays, false-path exceptions, or max skew assignments found ;
; led4[2]     ; No output delay, min/max delays, false-path exceptions, or max skew assignments found ;
; led4[3]     ; No output delay, min/max delays, false-path exceptions, or max skew assignments found ;
; led4[4]     ; No output delay, min/max delays, false-path exceptions, or max skew assignments found ;
; led4[5]     ; No output delay, min/max delays, false-path exceptions, or max skew assignments found ;
; led4[6]     ; No output delay, min/max delays, false-path exceptions, or max skew assignments found ;
; led5[0]     ; No output delay, min/max delays, false-path exceptions, or max skew assignments found ;
; led5[1]     ; No output delay, min/max delays, false-path exceptions, or max skew assignments found ;
; led5[2]     ; No output delay, min/max delays, false-path exceptions, or max skew assignments found ;
; led5[3]     ; No output delay, min/max delays, false-path exceptions, or max skew assignments found ;
; led5[4]     ; No output delay, min/max delays, false-path exceptions, or max skew assignments found ;
; led5[5]     ; No output delay, min/max delays, false-path exceptions, or max skew assignments found ;
; led5[6]     ; No output delay, min/max delays, false-path exceptions, or max skew assignments found ;
; led6[0]     ; No output delay, min/max delays, false-path exceptions, or max skew assignments found ;
; led6[2]     ; No output delay, min/max delays, false-path exceptions, or max skew assignments found ;
; led6[3]     ; No output delay, min/max delays, false-path exceptions, or max skew assignments found ;
; led6[4]     ; No output delay, min/max delays, false-path exceptions, or max skew assignments found ;
; led6[5]     ; No output delay, min/max delays, false-path exceptions, or max skew assignments found ;
; led6[6]     ; No output delay, min/max delays, false-path exceptions, or max skew assignments found ;
+-------------+---------------------------------------------------------------------------------------+


+--------------------------+
; Timing Analyzer Messages ;
+--------------------------+
Info: *******************************************************************
Info: Running Quartus Prime Timing Analyzer
    Info: Version 24.1std.0 Build 1077 03/04/2025 SC Lite Edition
    Info: Processing started: Sat Aug 16 17:13:32 2025
Info: Command: quartus_sta Dong_ho_the_ky -c Dong_ho_the_ky
Info: qsta_default_script.tcl version: #1
Warning (18236): Number of processors has not been specified which may cause overloading on shared machines.  Set the global assignment NUM_PARALLEL_PROCESSORS in your QSF to an appropriate value for best performance.
Info (20030): Parallel compilation is enabled and will use 12 of the 12 processors detected
Info (21077): Low junction temperature is 0 degrees C
Info (21077): High junction temperature is 85 degrees C
Critical Warning (332012): Synopsys Design Constraints File file not found: 'Dong_ho_the_ky.sdc'. A Synopsys Design Constraints File is required by the Timing Analyzer to get proper timing constraints. Without it, the Compiler will not properly optimize the design.
Info (332142): No user constrained base clocks found in the design. Calling "derive_clocks -period 1.0"
Info (332105): Deriving Clocks
    Info (332105): create_clock -period 1.000 -name mode mode
    Info (332105): create_clock -period 1.000 -name clk clk
Info (332097): The following timing edges are non-unate.  The Timing Analyzer will assume pos-unate behavior for these edges in the clock network.
    Info (332098): Cell: cnt_12m_t|clk_sel  from: datac  to: combout
    Info (332098): Cell: cnt_24h_t|clk_sel  from: dataa  to: combout
    Info (332098): Cell: cnt_60p_t|clk_sel  from: datac  to: combout
    Info (332098): Cell: cnt_60s_t|clk_sel  from: datab  to: combout
    Info (332098): Cell: cnt_year_t|clk_sel  from: datac  to: combout
    Info (332098): Cell: day_top_t|cnt_day1|clk_sel  from: datac  to: combout
Info (332143): No user constrained clock uncertainty found in the design. Calling "derive_clock_uncertainty"
Info (332123): Deriving Clock Uncertainty. Please refer to report_sdc in the Timing Analyzer to see clock uncertainties.
Info: Found TIMING_ANALYZER_REPORT_SCRIPT_INCLUDE_DEFAULT_ANALYSIS = ON
Info: Analyzing Slow 1200mV 85C Model
Critical Warning (332148): Timing requirements not met
    Info (11105): For recommendations on closing timing, run Report Timing Closure Recommendations in the Timing Analyzer.
Info (332146): Worst-case setup slack is -4.711
    Info (332119):     Slack       End Point TNS Clock 
    Info (332119): ========= =================== =====================
    Info (332119):    -4.711            -108.354 mode 
    Info (332119):    -2.804             -89.375 clk 
Info (332146): Worst-case hold slack is -0.627
    Info (332119):     Slack       End Point TNS Clock 
    Info (332119): ========= =================== =====================
    Info (332119):    -0.627              -3.135 mode 
    Info (332119):     0.204               0.000 clk 
Info (332140): No Recovery paths to report
Info (332140): No Removal paths to report
Info (332146): Worst-case minimum pulse width slack is -3.000
    Info (332119):     Slack       End Point TNS Clock 
    Info (332119): ========= =================== =====================
    Info (332119):    -3.000             -64.680 clk 
    Info (332119):    -3.000             -51.830 mode 
Info: Analyzing Slow 1200mV 0C Model
Info (334003): Started post-fitting delay annotation
Info (334004): Delay annotation completed successfully
Info (332097): The following timing edges are non-unate.  The Timing Analyzer will assume pos-unate behavior for these edges in the clock network.
    Info (332098): Cell: cnt_12m_t|clk_sel  from: datac  to: combout
    Info (332098): Cell: cnt_24h_t|clk_sel  from: dataa  to: combout
    Info (332098): Cell: cnt_60p_t|clk_sel  from: datac  to: combout
    Info (332098): Cell: cnt_60s_t|clk_sel  from: datab  to: combout
    Info (332098): Cell: cnt_year_t|clk_sel  from: datac  to: combout
    Info (332098): Cell: day_top_t|cnt_day1|clk_sel  from: datac  to: combout
Info (332123): Deriving Clock Uncertainty. Please refer to report_sdc in the Timing Analyzer to see clock uncertainties.
Critical Warning (332148): Timing requirements not met
    Info (11105): For recommendations on closing timing, run Report Timing Closure Recommendations in the Timing Analyzer.
Info (332146): Worst-case setup slack is -4.267
    Info (332119):     Slack       End Point TNS Clock 
    Info (332119): ========= =================== =====================
    Info (332119):    -4.267             -95.819 mode 
    Info (332119):    -2.481             -75.756 clk 
Info (332146): Worst-case hold slack is -0.622
    Info (332119):     Slack       End Point TNS Clock 
    Info (332119): ========= =================== =====================
    Info (332119):    -0.622              -3.110 mode 
    Info (332119):     0.147               0.000 clk 
Info (332140): No Recovery paths to report
Info (332140): No Removal paths to report
Info (332146): Worst-case minimum pulse width slack is -3.000
    Info (332119):     Slack       End Point TNS Clock 
    Info (332119): ========= =================== =====================
    Info (332119):    -3.000             -64.680 clk 
    Info (332119):    -3.000             -51.830 mode 
Info: Analyzing Fast 1200mV 0C Model
Info (332097): The following timing edges are non-unate.  The Timing Analyzer will assume pos-unate behavior for these edges in the clock network.
    Info (332098): Cell: cnt_12m_t|clk_sel  from: datac  to: combout
    Info (332098): Cell: cnt_24h_t|clk_sel  from: dataa  to: combout
    Info (332098): Cell: cnt_60p_t|clk_sel  from: datac  to: combout
    Info (332098): Cell: cnt_60s_t|clk_sel  from: datab  to: combout
    Info (332098): Cell: cnt_year_t|clk_sel  from: datac  to: combout
    Info (332098): Cell: day_top_t|cnt_day1|clk_sel  from: datac  to: combout
Info (332123): Deriving Clock Uncertainty. Please refer to report_sdc in the Timing Analyzer to see clock uncertainties.
Critical Warning (332148): Timing requirements not met
    Info (11105): For recommendations on closing timing, run Report Timing Closure Recommendations in the Timing Analyzer.
Info (332146): Worst-case setup slack is -1.864
    Info (332119):     Slack       End Point TNS Clock 
    Info (332119): ========= =================== =====================
    Info (332119):    -1.864             -46.220 mode 
    Info (332119):    -0.898             -20.220 clk 
Info (332146): Worst-case hold slack is -0.210
    Info (332119):     Slack       End Point TNS Clock 
    Info (332119): ========= =================== =====================
    Info (332119):    -0.210              -1.113 mode 
    Info (332119):    -0.078              -0.153 clk 
Info (332140): No Recovery paths to report
Info (332140): No Removal paths to report
Info (332146): Worst-case minimum pulse width slack is -3.000
    Info (332119):     Slack       End Point TNS Clock 
    Info (332119): ========= =================== =====================
    Info (332119):    -3.000             -54.462 mode 
    Info (332119):    -3.000             -53.941 clk 
Info (332102): Design is not fully constrained for setup requirements
Info (332102): Design is not fully constrained for hold requirements
Info: Quartus Prime Timing Analyzer was successful. 0 errors, 5 warnings
    Info: Peak virtual memory: 4980 megabytes
    Info: Processing ended: Sat Aug 16 17:13:34 2025
    Info: Elapsed time: 00:00:02
    Info: Total CPU time (on all processors): 00:00:02


